<?xml version="1.0" encoding="UTF-8"?>
<gpx creator="GlobalMotionEditor" version="1.1" xmlns="http://www.topografix.com/GPX/1/1">
<metadata>
<name>64202(2018)-보정</name>
<desc>Bientus, Inc. - www.ramblr.com - Share your outdoor stories on a map!</desc>
<author>
<name>tjsgnl2002</name>
</author>
<link href="https://www.ramblr.com/web/mymap/trip/444450/1174306"></link>
<time>2018-08-13T02:14:25Z</time>
</metadata>
<trk>
<name>64202(2018)-보정</name>
<trkseg>
<trkpt lat="35.1993896939766" lon="129.0971974216984"><ele>8.973878860473633</ele><time></time></trkpt>
<trkpt lat="35.198951338817416" lon="129.09693992963298"><ele>8.260868072509766</ele><time></time></trkpt>
<trkpt lat="35.198916270302476" lon="129.0968916498707"><ele>8.173593521118164</ele><time></time></trkpt>
<trkpt lat="35.19892942099734" lon="129.09684337010845"><ele>8.272820472717285</ele><time></time></trkpt>
<trkpt lat="35.19899955800072" lon="129.09680581918224"><ele>8.439960479736328</ele><time></time></trkpt>
<trkpt lat="35.200880083822035" lon="129.09628547063335"><ele>16.79287719726562</ele><time></time></trkpt>
<trkpt lat="35.200906384573756" lon="129.09636057248576"><ele>16.94073867797852</ele><time></time></trkpt>
<trkpt lat="35.200945835685346" lon="129.09651614060863"><ele>16.89457893371582</ele><time></time></trkpt>
<trkpt lat="35.20097651987" lon="129.09663415780528"><ele>16.84187698364258</ele><time></time></trkpt>
<trkpt lat="35.20102912130243" lon="129.09678436151012"><ele>16.78920555114746</ele><time></time></trkpt>
<trkpt lat="35.20109048959722" lon="129.09693456521495"><ele>16.75547790527344</ele><time></time></trkpt>
<trkpt lat="35.201165008178556" lon="129.09709549775584"><ele>16.9593677520752</ele><time></time></trkpt>
<trkpt lat="35.2012219929299" lon="129.09720815053447"><ele>17.07587623596191</ele><time></time></trkpt>
<trkpt lat="35.201282432981635" lon="129.09729802213894"><ele>17.33802032470703</ele><time></time></trkpt>
<trkpt lat="35.202465952513585" lon="129.09783446394192"><ele>26.23188400268555</ele><time></time></trkpt>
<trkpt lat="35.202558003309846" lon="129.0977593620895"><ele>28.09815979003906</ele><time></time></trkpt>
<trkpt lat="35.20260183698569" lon="129.09763598047482"><ele>30.33111953735352</ele><time></time></trkpt>
<trkpt lat="35.20268512090462" lon="129.09742140375363"><ele>35.26322555541992</ele><time></time></trkpt>
<trkpt lat="35.20271142107181" lon="129.09733557306515"><ele>36.99970245361328</ele><time></time></trkpt>
<trkpt lat="35.20260183698569" lon="129.0972926577209"><ele>36.35435485839844</ele><time></time></trkpt>
<trkpt lat="35.202554142650236" lon="129.09724085054847"><ele>59.431240104444285</ele><time>2018-08-13T02:29:08Z</time></trkpt>
<trkpt lat="35.20255125311218" lon="129.09722997536755"><ele>59.685034916905046</ele><time>2018-08-13T02:29:17Z</time></trkpt>
<trkpt lat="35.2025512313845" lon="129.09721875421224"><ele>59.84394474641375</ele><time>2018-08-13T02:29:29Z</time></trkpt>
<trkpt lat="35.20254832761477" lon="129.0972078747276"><ele>59.95171016542805</ele><time>2018-08-13T02:29:37Z</time></trkpt>
<trkpt lat="35.202550756775594" lon="129.09717063278777"><ele>60.12646557150316</ele><time>2018-08-13T02:29:41Z</time></trkpt>
<trkpt lat="35.20254259828303" lon="129.09715440486298"><ele>60.13972101409063</ele><time>2018-08-13T02:29:42Z</time></trkpt>
<trkpt lat="35.20253118813832" lon="129.0971439947907"><ele>60.153099170162335</ele><time>2018-08-13T02:29:43Z</time></trkpt>
<trkpt lat="35.2025369553731" lon="129.0971331125188"><ele>61.6258415087963</ele><time>2018-08-13T02:30:14Z</time></trkpt>
<trkpt lat="35.202540483723126" lon="129.09712271357182"><ele>62.02496936905058</ele><time>2018-08-13T02:30:17Z</time></trkpt>
<trkpt lat="35.20253410384534" lon="129.09711328348556"><ele>62.53676213490161</ele><time>2018-08-13T02:30:21Z</time></trkpt>
<trkpt lat="35.202539430410326" lon="129.09710001020858"><ele>62.999624905265996</ele><time>2018-08-13T02:30:25Z</time></trkpt>
<trkpt lat="35.20254803283264" lon="129.09709635484228"><ele>63.441222635569225</ele><time>2018-08-13T02:30:30Z</time></trkpt>
<trkpt lat="35.20255046488698" lon="129.09709302794045"><ele>63.549014771804416</ele><time>2018-08-13T02:30:31Z</time></trkpt>
<trkpt lat="35.20255384501232" lon="129.0970822803256"><ele>63.76711755442358</ele><time>2018-08-13T02:30:33Z</time></trkpt>
<trkpt lat="35.20255729222717" lon="129.09707037196426"><ele>63.87658259111773</ele><time>2018-08-13T02:30:34Z</time></trkpt>
<trkpt lat="35.202560305865184" lon="129.09705663852014"><ele>63.98563601496055</ele><time>2018-08-13T02:30:35Z</time></trkpt>
<trkpt lat="35.20256147739917" lon="129.0970403960548"><ele>64.20339345986521</ele><time>2018-08-13T02:30:37Z</time></trkpt>
<trkpt lat="35.202560986373044" lon="129.0970260638892"><ele>64.52886828853167</ele><time>2018-08-13T02:30:40Z</time></trkpt>
<trkpt lat="35.202562217569444" lon="129.09701481126376"><ele>64.74582296590475</ele><time>2018-08-13T02:30:42Z</time></trkpt>
<trkpt lat="35.20256224671241" lon="129.0969997560719"><ele>64.85404183628869</ele><time>2018-08-13T02:30:43Z</time></trkpt>
<trkpt lat="35.20256652604183" lon="129.0969763459742"><ele>65.07182471522167</ele><time>2018-08-13T02:30:45Z</time></trkpt>
<trkpt lat="35.202569241266055" lon="129.09695888712054"><ele>65.29012181961318</ele><time>2018-08-13T02:30:47Z</time></trkpt>
<trkpt lat="35.2025729986574" lon="129.09694613124498"><ele>65.50710338187692</ele><time>2018-08-13T02:30:49Z</time></trkpt>
<trkpt lat="35.20257837920878" lon="129.09693252791726"><ele>65.72200536803804</ele><time>2018-08-13T02:30:51Z</time></trkpt>
<trkpt lat="35.20258250942408" lon="129.09692207603098"><ele>66.03291720089582</ele><time>2018-08-13T02:30:54Z</time></trkpt>
<trkpt lat="35.20258608590688" lon="129.0969070156101"><ele>66.23317084679391</ele><time>2018-08-13T02:30:56Z</time></trkpt>
<trkpt lat="35.202591920288526" lon="129.0968956486604"><ele>66.43961772025798</ele><time>2018-08-13T02:30:59Z</time></trkpt>
<trkpt lat="35.202598385841746" lon="129.09688520280758"><ele>66.54624050677641</ele><time>2018-08-13T02:31:01Z</time></trkpt>
<trkpt lat="35.20258765091917" lon="129.09688040730907"><ele>67.03756711096337</ele><time>2018-08-13T02:31:07Z</time></trkpt>
<trkpt lat="35.20259032808533" lon="129.09686802291583"><ele>67.33300253325517</ele><time>2018-08-13T02:31:12Z</time></trkpt>
<trkpt lat="35.202593860824805" lon="129.0968530706474"><ele>67.42277989497494</ele><time>2018-08-13T02:31:13Z</time></trkpt>
<trkpt lat="35.20259660955177" lon="129.09683281691355"><ele>67.60048857194026</ele><time>2018-08-13T02:31:15Z</time></trkpt>
<trkpt lat="35.20259624346552" lon="129.0968199519574"><ele>67.86130710521003</ele><time>2018-08-13T02:31:18Z</time></trkpt>
<trkpt lat="35.202595229400224" lon="129.09680748921892"><ele>67.97426292446893</ele><time>2018-08-13T02:31:22Z</time></trkpt>
<trkpt lat="35.20260421087863" lon="129.09678772034283"><ele>68.18215111964463</ele><time>2018-08-13T02:31:27Z</time></trkpt>
<trkpt lat="35.20260486962146" lon="129.09677431289367"><ele>68.27278166556215</ele><time>2018-08-13T02:31:28Z</time></trkpt>
<trkpt lat="35.20260058947181" lon="129.09676283870158"><ele>68.3645771874368</ele><time>2018-08-13T02:31:29Z</time></trkpt>
<trkpt lat="35.20259933915481" lon="129.09674341259358"><ele>68.4570498797963</ele><time>2018-08-13T02:31:30Z</time></trkpt>
<trkpt lat="35.20259798601484" lon="129.09673066727692"><ele>68.55004636910763</ele><time>2018-08-13T02:31:31Z</time></trkpt>
<trkpt lat="35.20259684193644" lon="129.09671532966456"><ele>68.64314921709871</ele><time>2018-08-13T02:31:32Z</time></trkpt>
<trkpt lat="35.202595501686744" lon="129.09669755212542"><ele>68.83836366988398</ele><time>2018-08-13T02:31:35Z</time></trkpt>
<trkpt lat="35.20259489106695" lon="129.09668490896024"><ele>69.02503339839886</ele><time>2018-08-13T02:31:37Z</time></trkpt>
<trkpt lat="35.20259265028037" lon="129.0966680602371"><ele>69.13820362848537</ele><time>2018-08-13T02:31:40Z</time></trkpt>
<trkpt lat="35.202590704612575" lon="129.09665371166477"><ele>69.34032779366339</ele><time>2018-08-13T02:31:43Z</time></trkpt>
<trkpt lat="35.20259019808154" lon="129.0966414933423"><ele>69.44594990648856</ele><time>2018-08-13T02:31:45Z</time></trkpt>
<trkpt lat="35.20259036680223" lon="129.09662753006796"><ele>69.65177833040987</ele><time>2018-08-13T02:31:48Z</time></trkpt>
<trkpt lat="35.20259551908019" lon="129.09661473243193"><ele>69.8769942678288</ele><time>2018-08-13T02:31:52Z</time></trkpt>
<trkpt lat="35.202598916672514" lon="129.0966040249309"><ele>69.99911397040616</ele><time>2018-08-13T02:31:55Z</time></trkpt>
<trkpt lat="35.20260887413065" lon="129.09658639118788"><ele>70.41016124794446</ele><time>2018-08-13T02:31:59Z</time></trkpt>
<trkpt lat="35.20261950329004" lon="129.09657374846904"><ele>70.610706329797</ele><time>2018-08-13T02:32:01Z</time></trkpt>
<trkpt lat="35.202624252173806" lon="129.09656225286244"><ele>70.90733591016831</ele><time>2018-08-13T02:32:04Z</time></trkpt>
<trkpt lat="35.20263085207579" lon="129.09655209054017"><ele>71.1098641519935</ele><time>2018-08-13T02:32:07Z</time></trkpt>
<trkpt lat="35.20264047552883" lon="129.0965396848635"><ele>71.29716549702653</ele><time>2018-08-13T02:32:09Z</time></trkpt>
<trkpt lat="35.20264752205622" lon="129.09653267909334"><ele>71.32517703768924</ele><time>2018-08-13T02:32:12Z</time></trkpt>
<trkpt lat="35.202655882337055" lon="129.09652645647736"><ele>71.43181931442753</ele><time>2018-08-13T02:32:14Z</time></trkpt>
<trkpt lat="35.20266676190261" lon="129.09651770225628"><ele>71.63490034668605</ele><time>2018-08-13T02:32:17Z</time></trkpt>
<trkpt lat="35.20268451751114" lon="129.0965146190979"><ele>71.72880721480882</ele><time>2018-08-13T02:32:18Z</time></trkpt>
<trkpt lat="35.20270552403913" lon="129.0965152957865"><ele>71.91499258230584</ele><time>2018-08-13T02:32:20Z</time></trkpt>
<trkpt lat="35.20271368459022" lon="129.0965018512078"><ele>72.47466156987971</ele><time>2018-08-13T02:32:26Z</time></trkpt>
<trkpt lat="35.202719856019236" lon="129.09648630693084"><ele>72.56896621231434</ele><time>2018-08-13T02:32:27Z</time></trkpt>
<trkpt lat="35.2027262265386" lon="129.09647356183177"><ele>72.85264766472457</ele><time>2018-08-13T02:32:30Z</time></trkpt>
<trkpt lat="35.20272757134015" lon="129.09646964991384"><ele>72.94763729282239</ele><time>2018-08-13T02:32:31Z</time></trkpt>
<trkpt lat="35.20273190035825" lon="129.09645597058477"><ele>73.23107970727243</ele><time>2018-08-13T02:32:34Z</time></trkpt>
<trkpt lat="35.202742467853746" lon="129.09643985045932"><ele>73.43398304757265</ele><time>2018-08-13T02:32:37Z</time></trkpt>
<trkpt lat="35.202753749195494" lon="129.09642412638402"><ele>73.53085326604497</ele><time>2018-08-13T02:32:38Z</time></trkpt>
<trkpt lat="35.20276114078658" lon="129.09641489059163"><ele>73.62845364895405</ele><time>2018-08-13T02:32:39Z</time></trkpt>
<trkpt lat="35.202772241482684" lon="129.09639710546287"><ele>73.82199187514973</ele><time>2018-08-13T02:32:41Z</time></trkpt>
<trkpt lat="35.202778728115454" lon="129.09638595463275"><ele>74.10863610418664</ele><time>2018-08-13T02:32:44Z</time></trkpt>
<trkpt lat="35.20278729570883" lon="129.09637163870389"><ele>74.3905431344457</ele><time>2018-08-13T02:32:47Z</time></trkpt>
<trkpt lat="35.20279781316815" lon="129.09635874503613"><ele>74.57909073003059</ele><time>2018-08-13T02:32:49Z</time></trkpt>
<trkpt lat="35.2028041139606" lon="129.09634476513838"><ele>74.86111083628519</ele><time>2018-08-13T02:32:52Z</time></trkpt>
<trkpt lat="35.20280840919403" lon="129.09633295991148"><ele>75.04825713049</ele><time>2018-08-13T02:32:54Z</time></trkpt>
<trkpt lat="35.20281193491226" lon="129.09632074426827"><ele>75.32730562957089</ele><time>2018-08-13T02:32:57Z</time></trkpt>
<trkpt lat="35.202820219713246" lon="129.09629542250252"><ele>75.60350885993655</ele><time>2018-08-13T02:33:00Z</time></trkpt>
<trkpt lat="35.20282291331406" lon="129.09628116374734"><ele>75.6950513770981</ele><time>2018-08-13T02:33:01Z</time></trkpt>
<trkpt lat="35.202823761481845" lon="129.09626994501036"><ele>75.78586031275763</ele><time>2018-08-13T02:33:02Z</time></trkpt>
<trkpt lat="35.20282393272393" lon="129.09625893048064"><ele>75.96472505162663</ele><time>2018-08-13T02:33:04Z</time></trkpt>
<trkpt lat="35.202829204251636" lon="129.09624529391988"><ele>76.14160685131236</ele><time>2018-08-13T02:33:06Z</time></trkpt>
<trkpt lat="35.2028335971198" lon="129.09623358087606"><ele>76.31505783064574</ele><time>2018-08-13T02:33:08Z</time></trkpt>
<trkpt lat="35.2028409083957" lon="129.0962198459265"><ele>76.39966075863954</ele><time>2018-08-13T02:33:09Z</time></trkpt>
<trkpt lat="35.20285052255916" lon="129.09620893683757"><ele>76.48339344445321</ele><time>2018-08-13T02:33:10Z</time></trkpt>
<trkpt lat="35.20285872500995" lon="129.09620089427654"><ele>76.5661202806119</ele><time>2018-08-13T02:33:11Z</time></trkpt>
<trkpt lat="35.20285973380678" lon="129.09618860235094"><ele>76.81041348082633</ele><time>2018-08-13T02:33:14Z</time></trkpt>
<trkpt lat="35.202864716772616" lon="129.0961742667539"><ele>77.04805811169821</ele><time>2018-08-13T02:33:17Z</time></trkpt>
<trkpt lat="35.20286994401674" lon="129.09616432026417"><ele>77.2027815206832</ele><time>2018-08-13T02:33:19Z</time></trkpt>
<trkpt lat="35.20287471755128" lon="129.09615369558026"><ele>77.43157706512038</ele><time>2018-08-13T02:33:22Z</time></trkpt>
<trkpt lat="35.20288230992302" lon="129.09613206854056"><ele>77.58328565716967</ele><time>2018-08-13T02:33:24Z</time></trkpt>
<trkpt lat="35.20288738170947" lon="129.09611661807844"><ele>77.65880864900467</ele><time>2018-08-13T02:33:25Z</time></trkpt>
<trkpt lat="35.20289104385961" lon="129.09610613688233"><ele>77.7343138560065</ele><time>2018-08-13T02:33:26Z</time></trkpt>
<trkpt lat="35.2028982891897" lon="129.09608532104107"><ele>77.88522403130413</ele><time>2018-08-13T02:33:28Z</time></trkpt>
<trkpt lat="35.20290838357272" lon="129.09606488456848"><ele>78.03594654458249</ele><time>2018-08-13T02:33:30Z</time></trkpt>
<trkpt lat="35.202910943650366" lon="129.09605373521208"><ele>78.11122942654002</ele><time>2018-08-13T02:33:31Z</time></trkpt>
<trkpt lat="35.20291639794262" lon="129.09603769814112"><ele>78.26157062141444</ele><time>2018-08-13T02:33:33Z</time></trkpt>
<trkpt lat="35.202918790675525" lon="129.09602448202213"><ele>78.41027123010934</ele><time>2018-08-13T02:33:35Z</time></trkpt>
<trkpt lat="35.202922860452496" lon="129.09600902590444"><ele>78.5578959181641</ele><time>2018-08-13T02:33:37Z</time></trkpt>
<trkpt lat="35.202931142748284" lon="129.09599697536692"><ele>78.704981865626</ele><time>2018-08-13T02:33:39Z</time></trkpt>
<trkpt lat="35.20293281499173" lon="129.0959848202458"><ele>78.92581408286902</ele><time>2018-08-13T02:33:42Z</time></trkpt>
<trkpt lat="35.20293824187842" lon="129.09597189851036"><ele>79.14645643781544</ele><time>2018-08-13T02:33:45Z</time></trkpt>
<trkpt lat="35.20294328376768" lon="129.09595405588016"><ele>79.36349055778389</ele><time>2018-08-13T02:33:48Z</time></trkpt>
<trkpt lat="35.20294354572422" lon="129.0959380662954"><ele>79.5074110657313</ele><time>2018-08-13T02:33:50Z</time></trkpt>
<trkpt lat="35.202941292483246" lon="129.0959210473518"><ele>79.65126248061559</ele><time>2018-08-13T02:33:52Z</time></trkpt>
<trkpt lat="35.20294234263604" lon="129.09590586159072"><ele>79.86392644712986</ele><time>2018-08-13T02:33:55Z</time></trkpt>
<trkpt lat="35.20294404500525" lon="129.09589222062868"><ele>79.94076740500097</ele><time>2018-08-13T02:33:57Z</time></trkpt>
<trkpt lat="35.20294550003853" lon="129.09587408632615"><ele>80.16879021580922</ele><time>2018-08-13T02:34:02Z</time></trkpt>
<trkpt lat="35.20294800761451" lon="129.0958632576917"><ele>80.31013996643034</ele><time>2018-08-13T02:34:04Z</time></trkpt>
<trkpt lat="35.20295172609827" lon="129.09584797452885"><ele>80.44998815081489</ele><time>2018-08-13T02:34:06Z</time></trkpt>
<trkpt lat="35.20295408822187" lon="129.09583716914358"><ele>80.51973563643163</ele><time>2018-08-13T02:34:07Z</time></trkpt>
<trkpt lat="35.20295725001049" lon="129.0958234193041"><ele>80.6599692730441</ele><time>2018-08-13T02:34:09Z</time></trkpt>
<trkpt lat="35.20295017772591" lon="129.09581273748984"><ele>80.94544701416395</ele><time>2018-08-13T02:34:13Z</time></trkpt>
<trkpt lat="35.20294692421816" lon="129.09579472752057"><ele>81.02511218362103</ele><time>2018-08-13T02:34:15Z</time></trkpt>
<trkpt lat="35.20295027969135" lon="129.09580556527158"><ele>81.09997232645436</ele><time>2018-08-13T02:34:16Z</time></trkpt>
<trkpt lat="35.202945816874426" lon="129.09579300141513"><ele>81.20666855227341</ele><time>2018-08-13T02:34:21Z</time></trkpt>
<trkpt lat="35.202946733705794" lon="129.09578092310358"><ele>81.33352132309605</ele><time>2018-08-13T02:34:28Z</time></trkpt>
<trkpt lat="35.20294199843562" lon="129.09577097419503"><ele>81.38578332282569</ele><time>2018-08-13T02:34:34Z</time></trkpt>
<trkpt lat="35.202934177923126" lon="129.0957636758743"><ele>81.46062881576057</ele><time>2018-08-13T02:34:42Z</time></trkpt>
<trkpt lat="35.202926630221896" lon="129.09575656433174"><ele>81.53119208024738</ele><time>2018-08-13T02:34:49Z</time></trkpt>
<trkpt lat="35.20291945651498" lon="129.09574938891205"><ele>81.62415654747339</ele><time>2018-08-13T02:34:58Z</time></trkpt>
<trkpt lat="35.202914774327695" lon="129.09573936391007"><ele>81.93433377401912</ele><time>2018-08-13T02:35:18Z</time></trkpt>
<trkpt lat="35.202919810007586" lon="129.09573015154342"><ele>82.16209000250139</ele><time>2018-08-13T02:35:39Z</time></trkpt>
<trkpt lat="35.202922728326364" lon="129.09571942636626"><ele>82.50480980522998</ele><time>2018-08-13T02:35:53Z</time></trkpt>
<trkpt lat="35.20292545950588" lon="129.09570816507835"><ele>82.85587843448056</ele><time>2018-08-13T02:36:08Z</time></trkpt>
<trkpt lat="35.20292677362824" lon="129.09571231428333"><ele>83.55755711941526</ele><time>2018-08-13T02:36:31Z</time></trkpt>
<trkpt lat="35.2029310533166" lon="129.0957007219838"><ele>84.54203352128087</ele><time>2018-08-13T02:36:44Z</time></trkpt>
<trkpt lat="35.202938239058824" lon="129.0956928934703"><ele>84.7716415598727</ele><time>2018-08-13T02:36:47Z</time></trkpt>
<trkpt lat="35.20293693994569" lon="129.0956772804701"><ele>84.99650050738703</ele><time>2018-08-13T02:36:51Z</time></trkpt>
<trkpt lat="35.20293621114491" lon="129.0956640880363"><ele>85.13465030872854</ele><time>2018-08-13T02:36:53Z</time></trkpt>
<trkpt lat="35.202932883583514" lon="129.09565306648983"><ele>85.2681078547396</ele><time>2018-08-13T02:36:55Z</time></trkpt>
<trkpt lat="35.20293464372471" lon="129.09564027042234"><ele>85.3969532917326</ele><time>2018-08-13T02:36:57Z</time></trkpt>
<trkpt lat="35.20294347902033" lon="129.09562464513488"><ele>85.64685047620145</ele><time>2018-08-13T02:37:02Z</time></trkpt>
<trkpt lat="35.20295029692356" lon="129.09561668299625"><ele>85.7527704608541</ele><time>2018-08-13T02:37:11Z</time></trkpt>
<trkpt lat="35.202951839467545" lon="129.09560474495402"><ele>85.86844874494155</ele><time>2018-08-13T02:37:13Z</time></trkpt>
<trkpt lat="35.20295628379149" lon="129.09559495913754"><ele>85.9251659560174</ele><time>2018-08-13T02:37:14Z</time></trkpt>
<trkpt lat="35.202961729542075" lon="129.09558381347892"><ele>86.0893206953773</ele><time>2018-08-13T02:37:17Z</time></trkpt>
<trkpt lat="35.202974150039964" lon="129.0955668746892"><ele>86.14742514246622</ele><time>2018-08-13T02:37:19Z</time></trkpt>
<trkpt lat="35.20298450973265" lon="129.09556010529718"><ele>86.19913670401249</ele><time>2018-08-13T02:37:20Z</time></trkpt>
<trkpt lat="35.202996758039546" lon="129.09554826740566"><ele>86.24981260990806</ele><time>2018-08-13T02:37:21Z</time></trkpt>
<trkpt lat="35.203015113253706" lon="129.09553306797147"><ele>86.30448961757641</ele><time>2018-08-13T02:37:23Z</time></trkpt>
<trkpt lat="35.20302497010247" lon="129.0955235814498"><ele>86.35363850008122</ele><time>2018-08-13T02:37:24Z</time></trkpt>
<trkpt lat="35.203033259325856" lon="129.09551660544707"><ele>86.40206575900237</ele><time>2018-08-13T02:37:25Z</time></trkpt>
<trkpt lat="35.203049253225366" lon="129.09550649662503"><ele>86.44976297349356</ele><time>2018-08-13T02:37:26Z</time></trkpt>
<trkpt lat="35.203062818828535" lon="129.09549900658737"><ele>86.49685476638746</ele><time>2018-08-13T02:37:27Z</time></trkpt>
<trkpt lat="35.203073071831376" lon="129.0954813494502"><ele>86.54332018667927</ele><time>2018-08-13T02:37:28Z</time></trkpt>
<trkpt lat="35.20308152012593" lon="129.09546853010625"><ele>86.54790307084963</ele><time>2018-08-13T02:37:29Z</time></trkpt>
<trkpt lat="35.20308946661181" lon="129.0954605256187"><ele>86.59392563575649</ele><time>2018-08-13T02:37:30Z</time></trkpt>
<trkpt lat="35.20310147468391" lon="129.0954523694345"><ele>86.63918034822184</ele><time>2018-08-13T02:37:31Z</time></trkpt>
<trkpt lat="35.20311486738132" lon="129.09543882325033"><ele>86.72781402680714</ele><time>2018-08-13T02:37:33Z</time></trkpt>
<trkpt lat="35.203123458076334" lon="129.09543000010444"><ele>86.77104587595316</ele><time>2018-08-13T02:37:34Z</time></trkpt>
<trkpt lat="35.20313151210438" lon="129.09542115308898"><ele>86.81377974128073</ele><time>2018-08-13T02:37:35Z</time></trkpt>
<trkpt lat="35.20313857735295" lon="129.09540855766454"><ele>86.85600962962818</ele><time>2018-08-13T02:37:36Z</time></trkpt>
<trkpt lat="35.20315209552097" lon="129.0953933200792"><ele>86.89752447694457</ele><time>2018-08-13T02:37:37Z</time></trkpt>
<trkpt lat="35.20316354264468" lon="129.09538178151217"><ele>86.938424000926</ele><time>2018-08-13T02:37:38Z</time></trkpt>
<trkpt lat="35.20317916159155" lon="129.09536874031494"><ele>86.97868815877911</ele><time>2018-08-13T02:37:39Z</time></trkpt>
<trkpt lat="35.20318906222122" lon="129.09536314722197"><ele>87.01831755459878</ele><time>2018-08-13T02:37:40Z</time></trkpt>
<trkpt lat="35.20320323324917" lon="129.09534703789495"><ele>87.09651075537342</ele><time>2018-08-13T02:37:42Z</time></trkpt>
<trkpt lat="35.20320816381611" lon="129.09532797158045"><ele>87.13479528854677</ele><time>2018-08-13T02:37:43Z</time></trkpt>
<trkpt lat="35.20322080860702" lon="129.0953184683358"><ele>87.20975025821406</ele><time>2018-08-13T02:37:45Z</time></trkpt>
<trkpt lat="35.20323245477024" lon="129.0953064876188"><ele>87.24612951554734</ele><time>2018-08-13T02:37:46Z</time></trkpt>
<trkpt lat="35.20324648132548" lon="129.09529624462198"><ele>87.28164351178712</ele><time>2018-08-13T02:37:47Z</time></trkpt>
<trkpt lat="35.203260828649995" lon="129.0952998603011"><ele>87.38460480028353</ele><time>2018-08-13T02:37:50Z</time></trkpt>
<trkpt lat="35.20327456414459" lon="129.0953010601936"><ele>87.48618053683067</ele><time>2018-08-13T02:37:54Z</time></trkpt>
<trkpt lat="35.20328603475005" lon="129.09529581958998"><ele>87.5498971799885</ele><time>2018-08-13T02:37:56Z</time></trkpt>
<trkpt lat="35.2032931377666" lon="129.09527786167337"><ele>87.61244504312627</ele><time>2018-08-13T02:37:58Z</time></trkpt>
<trkpt lat="35.203302561837454" lon="129.09526485053527"><ele>87.67401412820999</ele><time>2018-08-13T02:38:00Z</time></trkpt>
<trkpt lat="35.20330988446643" lon="129.09525844151312"><ele>87.70436504245905</ele><time>2018-08-13T02:38:01Z</time></trkpt>
<trkpt lat="35.20331362775558" lon="129.09524694171625"><ele>87.73437342319363</ele><time>2018-08-13T02:38:02Z</time></trkpt>
<trkpt lat="35.20332259909112" lon="129.09523553119618"><ele>87.79417757754229</ele><time>2018-08-13T02:38:04Z</time></trkpt>
<trkpt lat="35.20333114060605" lon="129.095222107494"><ele>87.85580411354344</ele><time>2018-08-13T02:38:06Z</time></trkpt>
<trkpt lat="35.20333699694485" lon="129.0952097566102"><ele>87.91766318985913</ele><time>2018-08-13T02:38:08Z</time></trkpt>
<trkpt lat="35.20334703400741" lon="129.0951945746839"><ele>87.97973277775189</ele><time>2018-08-13T02:38:10Z</time></trkpt>
<trkpt lat="35.203355171394364" lon="129.09518359990625"><ele>88.04183554468796</ele><time>2018-08-13T02:38:12Z</time></trkpt>
<trkpt lat="35.203365011558496" lon="129.0951700846465"><ele>88.10359936453965</ele><time>2018-08-13T02:38:14Z</time></trkpt>
<trkpt lat="35.203366609180705" lon="129.09515839440633"><ele>88.16999289581075</ele><time>2018-08-13T02:38:17Z</time></trkpt>
<trkpt lat="35.203376497965465" lon="129.095151304507"><ele>88.27306038075533</ele><time>2018-08-13T02:38:22Z</time></trkpt>
<trkpt lat="35.20338446068578" lon="129.09514498952876"><ele>88.37090186165698</ele><time>2018-08-13T02:38:25Z</time></trkpt>
<trkpt lat="35.20339425941115" lon="129.09513776438666"><ele>88.46767594966857</ele><time>2018-08-13T02:38:28Z</time></trkpt>
<trkpt lat="35.20340460941717" lon="129.09513307392422"><ele>88.53196447423842</ele><time>2018-08-13T02:38:30Z</time></trkpt>
<trkpt lat="35.203410011331606" lon="129.09512221767022"><ele>88.59056014569843</ele><time>2018-08-13T02:38:38Z</time></trkpt>
<trkpt lat="35.20342195482141" lon="129.09511398334428"><ele>88.59756517794757</ele><time>2018-08-13T02:38:40Z</time></trkpt>
<trkpt lat="35.203429712496074" lon="129.0951049932563"><ele>88.63180894333514</ele><time>2018-08-13T02:38:49Z</time></trkpt>
<trkpt lat="35.20342769960934" lon="129.09512107755177"><ele>88.6819841014237</ele><time>2018-08-13T02:38:52Z</time></trkpt>
<trkpt lat="35.20343819926654" lon="129.09512210226364"><ele>88.74295348585251</ele><time>2018-08-13T02:39:05Z</time></trkpt>
<trkpt lat="35.2034493438872" lon="129.0951219919807"><ele>88.94653256584483</ele><time>2018-08-13T02:39:13Z</time></trkpt>
<trkpt lat="35.203458693355856" lon="129.09512322907074"><ele>88.96987567419806</ele><time>2018-08-13T02:39:17Z</time></trkpt>
<trkpt lat="35.20346903487676" lon="129.09512496339516"><ele>89.16798647845665</ele><time>2018-08-13T02:39:22Z</time></trkpt>
<trkpt lat="35.20348371871038" lon="129.0951313989035"><ele>89.37012169045256</ele><time>2018-08-13T02:39:26Z</time></trkpt>
<trkpt lat="35.20350194114478" lon="129.095144705949"><ele>89.43656178599726</ele><time>2018-08-13T02:39:27Z</time></trkpt>
<trkpt lat="35.20352222009424" lon="129.09514382208306"><ele>89.50467970989634</ele><time>2018-08-13T02:39:28Z</time></trkpt>
<trkpt lat="35.20353021446125" lon="129.09515049987112"><ele>89.57390629372068</ele><time>2018-08-13T02:39:29Z</time></trkpt>
<trkpt lat="35.20355887192964" lon="129.09516195380036"><ele>89.73701843030764</ele><time>2018-08-13T02:39:33Z</time></trkpt>
<trkpt lat="35.20356956636193" lon="129.0951689335343"><ele>89.81073617985102</ele><time>2018-08-13T02:39:34Z</time></trkpt>
<trkpt lat="35.20357891920371" lon="129.09517389394682"><ele>89.95640532899932</ele><time>2018-08-13T02:39:36Z</time></trkpt>
<trkpt lat="35.2035886581944" lon="129.09517446221673"><ele>90.23668814070815</ele><time>2018-08-13T02:39:40Z</time></trkpt>
<trkpt lat="35.20360062945753" lon="129.09517578320197"><ele>90.50332492896769</ele><time>2018-08-13T02:39:44Z</time></trkpt>
<trkpt lat="35.203610687917276" lon="129.09518000377"><ele>90.5758533482694</ele><time>2018-08-13T02:39:46Z</time></trkpt>
<trkpt lat="35.20362110359761" lon="129.09517408290708"><ele>90.58275212387855</ele><time>2018-08-13T02:39:47Z</time></trkpt>
<trkpt lat="35.20363675101144" lon="129.09516132740214"><ele>90.72387268193104</ele><time>2018-08-13T02:39:49Z</time></trkpt>
<trkpt lat="35.203644985913435" lon="129.09515632242812"><ele>90.86339747318667</ele><time>2018-08-13T02:39:51Z</time></trkpt>
<trkpt lat="35.20365326985688" lon="129.09514915884506"><ele>90.89104674466765</ele><time>2018-08-13T02:39:55Z</time></trkpt>
<trkpt lat="35.20366390966427" lon="129.0951433265127"><ele>91.10946796525973</ele><time>2018-08-13T02:39:59Z</time></trkpt>
<trkpt lat="35.203674194285156" lon="129.09513965510757"><ele>91.1875019029119</ele><time>2018-08-13T02:40:01Z</time></trkpt>
<trkpt lat="35.20368595852666" lon="129.0951371911342"><ele>91.40841155859381</ele><time>2018-08-13T02:40:05Z</time></trkpt>
<trkpt lat="35.2036979039473" lon="129.09513528248795"><ele>91.61793420994141</ele><time>2018-08-13T02:40:08Z</time></trkpt>
<trkpt lat="35.203708473139585" lon="129.09513378403608"><ele>91.76514242653668</ele><time>2018-08-13T02:40:11Z</time></trkpt>
<trkpt lat="35.203719726603126" lon="129.09513035779412"><ele>91.9714219844562</ele><time>2018-08-13T02:40:14Z</time></trkpt>
<trkpt lat="35.203729589446645" lon="129.09513182290698"><ele>92.0456059110357</ele><time>2018-08-13T02:40:16Z</time></trkpt>
<trkpt lat="35.203738593952224" lon="129.09513678578776"><ele>92.25398558602218</ele><time>2018-08-13T02:40:19Z</time></trkpt>
<trkpt lat="35.20374967986718" lon="129.09513871686568"><ele>92.4030111796331</ele><time>2018-08-13T02:40:22Z</time></trkpt>
<trkpt lat="35.20375915859758" lon="129.09513720312805"><ele>92.48248238765626</ele><time>2018-08-13T02:40:24Z</time></trkpt>
<trkpt lat="35.20376367093325" lon="129.09513748000052"><ele>92.67042089023937</ele><time>2018-08-13T02:40:31Z</time></trkpt>
<trkpt lat="35.203774247371044" lon="129.0950833197702"><ele>92.76134706778525</ele><time>2018-08-13T02:40:34Z</time></trkpt>
<trkpt lat="35.20378245008917" lon="129.09505616195736"><ele>92.90847385073303</ele><time>2018-08-13T02:40:36Z</time></trkpt>
<trkpt lat="35.203801148234696" lon="129.09506761961325"><ele>92.98034382092288</ele><time>2018-08-13T02:40:37Z</time></trkpt>
<trkpt lat="35.20380953745568" lon="129.0950591950225"><ele>93.05114594954851</ele><time>2018-08-13T02:40:38Z</time></trkpt>
<trkpt lat="35.20380547724623" lon="129.09504932566938"><ele>93.29439049313942</ele><time>2018-08-13T02:40:54Z</time></trkpt>
<trkpt lat="35.2038152123959" lon="129.09505136950918"><ele>93.48994668282278</ele><time>2018-08-13T02:41:01Z</time></trkpt>
<trkpt lat="35.20382587901852" lon="129.09505190422067"><ele>93.56594373999526</ele><time>2018-08-13T02:41:02Z</time></trkpt>
<trkpt lat="35.2038402404908" lon="129.0950498202601"><ele>93.8592843040238</ele><time>2018-08-13T02:41:06Z</time></trkpt>
<trkpt lat="35.20385395880271" lon="129.0950600644229"><ele>93.99965029411369</ele><time>2018-08-13T02:41:08Z</time></trkpt>
<trkpt lat="35.20386743305846" lon="129.09506491216212"><ele>94.1374941858387</ele><time>2018-08-13T02:41:10Z</time></trkpt>
<trkpt lat="35.20387801697037" lon="129.09506537315565"><ele>94.34008157973885</ele><time>2018-08-13T02:41:13Z</time></trkpt>
<trkpt lat="35.20389292286079" lon="129.09506830358646"><ele>94.47187326747448</ele><time>2018-08-13T02:41:15Z</time></trkpt>
<trkpt lat="35.20389904777415" lon="129.0950831531569"><ele>94.6022409562078</ele><time>2018-08-13T02:41:17Z</time></trkpt>
<trkpt lat="35.20390633425456" lon="129.09509302532365"><ele>94.74033874175238</ele><time>2018-08-13T02:41:27Z</time></trkpt>
<trkpt lat="35.20391529877772" lon="129.09509474998993"><ele>94.82010974172412</ele><time>2018-08-13T02:41:34Z</time></trkpt>
<trkpt lat="35.203928219686695" lon="129.09508863212875"><ele>94.96575579257984</ele><time>2018-08-13T02:41:36Z</time></trkpt>
<trkpt lat="35.203937731908596" lon="129.09508771216179"><ele>94.97895372487025</ele><time>2018-08-13T02:41:37Z</time></trkpt>
<trkpt lat="35.20394499868542" lon="129.09507819917565"><ele>95.26496606437837</ele><time>2018-08-13T02:41:40Z</time></trkpt>
<trkpt lat="35.20394918520429" lon="129.09506775546436"><ele>95.57658960205818</ele><time>2018-08-13T02:41:44Z</time></trkpt>
<trkpt lat="35.20394677737111" lon="129.09505696103633"><ele>95.75254207497554</ele><time>2018-08-13T02:41:47Z</time></trkpt>
<trkpt lat="35.20394704297531" lon="129.0950445388862"><ele>95.79882580577045</ele><time>2018-08-13T02:41:50Z</time></trkpt>
<trkpt lat="35.203951265805436" lon="129.09503200977292"><ele>96.02565294388577</ele><time>2018-08-13T02:41:55Z</time></trkpt>
<trkpt lat="35.20395505736557" lon="129.09501407334733"><ele>96.51362984958527</ele><time>2018-08-13T02:41:58Z</time></trkpt>
<trkpt lat="35.20395919999132" lon="129.0950029918739"><ele>96.69586175431358</ele><time>2018-08-13T02:42:00Z</time></trkpt>
<trkpt lat="35.20396504363616" lon="129.09498834756062"><ele>97.18515778494162</ele><time>2018-08-13T02:42:03Z</time></trkpt>
<trkpt lat="35.20397339509855" lon="129.09496669857094"><ele>97.34754785308026</ele><time>2018-08-13T02:42:04Z</time></trkpt>
<trkpt lat="35.203977018589875" lon="129.0949553883089"><ele>97.66797513124199</ele><time>2018-08-13T02:42:06Z</time></trkpt>
<trkpt lat="35.20397314966973" lon="129.09493901117344"><ele>98.13488242552026</ele><time>2018-08-13T02:42:09Z</time></trkpt>
<trkpt lat="35.203968896715836" lon="129.09492693285233"><ele>98.58741241147592</ele><time>2018-08-13T02:42:12Z</time></trkpt>
<trkpt lat="35.203962187057904" lon="129.09490597134413"><ele>98.88705752083978</ele><time>2018-08-13T02:42:14Z</time></trkpt>
<trkpt lat="35.20395277178875" lon="129.09489989166673"><ele>99.04954510020734</ele><time>2018-08-13T02:42:16Z</time></trkpt>
<trkpt lat="35.2039435489782" lon="129.09489389180965"><ele>99.33919269013651</ele><time>2018-08-13T02:42:18Z</time></trkpt>
<trkpt lat="35.20393830001337" lon="129.09488495980406"><ele>99.6201495772044</ele><time>2018-08-13T02:42:20Z</time></trkpt>
<trkpt lat="35.203928300113006" lon="129.0948766769128"><ele>99.7581965741288</ele><time>2018-08-13T02:42:21Z</time></trkpt>
<trkpt lat="35.203919971452216" lon="129.09485760440236"><ele>100.0302620958543</ele><time>2018-08-13T02:42:23Z</time></trkpt>
<trkpt lat="35.20391166489914" lon="129.0948411538409"><ele>100.17884133809275</ele><time>2018-08-13T02:42:25Z</time></trkpt>
<trkpt lat="35.2039086423189" lon="129.09482879362486"><ele>100.31242650755748</ele><time>2018-08-13T02:42:26Z</time></trkpt>
<trkpt lat="35.203906460094224" lon="129.09481553641763"><ele>100.44470504490221</ele><time>2018-08-13T02:42:27Z</time></trkpt>
<trkpt lat="35.20390059808382" lon="129.09479395235337"><ele>100.70853434055644</ele><time>2018-08-13T02:42:29Z</time></trkpt>
<trkpt lat="35.20389704530027" lon="129.0947814531022"><ele>100.84345179904416</ele><time>2018-08-13T02:42:30Z</time></trkpt>
<trkpt lat="35.203894897649405" lon="129.09476897909633"><ele>101.104946807092</ele><time>2018-08-13T02:42:32Z</time></trkpt>
<trkpt lat="35.20389434079575" lon="129.0947529628378"><ele>101.36036368170555</ele><time>2018-08-13T02:42:34Z</time></trkpt>
<trkpt lat="35.203892763623074" lon="129.0947404509211"><ele>101.60711453935062</ele><time>2018-08-13T02:42:36Z</time></trkpt>
<trkpt lat="35.20388231297645" lon="129.09470500215014"><ele>101.73100404072494</ele><time>2018-08-13T02:42:37Z</time></trkpt>
<trkpt lat="35.203874932666935" lon="129.09467910877402"><ele>101.85507715081815</ele><time>2018-08-13T02:42:38Z</time></trkpt>
<trkpt lat="35.20386574498994" lon="129.09466665207162"><ele>101.97821562213603</ele><time>2018-08-13T02:42:39Z</time></trkpt>
<trkpt lat="35.203868882796904" lon="129.0946451855276"><ele>102.46916052412644</ele><time>2018-08-13T02:42:44Z</time></trkpt>
<trkpt lat="35.20387277955523" lon="129.09463032406336"><ele>102.70341094129915</ele><time>2018-08-13T02:42:46Z</time></trkpt>
<trkpt lat="35.20387525179366" lon="129.09461819273656"><ele>102.71521257269669</ele><time>2018-08-13T02:42:47Z</time></trkpt>
<trkpt lat="35.203876220687384" lon="129.09459709571888"><ele>102.73960167603381</ele><time>2018-08-13T02:42:49Z</time></trkpt>
<trkpt lat="35.20387492923508" lon="129.09458416338907"><ele>102.98928856331517</ele><time>2018-08-13T02:42:51Z</time></trkpt>
<trkpt lat="35.20386889627235" lon="129.0945651546716"><ele>103.23815780713738</ele><time>2018-08-13T02:42:53Z</time></trkpt>
<trkpt lat="35.20386163896323" lon="129.09455056189097"><ele>103.48498041583628</ele><time>2018-08-13T02:42:55Z</time></trkpt>
<trkpt lat="35.20385352764822" lon="129.09453997352023"><ele>103.60948171414704</ele><time>2018-08-13T02:42:56Z</time></trkpt>
<trkpt lat="35.20384848809663" lon="129.09452800217207"><ele>103.86016838697535</ele><time>2018-08-13T02:42:58Z</time></trkpt>
<trkpt lat="35.20383972877635" lon="129.09449115423797"><ele>104.23038910311088</ele><time>2018-08-13T02:43:01Z</time></trkpt>
<trkpt lat="35.20384320761207" lon="129.09447737962842"><ele>104.35371296598197</ele><time>2018-08-13T02:43:02Z</time></trkpt>
<trkpt lat="35.20384592649611" lon="129.09446319488598"><ele>104.59675979879208</ele><time>2018-08-13T02:43:04Z</time></trkpt>
<trkpt lat="35.20385005690499" lon="129.09444653714013"><ele>104.71768481899403</ele><time>2018-08-13T02:43:05Z</time></trkpt>
<trkpt lat="35.20384577981713" lon="129.09442181039583"><ele>104.95898199496436</ele><time>2018-08-13T02:43:07Z</time></trkpt>
<trkpt lat="35.203840752762275" lon="129.09440645480163"><ele>105.07940172563805</ele><time>2018-08-13T02:43:08Z</time></trkpt>
<trkpt lat="35.203826949007855" lon="129.0943892245789"><ele>105.19974879757869</ele><time>2018-08-13T02:43:09Z</time></trkpt>
<trkpt lat="35.20381739084271" lon="129.09438547015122"><ele>105.32043890245374</ele><time>2018-08-13T02:43:10Z</time></trkpt>
<trkpt lat="35.203817512555055" lon="129.09440095824482"><ele>105.55867133937146</ele><time>2018-08-13T02:43:12Z</time></trkpt>
<trkpt lat="35.20381398591816" lon="129.09438973616147"><ele>105.79829214529809</ele><time>2018-08-13T02:43:14Z</time></trkpt>
<trkpt lat="35.20381313851653" lon="129.09437616800562"><ele>106.04165447070902</ele><time>2018-08-13T02:43:16Z</time></trkpt>
<trkpt lat="35.20381080883543" lon="129.0943640124592"><ele>106.18988595398275</ele><time>2018-08-13T02:43:19Z</time></trkpt>
<trkpt lat="35.20381013023389" lon="129.0943483392574"><ele>106.45241199553524</ele><time>2018-08-13T02:43:21Z</time></trkpt>
<trkpt lat="35.20381190259001" lon="129.0943163527968"><ele>106.71169389030482</ele><time>2018-08-13T02:43:23Z</time></trkpt>
<trkpt lat="35.203812691607524" lon="129.09429798315864"><ele>106.97329643370533</ele><time>2018-08-13T02:43:25Z</time></trkpt>
<trkpt lat="35.20381325048123" lon="129.0942869040415"><ele>107.02580879108906</ele><time>2018-08-13T02:43:29Z</time></trkpt>
<trkpt lat="35.203810985049756" lon="129.09427433078383"><ele>107.1985560589839</ele><time>2018-08-13T02:43:33Z</time></trkpt>
<trkpt lat="35.203801499313684" lon="129.09426816753705"><ele>108.63047420832386</ele><time>2018-08-13T02:43:48Z</time></trkpt>
<trkpt lat="35.203792478470845" lon="129.09427101897256"><ele>108.8789526202144</ele><time>2018-08-13T02:43:52Z</time></trkpt>
<trkpt lat="35.20378178373973" lon="129.09428071776858"><ele>109.30568153164886</ele><time>2018-08-13T02:43:56Z</time></trkpt>
<trkpt lat="35.20377359051511" lon="129.09428571407148"><ele>109.60496978108941</ele><time>2018-08-13T02:43:59Z</time></trkpt>
<trkpt lat="35.2037656279429" lon="129.09429626537042"><ele>109.88611443299533</ele><time>2018-08-13T02:44:02Z</time></trkpt>
<trkpt lat="35.20374989984277" lon="129.09431427961135"><ele>110.06397300064796</ele><time>2018-08-13T02:44:04Z</time></trkpt>
<trkpt lat="35.203743765809385" lon="129.09432518201015"><ele>110.15011741347836</ele><time>2018-08-13T02:44:05Z</time></trkpt>
<trkpt lat="35.20371261240746" lon="129.09435797285187"><ele>110.2352585030551</ele><time>2018-08-13T02:44:06Z</time></trkpt>
<trkpt lat="35.203698880771" lon="129.09437970151453"><ele>110.3191207838587</ele><time>2018-08-13T02:44:07Z</time></trkpt>
<trkpt lat="35.203692207249006" lon="129.09442975652883"><ele>110.40165368625337</ele><time>2018-08-13T02:44:08Z</time></trkpt>
<trkpt lat="35.20368800254224" lon="129.09445063770386"><ele>110.48276643408485</ele><time>2018-08-13T02:44:09Z</time></trkpt>
<trkpt lat="35.20368518134809" lon="129.0944613710833"><ele>110.56251243432045</ele><time>2018-08-13T02:44:10Z</time></trkpt>
<trkpt lat="35.20368905585297" lon="129.09447576146317"><ele>110.64073411353476</ele><time>2018-08-13T02:44:11Z</time></trkpt>
<trkpt lat="35.20368305869372" lon="129.09448493319508"><ele>110.79203049164286</ele><time>2018-08-13T02:44:13Z</time></trkpt>
<trkpt lat="35.2036789089465" lon="129.0944987467733"><ele>110.95114049450264</ele><time>2018-08-13T02:44:17Z</time></trkpt>
<trkpt lat="35.20367336119832" lon="129.09451336654172"><ele>111.08967737679058</ele><time>2018-08-13T02:44:19Z</time></trkpt>
<trkpt lat="35.203671158880425" lon="129.09453642242204"><ele>111.22220569423983</ele><time>2018-08-13T02:44:21Z</time></trkpt>
<trkpt lat="35.20369519546352" lon="129.09458272573067"><ele>111.28644186535877</ele><time>2018-08-13T02:44:22Z</time></trkpt>
<trkpt lat="35.20371005954332" lon="129.09460445005936"><ele>111.34960313869595</ele><time>2018-08-13T02:44:23Z</time></trkpt>
<trkpt lat="35.20372602640969" lon="129.09462742127073"><ele>111.41208289565913</ele><time>2018-08-13T02:44:24Z</time></trkpt>
<trkpt lat="35.20374117083555" lon="129.09465617033482"><ele>111.47370848389257</ele><time>2018-08-13T02:44:25Z</time></trkpt>
<trkpt lat="35.20374908986504" lon="129.0946703020951"><ele>111.53477567419446</ele><time>2018-08-13T02:44:26Z</time></trkpt>
<trkpt lat="35.20375392897967" lon="129.0946909066788"><ele>111.65499788759168</ele><time>2018-08-13T02:44:28Z</time></trkpt>
<trkpt lat="35.203756717212244" lon="129.0947037298373"><ele>111.71428808191366</ele><time>2018-08-13T02:44:29Z</time></trkpt>
<trkpt lat="35.20376244659513" lon="129.0947194489711"><ele>111.77247352542646</ele><time>2018-08-13T02:44:30Z</time></trkpt>
<trkpt lat="35.203762260330194" lon="129.09472874092944"><ele>111.82971124742049</ele><time>2018-08-13T02:44:31Z</time></trkpt>
<trkpt lat="35.20376866928258" lon="129.0947435338985"><ele>111.94202503956242</ele><time>2018-08-13T02:44:33Z</time></trkpt>
<trkpt lat="35.2037714434165" lon="129.09475427527036"><ele>112.06141416566848</ele><time>2018-08-13T02:44:36Z</time></trkpt>
<trkpt lat="35.20377962059405" lon="129.09478275446565"><ele>112.17987736595794</ele><time>2018-08-13T02:44:39Z</time></trkpt>
<trkpt lat="35.20379159760565" lon="129.09481141831827"><ele>112.29331308221934</ele><time>2018-08-13T02:44:41Z</time></trkpt>
<trkpt lat="35.203798128362166" lon="129.09482737323606"><ele>112.30482256256384</ele><time>2018-08-13T02:44:43Z</time></trkpt>
<trkpt lat="35.20380348791608" lon="129.09483799531336"><ele>112.37124526770964</ele><time>2018-08-13T02:44:45Z</time></trkpt>
<trkpt lat="35.203812785953744" lon="129.09484899143172"><ele>112.37732289796843</ele><time>2018-08-13T02:44:46Z</time></trkpt>
<trkpt lat="35.203822162344174" lon="129.09485634829798"><ele>112.50043188698281</ele><time>2018-08-13T02:44:48Z</time></trkpt>
<trkpt lat="35.203828160595585" lon="129.09486952478187"><ele>112.57572409390494</ele><time>2018-08-13T02:44:51Z</time></trkpt>
<trkpt lat="35.203835007386076" lon="129.09488629218242"><ele>112.70347030625878</ele><time>2018-08-13T02:44:53Z</time></trkpt>
<trkpt lat="35.20384648918304" lon="129.09488647076068"><ele>112.83077512713676</ele><time>2018-08-13T02:44:55Z</time></trkpt>
<trkpt lat="35.20385213682758" lon="129.09489624243736"><ele>113.03304462468324</ele><time>2018-08-13T02:45:00Z</time></trkpt>
<trkpt lat="35.20385687376537" lon="129.09490671467483"><ele>113.28515328541056</ele><time>2018-08-13T02:45:06Z</time></trkpt>
<trkpt lat="35.203856516296014" lon="129.09492666581627"><ele>113.45397150041974</ele><time>2018-08-13T02:45:09Z</time></trkpt>
<trkpt lat="35.20386444567894" lon="129.09493862455486"><ele>113.50812714396535</ele><time>2018-08-13T02:45:10Z</time></trkpt>
<trkpt lat="35.203901108365244" lon="129.0949848819214"><ele>113.6142647682525</ele><time>2018-08-13T02:45:12Z</time></trkpt>
<trkpt lat="35.203916650263416" lon="129.09499706534928"><ele>113.66627234848717</ele><time>2018-08-13T02:45:13Z</time></trkpt>
<trkpt lat="35.20392891411373" lon="129.09501118217645"><ele>113.7174238166372</ele><time>2018-08-13T02:45:14Z</time></trkpt>
<trkpt lat="35.2039399293985" lon="129.09502407359832"><ele>113.76771214209425</ele><time>2018-08-13T02:45:15Z</time></trkpt>
<trkpt lat="35.20395165349546" lon="129.09503511800972"><ele>113.81707163083955</ele><time>2018-08-13T02:45:16Z</time></trkpt>
<trkpt lat="35.20396301442202" lon="129.09504312331012"><ele>113.8657021587997</ele><time>2018-08-13T02:45:17Z</time></trkpt>
<trkpt lat="35.20397138309369" lon="129.09504843565242"><ele>113.91344862311277</ele><time>2018-08-13T02:45:18Z</time></trkpt>
<trkpt lat="35.20398740104806" lon="129.09505894527547"><ele>113.96083196347246</ele><time>2018-08-13T02:45:19Z</time></trkpt>
<trkpt lat="35.20399818453471" lon="129.09506644447924"><ele>114.00711538365042</ele><time>2018-08-13T02:45:20Z</time></trkpt>
<trkpt lat="35.204006121168426" lon="129.0950840744996"><ele>114.05253819857512</ele><time>2018-08-13T02:45:21Z</time></trkpt>
<trkpt lat="35.20401459315054" lon="129.09510497940505"><ele>114.14089724583798</ele><time>2018-08-13T02:45:23Z</time></trkpt>
<trkpt lat="35.20402719966782" lon="129.09512102182066"><ele>114.22716776282074</ele><time>2018-08-13T02:45:25Z</time></trkpt>
<trkpt lat="35.20403467458845" lon="129.0951372815232"><ele>114.31143224640185</ele><time>2018-08-13T02:45:27Z</time></trkpt>
<trkpt lat="35.20405383128567" lon="129.09515328697626"><ele>114.39225697927989</ele><time>2018-08-13T02:45:29Z</time></trkpt>
<trkpt lat="35.204060951036205" lon="129.09517139339596"><ele>114.43139928979551</ele><time>2018-08-13T02:45:30Z</time></trkpt>
<trkpt lat="35.20407102817552" lon="129.0951844798508"><ele>114.46945114199771</ele><time>2018-08-13T02:45:31Z</time></trkpt>
<trkpt lat="35.20408352317779" lon="129.09519737099959"><ele>114.50694394740297</ele><time>2018-08-13T02:45:32Z</time></trkpt>
<trkpt lat="35.20408708118566" lon="129.09520916978647"><ele>114.51064584383275</ele><time>2018-08-13T02:45:33Z</time></trkpt>
<trkpt lat="35.20408968795248" lon="129.09522167623425"><ele>114.55665763062558</ele><time>2018-08-13T02:45:36Z</time></trkpt>
<trkpt lat="35.2040976764104" lon="129.09523143444505"><ele>114.56438736906814</ele><time>2018-08-13T02:45:38Z</time></trkpt>
<trkpt lat="35.20410290871143" lon="129.0952440813146"><ele>114.58874643474124</ele><time>2018-08-13T02:45:44Z</time></trkpt>
<trkpt lat="35.204109370392636" lon="129.09525522110312"><ele>114.66893932421561</ele><time>2018-08-13T02:45:46Z</time></trkpt>
<trkpt lat="35.20411797760278" lon="129.09526111131902"><ele>114.7476749298796</ele><time>2018-08-13T02:45:48Z</time></trkpt>
<trkpt lat="35.2041274050566" lon="129.09526298272158"><ele>114.83324664547219</ele><time>2018-08-13T02:45:52Z</time></trkpt>
<trkpt lat="35.2041405658849" lon="129.09526827914794"><ele>114.94895092568274</ele><time>2018-08-13T02:45:55Z</time></trkpt>
<trkpt lat="35.20414889119701" lon="129.09527531512595"><ele>115.02609991972027</ele><time>2018-08-13T02:45:57Z</time></trkpt>
<trkpt lat="35.20415769770113" lon="129.09528017407627"><ele>115.14433199208668</ele><time>2018-08-13T02:46:01Z</time></trkpt>
<trkpt lat="35.20416783038217" lon="129.09528915022793"><ele>115.21836148377848</ele><time>2018-08-13T02:46:03Z</time></trkpt>
<trkpt lat="35.20417457266536" lon="129.09529918040425"><ele>115.2945469538909</ele><time>2018-08-13T02:46:06Z</time></trkpt>
<trkpt lat="35.204193983505355" lon="129.0953099233626"><ele>115.32995698723289</ele><time>2018-08-13T02:46:07Z</time></trkpt>
<trkpt lat="35.20420859974562" lon="129.09531543514822"><ele>115.36471717417032</ele><time>2018-08-13T02:46:08Z</time></trkpt>
<trkpt lat="35.20421852947826" lon="129.09531856423678"><ele>115.39894187713631</ele><time>2018-08-13T02:46:09Z</time></trkpt>
<trkpt lat="35.20422919004532" lon="129.09532391852917"><ele>115.46509448039295</ele><time>2018-08-13T02:46:11Z</time></trkpt>
<trkpt lat="35.20423880758181" lon="129.0953253477901"><ele>115.51696459616345</ele><time>2018-08-13T02:46:27Z</time></trkpt>
<trkpt lat="35.2042382167373" lon="129.0953080635287"><ele>115.59001353687793</ele><time>2018-08-13T02:46:32Z</time></trkpt>
<trkpt lat="35.20424363860308" lon="129.09529763467492"><ele>115.62287865692691</ele><time>2018-08-13T02:46:43Z</time></trkpt>
<trkpt lat="35.20425301920724" lon="129.09528897692235"><ele>115.65312853102273</ele><time>2018-08-13T02:46:54Z</time></trkpt>
<trkpt lat="35.20426066561633" lon="129.09526470262847"><ele>115.72147347493564</ele><time>2018-08-13T02:47:02Z</time></trkpt>
<trkpt lat="35.20426918435285" lon="129.09526831542678"><ele>115.8013916564194</ele><time>2018-08-13T02:47:08Z</time></trkpt>
<trkpt lat="35.20428530116315" lon="129.09525806255033"><ele>115.97897180975151</ele><time>2018-08-13T02:47:21Z</time></trkpt>
<trkpt lat="35.20429249489523" lon="129.0952654861527"><ele>116.00238636312464</ele><time>2018-08-13T02:47:22Z</time></trkpt>
<trkpt lat="35.20430107996459" lon="129.09527784658349"><ele>116.04721349991466</ele><time>2018-08-13T02:47:24Z</time></trkpt>
<trkpt lat="35.20431995187503" lon="129.09527501925527"><ele>116.06999995844242</ele><time>2018-08-13T02:47:25Z</time></trkpt>
<trkpt lat="35.20434055517173" lon="129.09527812550164"><ele>116.0934521710459</ele><time>2018-08-13T02:47:26Z</time></trkpt>
<trkpt lat="35.20434918235284" lon="129.0952854325692"><ele>116.11673725270887</ele><time>2018-08-13T02:47:27Z</time></trkpt>
<trkpt lat="35.20436744075629" lon="129.09529306201955"><ele>116.14027071285342</ele><time>2018-08-13T02:47:28Z</time></trkpt>
<trkpt lat="35.2043838144731" lon="129.09530087650512"><ele>116.16399180205272</ele><time>2018-08-13T02:47:29Z</time></trkpt>
<trkpt lat="35.20439727839734" lon="129.09530781717206"><ele>116.18784133656445</ele><time>2018-08-13T02:47:30Z</time></trkpt>
<trkpt lat="35.204406539838914" lon="129.09531341455136"><ele>116.21177588982906</ele><time>2018-08-13T02:47:31Z</time></trkpt>
<trkpt lat="35.20441441610602" lon="129.0953196517131"><ele>116.23573463629434</ele><time>2018-08-13T02:47:32Z</time></trkpt>
<trkpt lat="35.20443056639024" lon="129.0953256114799"><ele>116.28393902264364</ele><time>2018-08-13T02:47:34Z</time></trkpt>
<trkpt lat="35.204443259780334" lon="129.09532999330543"><ele>116.33254201858797</ele><time>2018-08-13T02:47:36Z</time></trkpt>
<trkpt lat="35.204455047331535" lon="129.095333682199"><ele>116.38176686491435</ele><time>2018-08-13T02:47:38Z</time></trkpt>
<trkpt lat="35.204463963891044" lon="129.09533857443932"><ele>116.40666118220201</ele><time>2018-08-13T02:47:39Z</time></trkpt>
<trkpt lat="35.204472145191886" lon="129.09534376410807"><ele>116.43173299793587</ele><time>2018-08-13T02:47:40Z</time></trkpt>
<trkpt lat="35.20448049905367" lon="129.09534851989997"><ele>116.45693892766239</ele><time>2018-08-13T02:47:41Z</time></trkpt>
<trkpt lat="35.20449563398881" lon="129.09535624837076"><ele>116.50813457781668</ele><time>2018-08-13T02:47:43Z</time></trkpt>
<trkpt lat="35.20451056649347" lon="129.09536062014342"><ele>116.53685839693469</ele><time>2018-08-13T02:47:45Z</time></trkpt>
<trkpt lat="35.20452123388439" lon="129.09536784273223"><ele>116.6173101188514</ele><time>2018-08-13T02:47:48Z</time></trkpt>
<trkpt lat="35.204527363343175" lon="129.09537710491725"><ele>116.69926024092405</ele><time>2018-08-13T02:47:51Z</time></trkpt>
<trkpt lat="35.20453906816567" lon="129.09538854634525"><ele>116.75363429949992</ele><time>2018-08-13T02:47:53Z</time></trkpt>
<trkpt lat="35.20454550555709" lon="129.0953978727258"><ele>116.83428991232056</ele><time>2018-08-13T02:47:56Z</time></trkpt>
<trkpt lat="35.204555107396416" lon="129.09540130495463"><ele>116.88701337686011</ele><time>2018-08-13T02:47:58Z</time></trkpt>
<trkpt lat="35.20456628963474" lon="129.09540318693348"><ele>117.06318182054036</ele><time>2018-08-13T02:48:07Z</time></trkpt>
<trkpt lat="35.2045829827135" lon="129.09539599116113"><ele>117.10635330217865</ele><time>2018-08-13T02:48:09Z</time></trkpt>
<trkpt lat="35.2045970821001" lon="129.09539475404642"><ele>117.12730627690726</ele><time>2018-08-13T02:48:10Z</time></trkpt>
<trkpt lat="35.204613075053025" lon="129.0953948212141"><ele>117.14781561105784</ele><time>2018-08-13T02:48:11Z</time></trkpt>
<trkpt lat="35.20462660027458" lon="129.09539448487863"><ele>117.16779739182236</ele><time>2018-08-13T02:48:12Z</time></trkpt>
<trkpt lat="35.20463680008019" lon="129.09539847191604"><ele>117.20679159527735</ele><time>2018-08-13T02:48:14Z</time></trkpt>
<trkpt lat="35.204644559648884" lon="129.0954063855288"><ele>117.22541484202267</ele><time>2018-08-13T02:48:15Z</time></trkpt>
<trkpt lat="35.20466173607365" lon="129.09541690000924"><ele>117.26085915450675</ele><time>2018-08-13T02:48:17Z</time></trkpt>
<trkpt lat="35.204672211459815" lon="129.09542156310056"><ele>117.27775643411839</ele><time>2018-08-13T02:48:18Z</time></trkpt>
<trkpt lat="35.204682786282746" lon="129.09542618573266"><ele>117.29429987474629</ele><time>2018-08-13T02:48:19Z</time></trkpt>
<trkpt lat="35.2046953016869" lon="129.09543202459622"><ele>117.31062577965095</ele><time>2018-08-13T02:48:20Z</time></trkpt>
<trkpt lat="35.204706025740975" lon="129.0954370641607"><ele>117.32660203684605</ele><time>2018-08-13T02:48:21Z</time></trkpt>
<trkpt lat="35.20471727660229" lon="129.09544175612268"><ele>117.34234109973784</ele><time>2018-08-13T02:48:22Z</time></trkpt>
<trkpt lat="35.20472577159378" lon="129.0954491875458"><ele>117.35770947592364</ele><time>2018-08-13T02:48:23Z</time></trkpt>
<trkpt lat="35.20473784551439" lon="129.09546082270492"><ele>117.38710235162236</ele><time>2018-08-13T02:48:25Z</time></trkpt>
<trkpt lat="35.20474724085553" lon="129.09546394193467"><ele>117.40110521847106</ele><time>2018-08-13T02:48:26Z</time></trkpt>
<trkpt lat="35.20475592540719" lon="129.09546872316696"><ele>117.41469608638064</ele><time>2018-08-13T02:48:27Z</time></trkpt>
<trkpt lat="35.2047658349027" lon="129.09547705684167"><ele>117.42779028360597</ele><time>2018-08-13T02:48:28Z</time></trkpt>
<trkpt lat="35.204773725754755" lon="129.0954853400641"><ele>117.44058132349636</ele><time>2018-08-13T02:48:29Z</time></trkpt>
<trkpt lat="35.204792677575725" lon="129.09549460755886"><ele>117.47721662461487</ele><time>2018-08-13T02:48:32Z</time></trkpt>
<trkpt lat="35.20480794146329" lon="129.09550032072968"><ele>117.5012339363026</ele><time>2018-08-13T02:48:34Z</time></trkpt>
<trkpt lat="35.20481821051683" lon="129.09550181526595"><ele>117.51312393300752</ele><time>2018-08-13T02:48:35Z</time></trkpt>
<trkpt lat="35.20483515166431" lon="129.0955001274724"><ele>117.52494901938594</ele><time>2018-08-13T02:48:36Z</time></trkpt>
<trkpt lat="35.20485472876151" lon="129.09549948408994"><ele>117.5479478207247</ele><time>2018-08-13T02:48:38Z</time></trkpt>
<trkpt lat="35.20486873110623" lon="129.0954996372202"><ele>117.57045444892438</ele><time>2018-08-13T02:48:40Z</time></trkpt>
<trkpt lat="35.20488447806414" lon="129.09550512627743"><ele>117.59225092696882</ele><time>2018-08-13T02:48:42Z</time></trkpt>
<trkpt lat="35.2048997972874" lon="129.0955119552159"><ele>117.61359054121246</ele><time>2018-08-13T02:48:44Z</time></trkpt>
<trkpt lat="35.204915076335475" lon="129.09552364398883"><ele>117.63435850007801</ele><time>2018-08-13T02:48:46Z</time></trkpt>
<trkpt lat="35.2049235539549" lon="129.09552966920705"><ele>117.64451686611962</ele><time>2018-08-13T02:48:47Z</time></trkpt>
<trkpt lat="35.20493359284564" lon="129.09553792494012"><ele>117.6544215237603</ele><time>2018-08-13T02:48:48Z</time></trkpt>
<trkpt lat="35.20494430726593" lon="129.0955439415959"><ele>117.66420274283958</ele><time>2018-08-13T02:48:49Z</time></trkpt>
<trkpt lat="35.20495301379741" lon="129.09555244085618"><ele>117.6738802559548</ele><time>2018-08-13T02:48:50Z</time></trkpt>
<trkpt lat="35.20496173536371" lon="129.0955556408203"><ele>117.68351791937816</ele><time>2018-08-13T02:48:51Z</time></trkpt>
<trkpt lat="35.20496880189607" lon="129.09556376231558"><ele>117.69306154579047</ele><time>2018-08-13T02:48:52Z</time></trkpt>
<trkpt lat="35.20497708670953" lon="129.09556829366386"><ele>117.70255928432086</ele><time>2018-08-13T02:48:53Z</time></trkpt>
<trkpt lat="35.20498887709504" lon="129.09557534709097"><ele>117.71191569493877</ele><time>2018-08-13T02:48:54Z</time></trkpt>
<trkpt lat="35.204998199855446" lon="129.09558159563483"><ele>117.72107238087622</ele><time>2018-08-13T02:48:55Z</time></trkpt>
<trkpt lat="35.20500644670629" lon="129.09558833221263"><ele>117.7300030114397</ele><time>2018-08-13T02:48:56Z</time></trkpt>
<trkpt lat="35.20501471263118" lon="129.09559550035124"><ele>117.73877601308726</ele><time>2018-08-13T02:48:57Z</time></trkpt>
<trkpt lat="35.205026102583524" lon="129.09559962967057"><ele>117.74748345345708</ele><time>2018-08-13T02:48:58Z</time></trkpt>
<trkpt lat="35.205037168123305" lon="129.09560378491483"><ele>117.7559397309462</ele><time>2018-08-13T02:48:59Z</time></trkpt>
<trkpt lat="35.20504572662786" lon="129.09560794920048"><ele>117.76423670658126</ele><time>2018-08-13T02:49:00Z</time></trkpt>
<trkpt lat="35.20505381647732" lon="129.09561615106065"><ele>117.78047674782297</ele><time>2018-08-13T02:49:02Z</time></trkpt>
<trkpt lat="35.20506579025769" lon="129.09562847955488"><ele>117.79609835423001</ele><time>2018-08-13T02:49:04Z</time></trkpt>
<trkpt lat="35.20507853934413" lon="129.09563657928572"><ele>117.81140487360676</ele><time>2018-08-13T02:49:06Z</time></trkpt>
<trkpt lat="35.205089668845254" lon="129.0956408808238"><ele>117.82601022867539</ele><time>2018-08-13T02:49:08Z</time></trkpt>
<trkpt lat="35.20510335708878" lon="129.09564302474996"><ele>117.84031119263447</ele><time>2018-08-13T02:49:10Z</time></trkpt>
<trkpt lat="35.20511509294964" lon="129.09564453592668"><ele>117.8540074986084</ele><time>2018-08-13T02:49:12Z</time></trkpt>
<trkpt lat="35.2051326510567" lon="129.09565192759965"><ele>117.86719182023948</ele><time>2018-08-13T02:49:14Z</time></trkpt>
<trkpt lat="35.2051429078216" lon="129.0956569585435"><ele>117.87355709048646</ele><time>2018-08-13T02:49:15Z</time></trkpt>
<trkpt lat="35.20515213155591" lon="129.09566098750906"><ele>117.87980683560144</ele><time>2018-08-13T02:49:16Z</time></trkpt>
<trkpt lat="35.20516747350659" lon="129.09566987533208"><ele>117.89196901247094</ele><time>2018-08-13T02:49:18Z</time></trkpt>
<trkpt lat="35.20517825668155" lon="129.095675561569"><ele>117.89765790045224</ele><time>2018-08-13T02:49:19Z</time></trkpt>
<trkpt lat="35.20519018466682" lon="129.09567907678093"><ele>117.90903438242165</ele><time>2018-08-13T02:49:21Z</time></trkpt>
<trkpt lat="35.20519962992814" lon="129.0956805918961"><ele>117.91470721746539</ele><time>2018-08-13T02:49:22Z</time></trkpt>
<trkpt lat="35.20520825013867" lon="129.09568442419595"><ele>117.92041488785185</ele><time>2018-08-13T02:49:23Z</time></trkpt>
<trkpt lat="35.20521782272391" lon="129.09568357301043"><ele>117.92156000061637</ele><time>2018-08-13T02:49:25Z</time></trkpt>
<trkpt lat="35.20522893737608" lon="129.0956800316352"><ele>117.9318790376729</ele><time>2018-08-13T02:49:29Z</time></trkpt>
<trkpt lat="35.20525196402021" lon="129.09567183437252"><ele>117.93670295030397</ele><time>2018-08-13T02:49:31Z</time></trkpt>
<trkpt lat="35.20526555444404" lon="129.09566395324816"><ele>117.94459120254298</ele><time>2018-08-13T02:49:33Z</time></trkpt>
<trkpt lat="35.20533980791573" lon="129.09569549222567"><ele>117.94473915353456</ele><time>2018-08-13T02:50:08Z</time></trkpt>
<trkpt lat="35.20534829529246" lon="129.09570948901592"><ele>117.94155935906225</ele><time>2018-08-13T02:50:09Z</time></trkpt>
<trkpt lat="35.205365726370346" lon="129.09572639043358"><ele>117.9345047015985</ele><time>2018-08-13T02:50:11Z</time></trkpt>
<trkpt lat="35.20537427835999" lon="129.09573157816544"><ele>117.93073279204565</ele><time>2018-08-13T02:50:12Z</time></trkpt>
<trkpt lat="35.20538617476946" lon="129.09574004082037"><ele>117.92679950139232</ele><time>2018-08-13T02:50:13Z</time></trkpt>
<trkpt lat="35.205400106832116" lon="129.09574773703946"><ele>117.91782334711549</ele><time>2018-08-13T02:50:15Z</time></trkpt>
<trkpt lat="35.20540953823853" lon="129.09574816541362"><ele>117.91292886523792</ele><time>2018-08-13T02:50:16Z</time></trkpt>
<trkpt lat="35.20542401953056" lon="129.0957583775289"><ele>117.90263977275394</ele><time>2018-08-13T02:50:18Z</time></trkpt>
<trkpt lat="35.20544097670035" lon="129.09576353500393"><ele>117.89142155610826</ele><time>2018-08-13T02:50:20Z</time></trkpt>
<trkpt lat="35.20545098172992" lon="129.09576555539422"><ele>117.88554646882145</ele><time>2018-08-13T02:50:21Z</time></trkpt>
<trkpt lat="35.205460527117054" lon="129.0957670070477"><ele>117.87948493568187</ele><time>2018-08-13T02:50:22Z</time></trkpt>
<trkpt lat="35.2054710816314" lon="129.09576574580956"><ele>117.87325442572256</ele><time>2018-08-13T02:50:23Z</time></trkpt>
<trkpt lat="35.20548204657238" lon="129.09576880014265"><ele>117.86692709753925</ele><time>2018-08-13T02:50:24Z</time></trkpt>
<trkpt lat="35.2054945085869" lon="129.09576776777567"><ele>117.86048623716238</ele><time>2018-08-13T02:50:25Z</time></trkpt>
<trkpt lat="35.20550544638081" lon="129.09576238190743"><ele>117.85401609760248</ele><time>2018-08-13T02:50:26Z</time></trkpt>
<trkpt lat="35.20551418752434" lon="129.09575801571975"><ele>117.84761920499196</ele><time>2018-08-13T02:50:27Z</time></trkpt>
<trkpt lat="35.20552323172893" lon="129.09575309882655"><ele>117.8412283240466</ele><time>2018-08-13T02:50:28Z</time></trkpt>
<trkpt lat="35.20554202379866" lon="129.0957475160991"><ele>117.8283558183013</ele><time>2018-08-13T02:50:30Z</time></trkpt>
<trkpt lat="35.20555135675875" lon="129.09575024934065"><ele>117.82155226068765</ele><time>2018-08-13T02:50:31Z</time></trkpt>
<trkpt lat="35.205560198618294" lon="129.09575432960173"><ele>117.81456239943294</ele><time>2018-08-13T02:50:32Z</time></trkpt>
<trkpt lat="35.2055696100855" lon="129.09575994107342"><ele>117.80745594156987</ele><time>2018-08-13T02:50:33Z</time></trkpt>
<trkpt lat="35.20558799703947" lon="129.0957656186157"><ele>117.79290475194121</ele><time>2018-08-13T02:50:35Z</time></trkpt>
<trkpt lat="35.205604040822635" lon="129.0957715137596"><ele>117.77800592083328</ele><time>2018-08-13T02:50:37Z</time></trkpt>
<trkpt lat="35.205621346999465" lon="129.09577988253773"><ele>117.76225457702785</ele><time>2018-08-13T02:50:39Z</time></trkpt>
<trkpt lat="35.20563757072345" lon="129.0957859555657"><ele>117.74525800862834</ele><time>2018-08-13T02:50:41Z</time></trkpt>
<trkpt lat="35.20564680849954" lon="129.09578970336077"><ele>117.73640685562162</ele><time>2018-08-13T02:50:42Z</time></trkpt>
<trkpt lat="35.205660028055185" lon="129.09579849012357"><ele>117.71820714739256</ele><time>2018-08-13T02:50:44Z</time></trkpt>
<trkpt lat="35.20567386871291" lon="129.09580426257094"><ele>117.69785294203554</ele><time>2018-08-13T02:50:46Z</time></trkpt>
<trkpt lat="35.20568683999467" lon="129.0958147591191"><ele>117.67560295354525</ele><time>2018-08-13T02:50:48Z</time></trkpt>
<trkpt lat="35.205696960325206" lon="129.09582125877978"><ele>117.66384589605032</ele><time>2018-08-13T02:50:49Z</time></trkpt>
<trkpt lat="35.20570754299371" lon="129.09582783948895"><ele>117.65175129142298</ele><time>2018-08-13T02:50:50Z</time></trkpt>
<trkpt lat="35.205717821147154" lon="129.09583427279927"><ele>117.63944769223818</ele><time>2018-08-13T02:50:51Z</time></trkpt>
<trkpt lat="35.20572660723399" lon="129.09584027631456"><ele>117.6269694222946</ele><time>2018-08-13T02:50:52Z</time></trkpt>
<trkpt lat="35.20573539052962" lon="129.09584770570837"><ele>117.61433691401149</ele><time>2018-08-13T02:50:53Z</time></trkpt>
<trkpt lat="35.20574612183092" lon="129.09585344770449"><ele>117.60128700283659</ele><time>2018-08-13T02:50:54Z</time></trkpt>
<trkpt lat="35.2057557670713" lon="129.09585881400562"><ele>117.58798630758453</ele><time>2018-08-13T02:50:55Z</time></trkpt>
<trkpt lat="35.20576390619578" lon="129.0958640916083"><ele>117.5742822093922</ele><time>2018-08-13T02:50:56Z</time></trkpt>
<trkpt lat="35.20577194683262" lon="129.09586931568901"><ele>117.56022662957943</ele><time>2018-08-13T02:50:57Z</time></trkpt>
<trkpt lat="35.205787305149194" lon="129.09588009597064"><ele>117.53155664266505</ele><time>2018-08-13T02:50:59Z</time></trkpt>
<trkpt lat="35.205796158093335" lon="129.09588550433"><ele>117.51698196534808</ele><time>2018-08-13T02:51:00Z</time></trkpt>
<trkpt lat="35.20580543333052" lon="129.09588915261816"><ele>117.50220682616947</ele><time>2018-08-13T02:51:01Z</time></trkpt>
<trkpt lat="35.205814923188875" lon="129.09589261207475"><ele>117.48732897817028</ele><time>2018-08-13T02:51:02Z</time></trkpt>
<trkpt lat="35.20583160961834" lon="129.09590062640962"><ele>117.45672719616043</ele><time>2018-08-13T02:51:04Z</time></trkpt>
<trkpt lat="35.205841123145376" lon="129.09590570368096"><ele>117.44109053793348</ele><time>2018-08-13T02:51:05Z</time></trkpt>
<trkpt lat="35.20585817492302" lon="129.09591383257816"><ele>117.40961663351834</ele><time>2018-08-13T02:51:07Z</time></trkpt>
<trkpt lat="35.205873928502314" lon="129.09591757523128"><ele>117.37803744252464</ele><time>2018-08-13T02:51:09Z</time></trkpt>
<trkpt lat="35.205888510668125" lon="129.0959193094435"><ele>117.34607890650015</ele><time>2018-08-13T02:51:11Z</time></trkpt>
<trkpt lat="35.20590423221882" lon="129.0959171203341"><ele>117.31333856821475</ele><time>2018-08-13T02:51:13Z</time></trkpt>
<trkpt lat="35.205921017387375" lon="129.09590965406767"><ele>117.27970600721741</ele><time>2018-08-13T02:51:15Z</time></trkpt>
<trkpt lat="35.205932113190485" lon="129.09590551821498"><ele>117.26260184934654</ele><time>2018-08-13T02:51:16Z</time></trkpt>
<trkpt lat="35.205941215087165" lon="129.09590471984768"><ele>117.24540237552516</ele><time>2018-08-13T02:51:17Z</time></trkpt>
<trkpt lat="35.205949488262426" lon="129.09590036041038"><ele>117.22815850215017</ele><time>2018-08-13T02:51:18Z</time></trkpt>
<trkpt lat="35.20596697471236" lon="129.09589101993174"><ele>117.19331340423115</ele><time>2018-08-13T02:51:20Z</time></trkpt>
<trkpt lat="35.20597750091014" lon="129.09588798834454"><ele>117.17583689489149</ele><time>2018-08-13T02:51:21Z</time></trkpt>
<trkpt lat="35.20599299083741" lon="129.09587935342495"><ele>117.1405508396587</ele><time>2018-08-13T02:51:23Z</time></trkpt>
<trkpt lat="35.20601115152257" lon="129.09586565702773"><ele>117.10493828156453</ele><time>2018-08-13T02:51:25Z</time></trkpt>
<trkpt lat="35.20602159250323" lon="129.09585980413942"><ele>117.0869592419226</ele><time>2018-08-13T02:51:26Z</time></trkpt>
<trkpt lat="35.2060327352271" lon="129.0958536972596"><ele>117.068853475</ele><time>2018-08-13T02:51:27Z</time></trkpt>
<trkpt lat="35.20604335557806" lon="129.09584651394175"><ele>117.05063973113842</ele><time>2018-08-13T02:51:28Z</time></trkpt>
<trkpt lat="35.20605304443726" lon="129.0958402014678"><ele>117.03227071231598</ele><time>2018-08-13T02:51:29Z</time></trkpt>
<trkpt lat="35.20606298041211" lon="129.09583348645424"><ele>117.01374041331282</ele><time>2018-08-13T02:51:30Z</time></trkpt>
<trkpt lat="35.20607202184238" lon="129.0958297939876"><ele>116.99534745040181</ele><time>2018-08-13T02:51:31Z</time></trkpt>
<trkpt lat="35.20608065134521" lon="129.09582403712557"><ele>116.97688824779237</ele><time>2018-08-13T02:51:32Z</time></trkpt>
<trkpt lat="35.20608942688587" lon="129.09581879081418"><ele>116.95834642489768</ele><time>2018-08-13T02:51:33Z</time></trkpt>
<trkpt lat="35.20609999123306" lon="129.09581300122227"><ele>116.93966988934767</ele><time>2018-08-13T02:51:34Z</time></trkpt>
<trkpt lat="35.20611108034087" lon="129.09580857425067"><ele>116.92089195862748</ele><time>2018-08-13T02:51:35Z</time></trkpt>
<trkpt lat="35.20612678255807" lon="129.09580571316178"><ele>116.88319303335011</ele><time>2018-08-13T02:51:37Z</time></trkpt>
<trkpt lat="35.2061390619331" lon="129.09580903562278"><ele>116.86446619640292</ele><time>2018-08-13T02:51:38Z</time></trkpt>
<trkpt lat="35.2061492060292" lon="129.09580952179067"><ele>116.84574298055239</ele><time>2018-08-13T02:51:39Z</time></trkpt>
<trkpt lat="35.20616547211185" lon="129.09581243340062"><ele>116.8090791502898</ele><time>2018-08-13T02:51:41Z</time></trkpt>
<trkpt lat="35.20617573278393" lon="129.0958147524542"><ele>116.79129905696306</ele><time>2018-08-13T02:51:42Z</time></trkpt>
<trkpt lat="35.2061911996763" lon="129.09581592750737"><ele>116.75654636402619</ele><time>2018-08-13T02:51:44Z</time></trkpt>
<trkpt lat="35.206205491027895" lon="129.09581463785992"><ele>116.72303260103543</ele><time>2018-08-13T02:51:46Z</time></trkpt>
<trkpt lat="35.20621512559542" lon="129.09581326444777"><ele>116.70666956105555</ele><time>2018-08-13T02:51:47Z</time></trkpt>
<trkpt lat="35.2062250125097" lon="129.0958116456586"><ele>116.6906359964295</ele><time>2018-08-13T02:51:48Z</time></trkpt>
<trkpt lat="35.20624265363633" lon="129.09580767185412"><ele>116.65947156436934</ele><time>2018-08-13T02:51:50Z</time></trkpt>
<trkpt lat="35.20625333274359" lon="129.09580580953468"><ele>116.64436282382107</ele><time>2018-08-13T02:51:51Z</time></trkpt>
<trkpt lat="35.20627130723433" lon="129.0958010045498"><ele>116.61546610596163</ele><time>2018-08-13T02:51:53Z</time></trkpt>
<trkpt lat="35.20628143405603" lon="129.0957998110864"><ele>116.60136792665423</ele><time>2018-08-13T02:51:54Z</time></trkpt>
<trkpt lat="35.206292915675746" lon="129.0957989710538"><ele>116.58732249066635</ele><time>2018-08-13T02:51:55Z</time></trkpt>
<trkpt lat="35.20630384308363" lon="129.09579923806768"><ele>116.57348919127136</ele><time>2018-08-13T02:51:56Z</time></trkpt>
<trkpt lat="35.20631418475087" lon="129.0957978664435"><ele>116.55966319019373</ele><time>2018-08-13T02:51:57Z</time></trkpt>
<trkpt lat="35.20632682908266" lon="129.0957957340945"><ele>116.54578392520567</ele><time>2018-08-13T02:51:58Z</time></trkpt>
<trkpt lat="35.20633958296918" lon="129.09579421622993"><ele>116.53191451483724</ele><time>2018-08-13T02:51:59Z</time></trkpt>
<trkpt lat="35.20635140848547" lon="129.0957923372581"><ele>116.51809917276756</ele><time>2018-08-13T02:52:00Z</time></trkpt>
<trkpt lat="35.20636078932752" lon="129.09578981832544"><ele>116.50441634279821</ele><time>2018-08-13T02:52:01Z</time></trkpt>
<trkpt lat="35.20637596814783" lon="129.09578286096303"><ele>116.47714417136292</ele><time>2018-08-13T02:52:03Z</time></trkpt>
<trkpt lat="35.206385395101684" lon="129.095780962523"><ele>116.46383962507683</ele><time>2018-08-13T02:52:04Z</time></trkpt>
<trkpt lat="35.20639759234007" lon="129.09577782440329"><ele>116.45068710204494</ele><time>2018-08-13T02:52:05Z</time></trkpt>
<trkpt lat="35.20641123258467" lon="129.09577328506225"><ele>116.43775360754671</ele><time>2018-08-13T02:52:06Z</time></trkpt>
<trkpt lat="35.20642448266605" lon="129.09576997535555"><ele>116.42506068698007</ele><time>2018-08-13T02:52:07Z</time></trkpt>
<trkpt lat="35.2064350121704" lon="129.09576584503156"><ele>116.4125458759296</ele><time>2018-08-13T02:52:08Z</time></trkpt>
<trkpt lat="35.20644761678249" lon="129.09576438186355"><ele>116.38824328469207</ele><time>2018-08-13T02:52:10Z</time></trkpt>
<trkpt lat="35.20646537381778" lon="129.09575677860323"><ele>116.3639510590956</ele><time>2018-08-13T02:52:12Z</time></trkpt>
<trkpt lat="35.206481031592624" lon="129.09575530016866"><ele>116.3394755095978</ele><time>2018-08-13T02:52:14Z</time></trkpt>
<trkpt lat="35.20649346902503" lon="129.09575912091395"><ele>116.31484377213324</ele><time>2018-08-13T02:52:16Z</time></trkpt>
<trkpt lat="35.206505921815115" lon="129.09576048923645"><ele>116.29053835815844</ele><time>2018-08-13T02:52:18Z</time></trkpt>
<trkpt lat="35.206516562782525" lon="129.09575979354145"><ele>116.27864672078765</ele><time>2018-08-13T02:52:19Z</time></trkpt>
<trkpt lat="35.20653069201906" lon="129.09576110270962"><ele>116.25546169686295</ele><time>2018-08-13T02:52:21Z</time></trkpt>
<trkpt lat="35.2065465529647" lon="129.09575860486723"><ele>116.24424690770678</ele><time>2018-08-13T02:52:22Z</time></trkpt>
<trkpt lat="35.206557180314775" lon="129.0957567889659"><ele>116.23331369862683</ele><time>2018-08-13T02:52:23Z</time></trkpt>
<trkpt lat="35.20657340511612" lon="129.09575119700025"><ele>116.21189277467455</ele><time>2018-08-13T02:52:25Z</time></trkpt>
<trkpt lat="35.20658791931079" lon="129.09574332995226"><ele>116.19080526543142</ele><time>2018-08-13T02:52:27Z</time></trkpt>
<trkpt lat="35.206602017927956" lon="129.09573729317458"><ele>116.16996580591321</ele><time>2018-08-13T02:52:29Z</time></trkpt>
<trkpt lat="35.20661393562933" lon="129.09572721645384"><ele>116.14942757484874</ele><time>2018-08-13T02:52:31Z</time></trkpt>
<trkpt lat="35.20662511852979" lon="129.09571530469896"><ele>116.13928546786744</ele><time>2018-08-13T02:52:32Z</time></trkpt>
<trkpt lat="35.206630274235216" lon="129.09570615877897"><ele>116.1090381474022</ele><time>2018-08-13T02:52:36Z</time></trkpt>
<trkpt lat="35.2066348094185" lon="129.09569666512027"><ele>116.09738114289837</ele><time>2018-08-13T02:52:48Z</time></trkpt>
<trkpt lat="35.20662665188419" lon="129.09569177803314"><ele>116.0818675775476</ele><time>2018-08-13T02:53:02Z</time></trkpt>
<trkpt lat="35.20662714451327" lon="129.09567947395146"><ele>116.07242592722992</ele><time>2018-08-13T02:53:09Z</time></trkpt>
<trkpt lat="35.20663135753003" lon="129.0956684928119"><ele>116.04480307539478</ele><time>2018-08-13T02:53:18Z</time></trkpt>
<trkpt lat="35.20664025946091" lon="129.0956647162177"><ele>116.00040712386829</ele><time>2018-08-13T02:53:29Z</time></trkpt>
<trkpt lat="35.20662590776779" lon="129.0956636555568"><ele>115.96908416256696</ele><time>2018-08-13T02:53:34Z</time></trkpt>
<trkpt lat="35.206616074538566" lon="129.0956583752436"><ele>115.96643415606879</ele><time>2018-08-13T02:53:36Z</time></trkpt>
<trkpt lat="35.20662286385573" lon="129.09566982590513"><ele>115.91463221028437</ele><time>2018-08-13T02:53:41Z</time></trkpt>
<trkpt lat="35.20662905311068" lon="129.0956799232731"><ele>115.90298322206301</ele><time>2018-08-13T02:53:42Z</time></trkpt>
<trkpt lat="35.20664221565872" lon="129.09568681184112"><ele>115.89153836219434</ele><time>2018-08-13T02:53:43Z</time></trkpt>
<trkpt lat="35.206654888603474" lon="129.09568464515587"><ele>115.88000367384606</ele><time>2018-08-13T02:53:44Z</time></trkpt>
<trkpt lat="35.20667121167792" lon="129.09567812865794"><ele>115.8573048010294</ele><time>2018-08-13T02:53:46Z</time></trkpt>
<trkpt lat="35.20668520722448" lon="129.0956684515703"><ele>115.83403049405642</ele><time>2018-08-13T02:53:48Z</time></trkpt>
<trkpt lat="35.20669219092199" lon="129.09566071002814"><ele>115.8221550290336</ele><time>2018-08-13T02:53:49Z</time></trkpt>
<trkpt lat="35.20670531328307" lon="129.09565306991806"><ele>115.81013538841687</ele><time>2018-08-13T02:53:50Z</time></trkpt>
<trkpt lat="35.20671611698876" lon="129.0956427517806"><ele>115.78596618068124</ele><time>2018-08-13T02:53:52Z</time></trkpt>
<trkpt lat="35.20672436498743" lon="129.09563402359515"><ele>115.76178439182134</ele><time>2018-08-13T02:53:54Z</time></trkpt>
<trkpt lat="35.20673108279787" lon="129.09562457769061"><ele>115.74813207741498</ele><time>2018-08-13T02:53:56Z</time></trkpt>
<trkpt lat="35.206739900205385" lon="129.09562852677982"><ele>115.68884641830304</ele><time>2018-08-13T02:54:16Z</time></trkpt>
<trkpt lat="35.206748536302726" lon="129.0956244330347"><ele>115.6380250784136</ele><time>2018-08-13T02:54:19Z</time></trkpt>
<trkpt lat="35.20675630100991" lon="129.095617553563"><ele>115.58922431864318</ele><time>2018-08-13T02:54:22Z</time></trkpt>
<trkpt lat="35.20677430912984" lon="129.09560261209094"><ele>115.55724846178792</ele><time>2018-08-13T02:54:24Z</time></trkpt>
<trkpt lat="35.206782768268866" lon="129.09558979784356"><ele>115.54133661278817</ele><time>2018-08-13T02:54:25Z</time></trkpt>
<trkpt lat="35.206791328524645" lon="129.0955772306237"><ele>115.52553392849178</ele><time>2018-08-13T02:54:26Z</time></trkpt>
<trkpt lat="35.206801567264925" lon="129.09556478347406"><ele>115.5098361051386</ele><time>2018-08-13T02:54:27Z</time></trkpt>
<trkpt lat="35.206810908682684" lon="129.09555155938574"><ele>115.49422206030863</ele><time>2018-08-13T02:54:28Z</time></trkpt>
<trkpt lat="35.20681897394267" lon="129.09553962193343"><ele>115.47870162727618</ele><time>2018-08-13T02:54:29Z</time></trkpt>
<trkpt lat="35.206821671314806" lon="129.0955239705861"><ele>115.44769998504474</ele><time>2018-08-13T02:54:31Z</time></trkpt>
<trkpt lat="35.20683080478005" lon="129.0955124857012"><ele>115.38321059368226</ele><time>2018-08-13T02:54:36Z</time></trkpt>
<trkpt lat="35.20684224310639" lon="129.09549909280747"><ele>115.35161296172615</ele><time>2018-08-13T02:54:38Z</time></trkpt>
<trkpt lat="35.20685564068778" lon="129.09548621322665"><ele>115.31979884930928</ele><time>2018-08-13T02:54:40Z</time></trkpt>
<trkpt lat="35.20686538093828" lon="129.0954800010312"><ele>115.30374460088011</ele><time>2018-08-13T02:54:41Z</time></trkpt>
<trkpt lat="35.20687766905813" lon="129.09547637047262"><ele>115.28746476416718</ele><time>2018-08-13T02:54:42Z</time></trkpt>
<trkpt lat="35.20688829536367" lon="129.09547183826658"><ele>115.27092923889872</ele><time>2018-08-13T02:54:43Z</time></trkpt>
<trkpt lat="35.2068973616429" lon="129.09546711230848"><ele>115.25435156328281</ele><time>2018-08-13T02:54:44Z</time></trkpt>
<trkpt lat="35.20690723468343" lon="129.09546241818225"><ele>115.2377519335615</ele><time>2018-08-13T02:54:45Z</time></trkpt>
<trkpt lat="35.206919487038434" lon="129.09545143151036"><ele>115.1863470540982</ele><time>2018-08-13T02:54:49Z</time></trkpt>
<trkpt lat="35.20693110401629" lon="129.09543978482316"><ele>115.15343626335344</ele><time>2018-08-13T02:54:51Z</time></trkpt>
<trkpt lat="35.20693843299394" lon="129.0954272882808"><ele>115.13728659017941</ele><time>2018-08-13T02:54:52Z</time></trkpt>
<trkpt lat="35.20694279166067" lon="129.0954166620944"><ele>115.12136416718911</ele><time>2018-08-13T02:54:53Z</time></trkpt>
<trkpt lat="35.20694871696017" lon="129.09540837959833"><ele>115.10571768374571</ele><time>2018-08-13T02:54:54Z</time></trkpt>
<trkpt lat="35.20695818595064" lon="129.09540100212485"><ele>115.09037542616744</ele><time>2018-08-13T02:54:55Z</time></trkpt>
<trkpt lat="35.206968271358086" lon="129.095393325161"><ele>115.07521455674181</ele><time>2018-08-13T02:54:56Z</time></trkpt>
<trkpt lat="35.20697520795764" lon="129.09538470539064"><ele>115.06022436424695</ele><time>2018-08-13T02:54:57Z</time></trkpt>
<trkpt lat="35.20698322488632" lon="129.09537908968935"><ele>115.0454027026631</ele><time>2018-08-13T02:54:58Z</time></trkpt>
<trkpt lat="35.20699281328464" lon="129.09537675549393"><ele>115.01566980994708</ele><time>2018-08-13T02:55:00Z</time></trkpt>
<trkpt lat="35.20700345294589" lon="129.09536812247256"><ele>114.95412792335473</ele><time>2018-08-13T02:55:04Z</time></trkpt>
<trkpt lat="35.20701443275656" lon="129.0953574120183"><ele>114.90691500855743</ele><time>2018-08-13T02:55:07Z</time></trkpt>
<trkpt lat="35.207020703162506" lon="129.09534777651083"><ele>114.87542155055465</ele><time>2018-08-13T02:55:09Z</time></trkpt>
<trkpt lat="35.20702836805093" lon="129.09533052929248"><ele>114.82814902040717</ele><time>2018-08-13T02:55:12Z</time></trkpt>
<trkpt lat="35.207034338410764" lon="129.09531917259255"><ele>114.8124681422536</ele><time>2018-08-13T02:55:13Z</time></trkpt>
<trkpt lat="35.20704462369904" lon="129.0953085024521"><ele>114.78082586419764</ele><time>2018-08-13T02:55:15Z</time></trkpt>
<trkpt lat="35.2070521318449" lon="129.09529594563924"><ele>114.73359327487697</ele><time>2018-08-13T02:55:18Z</time></trkpt>
<trkpt lat="35.20706503776218" lon="129.09528628703254"><ele>114.7022207278608</ele><time>2018-08-13T02:55:20Z</time></trkpt>
<trkpt lat="35.20707531779778" lon="129.0952818714187"><ele>114.68631133597454</ele><time>2018-08-13T02:55:21Z</time></trkpt>
<trkpt lat="35.20709135075963" lon="129.09527593167957"><ele>114.6538673989755</ele><time>2018-08-13T02:55:23Z</time></trkpt>
<trkpt lat="35.20710359955876" lon="129.09527111198486"><ele>114.60412901206536</ele><time>2018-08-13T02:55:26Z</time></trkpt>
<trkpt lat="35.20712234151908" lon="129.09527181368708"><ele>114.56990137205884</ele><time>2018-08-13T02:55:28Z</time></trkpt>
<trkpt lat="35.20713511982797" lon="129.0952730227964"><ele>114.53571014166492</ele><time>2018-08-13T02:55:30Z</time></trkpt>
<trkpt lat="35.20714538356363" lon="129.09526663144243"><ele>114.51866020264502</ele><time>2018-08-13T02:55:31Z</time></trkpt>
<trkpt lat="35.20715443503431" lon="129.0952585996058"><ele>114.48471911899487</ele><time>2018-08-13T02:55:33Z</time></trkpt>
<trkpt lat="35.20716978718542" lon="129.09525422580884"><ele>114.43416261360734</ele><time>2018-08-13T02:55:36Z</time></trkpt>
<trkpt lat="35.207181794211316" lon="129.09524590641297"><ele>114.40053235953675</ele><time>2018-08-13T02:55:38Z</time></trkpt>
<trkpt lat="35.20717545049192" lon="129.09525448534612"><ele>114.28630433922613</ele><time>2018-08-13T02:56:00Z</time></trkpt>
<trkpt lat="35.20716211808406" lon="129.09527281738826"><ele>114.2629667198674</ele><time>2018-08-13T02:56:03Z</time></trkpt>
<trkpt lat="35.207173010492596" lon="129.0952716032292"><ele>114.18693666931776</ele><time>2018-08-13T02:56:07Z</time></trkpt>
<trkpt lat="35.20717786844746" lon="129.09525285214"><ele>114.14892748448467</ele><time>2018-08-13T02:56:09Z</time></trkpt>
<trkpt lat="35.2071796071705" lon="129.09524172449164"><ele>114.12967619107809</ele><time>2018-08-13T02:56:10Z</time></trkpt>
<trkpt lat="35.20718270771085" lon="129.09522280254794"><ele>114.12774812590133</ele><time>2018-08-13T02:56:11Z</time></trkpt>
<trkpt lat="35.20717640765837" lon="129.09521691323812"><ele>114.08512017382873</ele><time>2018-08-13T02:56:31Z</time></trkpt>
<trkpt lat="35.20718502711376" lon="129.0952204419416"><ele>113.97478052898518</ele><time>2018-08-13T02:56:54Z</time></trkpt>
<trkpt lat="35.20719762966964" lon="129.09521498782613"><ele>113.91834672047739</ele><time>2018-08-13T02:56:56Z</time></trkpt>
<trkpt lat="35.20721043076664" lon="129.09521558402844"><ele>113.86173137921992</ele><time>2018-08-13T02:56:58Z</time></trkpt>
<trkpt lat="35.20722335833596" lon="129.09521178157127"><ele>113.80546887984616</ele><time>2018-08-13T02:57:00Z</time></trkpt>
<trkpt lat="35.207230905243335" lon="129.09520542319626"><ele>113.7775541345404</ele><time>2018-08-13T02:57:01Z</time></trkpt>
<trkpt lat="35.20723917111124" lon="129.0951996446472"><ele>113.72221919879752</ele><time>2018-08-13T02:57:03Z</time></trkpt>
<trkpt lat="35.20724675812875" lon="129.09518531194703"><ele>113.64027034891808</ele><time>2018-08-13T02:57:06Z</time></trkpt>
<trkpt lat="35.20725840021499" lon="129.09518321033897"><ele>113.58629851732756</ele><time>2018-08-13T02:57:08Z</time></trkpt>
<trkpt lat="35.20727086255589" lon="129.09518219700487"><ele>113.50713596898515</ele><time>2018-08-13T02:57:11Z</time></trkpt>
<trkpt lat="35.20728063109379" lon="129.09517209359944"><ele>113.4298573211093</ele><time>2018-08-13T02:57:14Z</time></trkpt>
<trkpt lat="35.207287837900715" lon="129.09516533495707"><ele>113.40447580102192</ele><time>2018-08-13T02:57:15Z</time></trkpt>
<trkpt lat="35.207295822444856" lon="129.09515426181042"><ele>113.37899136578682</ele><time>2018-08-13T02:57:16Z</time></trkpt>
<trkpt lat="35.207305760951385" lon="129.0951475673087"><ele>113.32814330088492</ele><time>2018-08-13T02:57:18Z</time></trkpt>
<trkpt lat="35.20731757748965" lon="129.09514400153125"><ele>113.25238782634071</ele><time>2018-08-13T02:57:21Z</time></trkpt>
<trkpt lat="35.20732955960433" lon="129.09514626777604"><ele>113.17779959208738</ele><time>2018-08-13T02:57:24Z</time></trkpt>
<trkpt lat="35.207347034446734" lon="129.09514433098343"><ele>113.12859974231118</ele><time>2018-08-13T02:57:26Z</time></trkpt>
<trkpt lat="35.20735631313368" lon="129.09514586341402"><ele>113.10413136762153</ele><time>2018-08-13T02:57:27Z</time></trkpt>
<trkpt lat="35.20736647272193" lon="129.09514521140466"><ele>113.07982800340756</ele><time>2018-08-13T02:57:28Z</time></trkpt>
<trkpt lat="35.20737690779033" lon="129.0951415427395"><ele>113.055705543484</ele><time>2018-08-13T02:57:29Z</time></trkpt>
<trkpt lat="35.20738640441708" lon="129.09513259974153"><ele>113.0086857610714</ele><time>2018-08-13T02:57:31Z</time></trkpt>
<trkpt lat="35.207399350976935" lon="129.09513248266444"><ele>112.96358828336058</ele><time>2018-08-13T02:57:33Z</time></trkpt>
<trkpt lat="35.20740937215977" lon="129.09513595836154"><ele>112.87689014910086</ele><time>2018-08-13T02:57:37Z</time></trkpt>
<trkpt lat="35.207416624571806" lon="129.09512679447437"><ele>112.81601094333001</ele><time>2018-08-13T02:57:40Z</time></trkpt>
<trkpt lat="35.20743286690498" lon="129.09512516052928"><ele>112.7412606368013</ele><time>2018-08-13T02:57:44Z</time></trkpt>
<trkpt lat="35.20744834111669" lon="129.0951268155195"><ele>112.70519931069492</ele><time>2018-08-13T02:57:46Z</time></trkpt>
<trkpt lat="35.20746328919169" lon="129.09511915961411"><ele>112.66988414249505</ele><time>2018-08-13T02:57:48Z</time></trkpt>
<trkpt lat="35.20747267146955" lon="129.09511233422438"><ele>112.63615449997273</ele><time>2018-08-13T02:57:50Z</time></trkpt>
<trkpt lat="35.20748209860756" lon="129.09510858534486"><ele>112.60381895593756</ele><time>2018-08-13T02:57:52Z</time></trkpt>
<trkpt lat="35.20749193494236" lon="129.0951003477728"><ele>112.5429777858599</ele><time>2018-08-13T02:57:56Z</time></trkpt>
<trkpt lat="35.207512638885866" lon="129.09508383973127"><ele>112.51439646611426</ele><time>2018-08-13T02:57:58Z</time></trkpt>
<trkpt lat="35.207525473392394" lon="129.09507893566206"><ele>112.50052626872859</ele><time>2018-08-13T02:57:59Z</time></trkpt>
<trkpt lat="35.207536781243206" lon="129.0950759355287"><ele>112.48675334811345</ele><time>2018-08-13T02:58:00Z</time></trkpt>
<trkpt lat="35.207551770253914" lon="129.09507502433314"><ele>112.45951398423439</ele><time>2018-08-13T02:58:02Z</time></trkpt>
<trkpt lat="35.20756182367742" lon="129.095067102862"><ele>112.43309606600765</ele><time>2018-08-13T02:58:04Z</time></trkpt>
<trkpt lat="35.20756988717852" lon="129.09506078591505"><ele>112.39452073535973</ele><time>2018-08-13T02:58:07Z</time></trkpt>
<trkpt lat="35.20757810707887" lon="129.09505577224013"><ele>112.36919783152453</ele><time>2018-08-13T02:58:09Z</time></trkpt>
<trkpt lat="35.2075871714381" lon="129.0950539705409"><ele>112.34318732549023</ele><time>2018-08-13T02:58:11Z</time></trkpt>
<trkpt lat="35.20759651436489" lon="129.09505093755467"><ele>112.30316185933891</ele><time>2018-08-13T02:58:15Z</time></trkpt>
<trkpt lat="35.20760784265751" lon="129.09505063271718"><ele>112.25290724027809</ele><time>2018-08-13T02:58:19Z</time></trkpt>
<trkpt lat="35.207626746825284" lon="129.09503609816898"><ele>112.22803278214762</ele><time>2018-08-13T02:58:21Z</time></trkpt>
<trkpt lat="35.207637127695094" lon="129.09501690519983"><ele>112.2154211048497</ele><time>2018-08-13T02:58:22Z</time></trkpt>
<trkpt lat="35.20764913968513" lon="129.0949987859102"><ele>112.16608685279647</ele><time>2018-08-13T02:58:26Z</time></trkpt>
<trkpt lat="35.20765562897311" lon="129.0949874193185"><ele>112.14151787259078</ele><time>2018-08-13T02:58:28Z</time></trkpt>
<trkpt lat="35.20766425803157" lon="129.09498322147806"><ele>112.11688418496323</ele><time>2018-08-13T02:58:30Z</time></trkpt>
<trkpt lat="35.20767328952543" lon="129.09497808085996"><ele>112.09197845700979</ele><time>2018-08-13T02:58:32Z</time></trkpt>
<trkpt lat="35.2076816739714" lon="129.0949712549259"><ele>112.0670261619731</ele><time>2018-08-13T02:58:34Z</time></trkpt>
<trkpt lat="35.20769320370916" lon="129.09496054177544"><ele>112.04222242165119</ele><time>2018-08-13T02:58:36Z</time></trkpt>
<trkpt lat="35.207701020931076" lon="129.09495295439012"><ele>112.01767874261523</ele><time>2018-08-13T02:58:38Z</time></trkpt>
<trkpt lat="35.2077073297989" lon="129.09494466321985"><ele>111.99357770259805</ele><time>2018-08-13T02:58:40Z</time></trkpt>
<trkpt lat="35.20772446445476" lon="129.09493603131762"><ele>111.969427606709</ele><time>2018-08-13T02:58:42Z</time></trkpt>
<trkpt lat="35.207735888932234" lon="129.09493072706493"><ele>111.9573404427316</ele><time>2018-08-13T02:58:43Z</time></trkpt>
<trkpt lat="35.20774477943699" lon="129.09492548325125"><ele>111.93325404385659</ele><time>2018-08-13T02:58:45Z</time></trkpt>
<trkpt lat="35.207757183839774" lon="129.0949215269327"><ele>111.89795665846815</ele><time>2018-08-13T02:58:48Z</time></trkpt>
<trkpt lat="35.20777030408027" lon="129.09491446500544"><ele>111.87532302245783</ele><time>2018-08-13T02:58:50Z</time></trkpt>
<trkpt lat="35.20778328406488" lon="129.09489984096695"><ele>111.85355877450058</ele><time>2018-08-13T02:58:52Z</time></trkpt>
<trkpt lat="35.20780380912162" lon="129.09488534362936"><ele>111.8320643310676</ele><time>2018-08-13T02:58:54Z</time></trkpt>
<trkpt lat="35.20781344641517" lon="129.0948847522552"><ele>111.82124308514356</ele><time>2018-08-13T02:58:55Z</time></trkpt>
<trkpt lat="35.207825079526884" lon="129.0948881260358"><ele>111.8104604873016</ele><time>2018-08-13T02:58:56Z</time></trkpt>
<trkpt lat="35.207834245864944" lon="129.09488651140668"><ele>111.79962037823123</ele><time>2018-08-13T02:58:57Z</time></trkpt>
<trkpt lat="35.2078473846561" lon="129.09488534488537"><ele>111.7886196558103</ele><time>2018-08-13T02:58:58Z</time></trkpt>
<trkpt lat="35.20785929293748" lon="129.09488854580582"><ele>111.77773332112737</ele><time>2018-08-13T02:58:59Z</time></trkpt>
<trkpt lat="35.207868408037825" lon="129.09488264651134"><ele>111.7667156520566</ele><time>2018-08-13T02:59:00Z</time></trkpt>
<trkpt lat="35.207883122921025" lon="129.0948792359004"><ele>111.74494863834812</ele><time>2018-08-13T02:59:02Z</time></trkpt>
<trkpt lat="35.20789536386451" lon="129.09487954005772"><ele>111.7343331305139</ele><time>2018-08-13T02:59:03Z</time></trkpt>
<trkpt lat="35.20791449013015" lon="129.0948645997106"><ele>111.72369970104234</ele><time>2018-08-13T02:59:04Z</time></trkpt>
<trkpt lat="35.207927060094796" lon="129.09485639539412"><ele>111.71303637421117</ele><time>2018-08-13T02:59:05Z</time></trkpt>
<trkpt lat="35.207937761470085" lon="129.09484889842565"><ele>111.69169537072145</ele><time>2018-08-13T02:59:07Z</time></trkpt>
<trkpt lat="35.20794985637831" lon="129.0948387387773"><ele>111.67015988913022</ele><time>2018-08-13T02:59:09Z</time></trkpt>
<trkpt lat="35.207961366723616" lon="129.09483894538153"><ele>111.64854164822451</ele><time>2018-08-13T02:59:11Z</time></trkpt>
<trkpt lat="35.207964664259464" lon="129.09482582460066"><ele>111.5969688412175</ele><time>2018-08-13T02:59:16Z</time></trkpt>
<trkpt lat="35.20797427131033" lon="129.09482117518496"><ele>111.55041144879407</ele><time>2018-08-13T02:59:21Z</time></trkpt>
<trkpt lat="35.20798694392567" lon="129.09481485183426"><ele>111.52378831918061</ele><time>2018-08-13T02:59:24Z</time></trkpt>
<trkpt lat="35.208005395363834" lon="129.09480530229962"><ele>111.51531779870051</ele><time>2018-08-13T02:59:25Z</time></trkpt>
<trkpt lat="35.208013116225054" lon="129.0947930857228"><ele>111.47652960684896</ele><time>2018-08-13T02:59:30Z</time></trkpt>
<trkpt lat="35.20802534468245" lon="129.09478653168958"><ele>111.46940733243935</ele><time>2018-08-13T02:59:31Z</time></trkpt>
<trkpt lat="35.20804193072916" lon="129.09480668840865"><ele>111.4559752171868</ele><time>2018-08-13T02:59:33Z</time></trkpt>
<trkpt lat="35.20805057421934" lon="129.0948104521973"><ele>111.44963016911915</ele><time>2018-08-13T02:59:34Z</time></trkpt>
<trkpt lat="35.20805983136425" lon="129.09481165972068"><ele>111.44349532961363</ele><time>2018-08-13T02:59:35Z</time></trkpt>
<trkpt lat="35.20807069331069" lon="129.0948115611086"><ele>111.4376011700965</ele><time>2018-08-13T02:59:36Z</time></trkpt>
<trkpt lat="35.20807171033429" lon="129.09479687973374"><ele>111.42081875715881</ele><time>2018-08-13T02:59:39Z</time></trkpt>
<trkpt lat="35.208070663968364" lon="129.09478056876753"><ele>111.40420700333073</ele><time>2018-08-13T02:59:44Z</time></trkpt>
<trkpt lat="35.20807399337186" lon="129.09476867518026"><ele>111.40003978783975</ele><time>2018-08-13T02:59:45Z</time></trkpt>
<trkpt lat="35.20807975732977" lon="129.09475946698717"><ele>111.39597469398173</ele><time>2018-08-13T02:59:47Z</time></trkpt>
<trkpt lat="35.20809465846651" lon="129.094754913207"><ele>111.38334601901936</ele><time>2018-08-13T02:59:51Z</time></trkpt>
<trkpt lat="35.208104150673655" lon="129.09474914689065"><ele>111.38075486303173</ele><time>2018-08-13T02:59:52Z</time></trkpt>
<trkpt lat="35.20811473207224" lon="129.09474059236095"><ele>111.37856055398785</ele><time>2018-08-13T02:59:53Z</time></trkpt>
<trkpt lat="35.20812134279111" lon="129.09473284990418"><ele>111.37419766522784</ele><time>2018-08-13T03:00:00Z</time></trkpt>
<trkpt lat="35.2081377957711" lon="129.09472280402315"><ele>111.37367897426064</ele><time>2018-08-13T03:00:02Z</time></trkpt>
<trkpt lat="35.208145810180454" lon="129.09471415297435"><ele>111.37232588742899</ele><time>2018-08-13T03:00:06Z</time></trkpt>
<trkpt lat="35.2081530041561" lon="129.09472371397294"><ele>111.36400495232368</ele><time>2018-08-13T03:00:18Z</time></trkpt>
<trkpt lat="35.208166407954884" lon="129.09472496445608"><ele>111.36136061128927</ele><time>2018-08-13T03:00:20Z</time></trkpt>
<trkpt lat="35.20817586419174" lon="129.0947271073071"><ele>111.35749051222427</ele><time>2018-08-13T03:00:26Z</time></trkpt>
<trkpt lat="35.20818502251338" lon="129.09472269325488"><ele>111.35438193689278</ele><time>2018-08-13T03:00:31Z</time></trkpt>
<trkpt lat="35.20819453476555" lon="129.0947122257079"><ele>111.35246720549087</ele><time>2018-08-13T03:00:35Z</time></trkpt>
<trkpt lat="35.208201812176604" lon="129.0946982240257"><ele>111.350657073106</ele><time>2018-08-13T03:00:36Z</time></trkpt>
<trkpt lat="35.20820724611826" lon="129.09468853054886"><ele>111.34859285244691</ele><time>2018-08-13T03:00:37Z</time></trkpt>
<trkpt lat="35.20827553527384" lon="129.09457603472833"><ele>111.34469881631021</ele><time>2018-08-13T03:00:39Z</time></trkpt>
<trkpt lat="35.20829225560543" lon="129.0945647532792"><ele>111.34452507477481</ele><time>2018-08-13T03:00:40Z</time></trkpt>
<trkpt lat="35.2082823146003" lon="129.0945599679494"><ele>111.34125042545273</ele><time>2018-08-13T03:00:46Z</time></trkpt>
<trkpt lat="35.20828203162142" lon="129.09454674049334"><ele>111.34223633711298</ele><time>2018-08-13T03:00:49Z</time></trkpt>
<trkpt lat="35.208278140137274" lon="129.0945316868507"><ele>111.34357067094302</ele><time>2018-08-13T03:00:51Z</time></trkpt>
<trkpt lat="35.20827258787558" lon="129.09452009334643"><ele>111.34457326945339</ele><time>2018-08-13T03:00:52Z</time></trkpt>
<trkpt lat="35.20826661391374" lon="129.09451020397137"><ele>111.34579275536566</ele><time>2018-08-13T03:00:53Z</time></trkpt>
<trkpt lat="35.208254764044845" lon="129.09450163125916"><ele>111.34732576234335</ele><time>2018-08-13T03:00:55Z</time></trkpt>
<trkpt lat="35.20824088817417" lon="129.0944861963153"><ele>111.35567261757213</ele><time>2018-08-13T03:00:59Z</time></trkpt>
<trkpt lat="35.2082310058858" lon="129.0944865598674"><ele>111.38338170500545</ele><time>2018-08-13T03:01:07Z</time></trkpt>
<trkpt lat="35.20820755174065" lon="129.09449083456582"><ele>111.39944877167073</ele><time>2018-08-13T03:01:13Z</time></trkpt>
<trkpt lat="35.20819842461876" lon="129.09449867614285"><ele>111.40413273755165</ele><time>2018-08-13T03:01:14Z</time></trkpt>
<trkpt lat="35.208182530708875" lon="129.0945015271584"><ele>111.41487883027523</ele><time>2018-08-13T03:01:16Z</time></trkpt>
<trkpt lat="35.208172123152934" lon="129.0944992037073"><ele>111.42283350761463</ele><time>2018-08-13T03:01:20Z</time></trkpt>
<trkpt lat="35.20817538546831" lon="129.09448867370418"><ele>111.4650586590886</ele><time>2018-08-13T03:01:31Z</time></trkpt>
<trkpt lat="35.20817327122244" lon="129.09447705707635"><ele>111.48675648217207</ele><time>2018-08-13T03:01:39Z</time></trkpt>
<trkpt lat="35.20817343511085" lon="129.09446557935405"><ele>111.4961602132445</ele><time>2018-08-13T03:01:45Z</time></trkpt>
<trkpt lat="35.208170967354356" lon="129.09445256927472"><ele>111.50544723888044</ele><time>2018-08-13T03:01:50Z</time></trkpt>
<trkpt lat="35.20816615622712" lon="129.094442786841"><ele>111.55762752416031</ele><time>2018-08-13T03:01:55Z</time></trkpt>
<trkpt lat="35.208176400511086" lon="129.0944427004963"><ele>111.86700246876629</ele><time>2018-08-13T03:02:09Z</time></trkpt>
<trkpt lat="35.20818591865681" lon="129.09444310416484"><ele>111.93297628160285</ele><time>2018-08-13T03:02:13Z</time></trkpt>
<trkpt lat="35.208196775701296" lon="129.09444235751062"><ele>111.99849744311345</ele><time>2018-08-13T03:02:17Z</time></trkpt>
<trkpt lat="35.20820814890693" lon="129.09443955014171"><ele>112.03976253390162</ele><time>2018-08-13T03:02:19Z</time></trkpt>
<trkpt lat="35.20821933614636" lon="129.0944361218725"><ele>112.07995420006988</ele><time>2018-08-13T03:02:21Z</time></trkpt>
<trkpt lat="35.20823597038579" lon="129.09443173233944"><ele>112.14065139626595</ele><time>2018-08-13T03:02:25Z</time></trkpt>
<trkpt lat="35.20824808127894" lon="129.0944300708079"><ele>112.16206831407082</ele><time>2018-08-13T03:02:27Z</time></trkpt>
<trkpt lat="35.20825797714107" lon="129.09442442850695"><ele>112.2496082069863</ele><time>2018-08-13T03:02:33Z</time></trkpt>
<trkpt lat="35.20826843000652" lon="129.09442502628917"><ele>112.29004426328326</ele><time>2018-08-13T03:02:35Z</time></trkpt>
<trkpt lat="35.208283779263496" lon="129.09442555468945"><ele>112.32960899159812</ele><time>2018-08-13T03:02:37Z</time></trkpt>
<trkpt lat="35.208298157279906" lon="129.0944185333334"><ele>112.368987705539</ele><time>2018-08-13T03:02:39Z</time></trkpt>
<trkpt lat="35.20830718686047" lon="129.0944161466109"><ele>112.38847008148191</ele><time>2018-08-13T03:02:40Z</time></trkpt>
<trkpt lat="35.20831705493555" lon="129.09441605857296"><ele>112.42694588508621</ele><time>2018-08-13T03:02:42Z</time></trkpt>
<trkpt lat="35.208328443554954" lon="129.09441032160044"><ele>112.46503677221547</ele><time>2018-08-13T03:02:44Z</time></trkpt>
<trkpt lat="35.20831456618388" lon="129.09441172861295"><ele>112.503277310211</ele><time>2018-08-13T03:02:46Z</time></trkpt>
<trkpt lat="35.20832127435363" lon="129.0943986441324"><ele>112.57950532544467</ele><time>2018-08-13T03:02:50Z</time></trkpt>
<trkpt lat="35.20833719768921" lon="129.0943980654498"><ele>112.61932790473213</ele><time>2018-08-13T03:02:52Z</time></trkpt>
<trkpt lat="35.20834839903146" lon="129.09439519374223"><ele>112.64864370868148</ele><time>2018-08-13T03:02:56Z</time></trkpt>
<trkpt lat="35.20835691834942" lon="129.09438928779025"><ele>112.72157285882405</ele><time>2018-08-13T03:03:00Z</time></trkpt>
<trkpt lat="35.20836596285443" lon="129.09438784904387"><ele>112.81658041841065</ele><time>2018-08-13T03:03:04Z</time></trkpt>
<trkpt lat="35.20837591766546" lon="129.09438846534192"><ele>112.86373207970684</ele><time>2018-08-13T03:03:06Z</time></trkpt>
<trkpt lat="35.20838717627249" lon="129.09438901018484"><ele>112.91001071182993</ele><time>2018-08-13T03:03:08Z</time></trkpt>
<trkpt lat="35.20840093592426" lon="129.094387372239"><ele>112.98069325169516</ele><time>2018-08-13T03:03:12Z</time></trkpt>
<trkpt lat="35.20841303705782" lon="129.09437809117776"><ele>112.98729003593657</ele><time>2018-08-13T03:03:15Z</time></trkpt>
<trkpt lat="35.20842731661877" lon="129.0943595891414"><ele>113.01154155113326</ele><time>2018-08-13T03:03:17Z</time></trkpt>
<trkpt lat="35.20848993348202" lon="129.09428677938251"><ele>113.05536242002974</ele><time>2018-08-13T03:03:19Z</time></trkpt>
<trkpt lat="35.20849662678787" lon="129.09427091185603"><ele>113.05749891416619</ele><time>2018-08-13T03:03:20Z</time></trkpt>
<trkpt lat="35.20851070223625" lon="129.0942722277158"><ele>113.18492345002927</ele><time>2018-08-13T03:03:27Z</time></trkpt>
<trkpt lat="35.2085195948998" lon="129.0942741448829"><ele>113.22834688319145</ele><time>2018-08-13T03:03:30Z</time></trkpt>
<trkpt lat="35.208533100632756" lon="129.09428245046763"><ele>113.31409576032036</ele><time>2018-08-13T03:03:35Z</time></trkpt>
<trkpt lat="35.208543802743584" lon="129.094277117635"><ele>113.39042693669063</ele><time>2018-08-13T03:03:43Z</time></trkpt>
<trkpt lat="35.20855505554293" lon="129.09428069699038"><ele>113.45850306332177</ele><time>2018-08-13T03:03:46Z</time></trkpt>
<trkpt lat="35.208564755042005" lon="129.09428996102838"><ele>113.5798201952554</ele><time>2018-08-13T03:03:54Z</time></trkpt>
<trkpt lat="35.20857650476352" lon="129.09429384731072"><ele>113.6294792363771</ele><time>2018-08-13T03:03:56Z</time></trkpt>
<trkpt lat="35.208586228897026" lon="129.09429336276742"><ele>113.7080265332372</ele><time>2018-08-13T03:03:59Z</time></trkpt>
<trkpt lat="35.20859371336239" lon="129.09430002561305"><ele>113.78619726939655</ele><time>2018-08-13T03:04:02Z</time></trkpt>
<trkpt lat="35.208607503505036" lon="129.09429634341677"><ele>113.88974182051025</ele><time>2018-08-13T03:04:10Z</time></trkpt>
<trkpt lat="35.20861618621389" lon="129.09430167822097"><ele>114.0110794515983</ele><time>2018-08-13T03:04:14Z</time></trkpt>
<trkpt lat="35.208628723917606" lon="129.09428403182255"><ele>114.13486669241867</ele><time>2018-08-13T03:04:18Z</time></trkpt>
<trkpt lat="35.208637184606296" lon="129.09427592773295"><ele>114.16644374445585</ele><time>2018-08-13T03:04:19Z</time></trkpt>
<trkpt lat="35.208646299783396" lon="129.09427023369085"><ele>114.1985254675209</ele><time>2018-08-13T03:04:20Z</time></trkpt>
<trkpt lat="35.20865883339243" lon="129.09426508926845"><ele>114.23116887618515</ele><time>2018-08-13T03:04:21Z</time></trkpt>
<trkpt lat="35.20870409179454" lon="129.09425716387364"><ele>114.2643099719863</ele><time>2018-08-13T03:04:22Z</time></trkpt>
<trkpt lat="35.20872526647913" lon="129.0942445126865"><ele>114.26765853189076</ele><time>2018-08-13T03:04:23Z</time></trkpt>
<trkpt lat="35.20872982328697" lon="129.09423468556042"><ele>114.37130159801393</ele><time>2018-08-13T03:04:26Z</time></trkpt>
<trkpt lat="35.208740307677566" lon="129.09421902539543"><ele>114.44300957544465</ele><time>2018-08-13T03:04:28Z</time></trkpt>
<trkpt lat="35.20875003379942" lon="129.0942043934631"><ele>114.44659824417752</ele><time>2018-08-13T03:04:29Z</time></trkpt>
<trkpt lat="35.20876112206333" lon="129.09419679986877"><ele>114.48358327641459</ele><time>2018-08-13T03:04:30Z</time></trkpt>
<trkpt lat="35.208775648623934" lon="129.09419106331472"><ele>114.55655309571168</ele><time>2018-08-13T03:04:32Z</time></trkpt>
<trkpt lat="35.20877809894568" lon="129.09417791283624"><ele>114.64552002037233</ele><time>2018-08-13T03:04:38Z</time></trkpt>
<trkpt lat="35.20878827108181" lon="129.094170565235"><ele>114.68642898862569</ele><time>2018-08-13T03:04:40Z</time></trkpt>
<trkpt lat="35.20879988917696" lon="129.09416925291555"><ele>114.83104807480959</ele><time>2018-08-13T03:04:44Z</time></trkpt>
<trkpt lat="35.20881145867365" lon="129.09416491239665"><ele>115.03750205404012</ele><time>2018-08-13T03:04:55Z</time></trkpt>
<trkpt lat="35.20882559998865" lon="129.0941523891645"><ele>115.07921208938399</ele><time>2018-08-13T03:04:57Z</time></trkpt>
<trkpt lat="35.20882632088453" lon="129.0941131152557"><ele>115.12072924847446</ele><time>2018-08-13T03:04:59Z</time></trkpt>
<trkpt lat="35.20883285788514" lon="129.0940977702353"><ele>115.12443929854123</ele><time>2018-08-13T03:05:00Z</time></trkpt>
<trkpt lat="35.20885820857484" lon="129.09408192318188"><ele>115.20187095680922</ele><time>2018-08-13T03:05:03Z</time></trkpt>
<trkpt lat="35.208868738656555" lon="129.09407406851608"><ele>115.23800116610295</ele><time>2018-08-13T03:05:04Z</time></trkpt>
<trkpt lat="35.20887455095831" lon="129.0940656702221"><ele>115.27355042390606</ele><time>2018-08-13T03:05:05Z</time></trkpt>
<trkpt lat="35.208886389705405" lon="129.09405810909288"><ele>115.3433400508451</ele><time>2018-08-13T03:05:07Z</time></trkpt>
<trkpt lat="35.208896427045545" lon="129.09405291707913"><ele>115.449454028946</ele><time>2018-08-13T03:05:11Z</time></trkpt>
<trkpt lat="35.20890654482792" lon="129.09404595304284"><ele>115.58441352034048</ele><time>2018-08-13T03:05:16Z</time></trkpt>
<trkpt lat="35.20891805253106" lon="129.09403630281236"><ele>115.62271124405142</ele><time>2018-08-13T03:05:19Z</time></trkpt>
<trkpt lat="35.20892663343158" lon="129.09402969586984"><ele>115.65424249260496</ele><time>2018-08-13T03:05:20Z</time></trkpt>
<trkpt lat="35.20893682130876" lon="129.09402632394097"><ele>115.71612363860675</ele><time>2018-08-13T03:05:22Z</time></trkpt>
<trkpt lat="35.20894605917587" lon="129.09401938351482"><ele>115.80947159896081</ele><time>2018-08-13T03:05:26Z</time></trkpt>
<trkpt lat="35.2089514630046" lon="129.09401004420033"><ele>115.90682356927239</ele><time>2018-08-13T03:05:32Z</time></trkpt>
<trkpt lat="35.208961392083225" lon="129.09399988571113"><ele>116.05795315044439</ele><time>2018-08-13T03:05:40Z</time></trkpt>
<trkpt lat="35.208969159944715" lon="129.09398653469407"><ele>116.08527100314292</ele><time>2018-08-13T03:05:41Z</time></trkpt>
<trkpt lat="35.20898996690026" lon="129.09395831614165"><ele>116.16588438920208</ele><time>2018-08-13T03:05:44Z</time></trkpt>
<trkpt lat="35.20899717072679" lon="129.0939485733819"><ele>116.19312958863748</ele><time>2018-08-13T03:05:45Z</time></trkpt>
<trkpt lat="35.20900237311073" lon="129.09393030451236"><ele>116.2477776705951</ele><time>2018-08-13T03:05:47Z</time></trkpt>
<trkpt lat="35.209010749501466" lon="129.0939216465806"><ele>116.33231395000296</ele><time>2018-08-13T03:05:51Z</time></trkpt>
<trkpt lat="35.209018020507344" lon="129.0939132355686"><ele>116.38812074142596</ele><time>2018-08-13T03:05:53Z</time></trkpt>
<trkpt lat="35.209024783511005" lon="129.09390354329662"><ele>116.50140454597965</ele><time>2018-08-13T03:05:58Z</time></trkpt>
<trkpt lat="35.20903195778301" lon="129.09389368832228"><ele>116.64051897923584</ele><time>2018-08-13T03:06:04Z</time></trkpt>
<trkpt lat="35.209038922412624" lon="129.09388310389159"><ele>116.71940532284395</ele><time>2018-08-13T03:06:07Z</time></trkpt>
<trkpt lat="35.20904527700845" lon="129.09387438656586"><ele>116.77301292558398</ele><time>2018-08-13T03:06:10Z</time></trkpt>
<trkpt lat="35.2090520986207" lon="129.09386393054615"><ele>116.82328254305538</ele><time>2018-08-13T03:06:12Z</time></trkpt>
<trkpt lat="35.20905990069046" lon="129.09384694230812"><ele>116.85097029384602</ele><time>2018-08-13T03:06:14Z</time></trkpt>
<trkpt lat="35.20906556224818" lon="129.09383743289527"><ele>116.90202584677704</ele><time>2018-08-13T03:06:16Z</time></trkpt>
<trkpt lat="35.20907075285821" lon="129.09382619860128"><ele>116.93255634499342</ele><time>2018-08-13T03:06:19Z</time></trkpt>
<trkpt lat="35.20907489073101" lon="129.0938159596834"><ele>117.01531985071952</ele><time>2018-08-13T03:06:24Z</time></trkpt>
<trkpt lat="35.20908187895907" lon="129.09380634663512"><ele>117.0178877680877</ele><time>2018-08-13T03:06:25Z</time></trkpt>
<trkpt lat="35.2090919975614" lon="129.09378740901025"><ele>117.02048208161887</ele><time>2018-08-13T03:06:26Z</time></trkpt>
<trkpt lat="35.20910911697382" lon="129.09375426943825"><ele>117.04677224521555</ele><time>2018-08-13T03:06:27Z</time></trkpt>
<trkpt lat="35.209117656385445" lon="129.0937391887145"><ele>117.0997129172579</ele><time>2018-08-13T03:06:29Z</time></trkpt>
<trkpt lat="35.20913620800588" lon="129.09367843469772"><ele>117.15340752598178</ele><time>2018-08-13T03:06:31Z</time></trkpt>
<trkpt lat="35.209153266036616" lon="129.09363852710374"><ele>117.18175164810008</ele><time>2018-08-13T03:06:32Z</time></trkpt>
<trkpt lat="35.20916540788832" lon="129.0936211410932"><ele>117.21042148468298</ele><time>2018-08-13T03:06:33Z</time></trkpt>
<trkpt lat="35.20917014562369" lon="129.0936073973386"><ele>117.23872585026207</ele><time>2018-08-13T03:06:34Z</time></trkpt>
<trkpt lat="35.209177526442375" lon="129.09358832754492"><ele>117.26707284203975</ele><time>2018-08-13T03:06:35Z</time></trkpt>
<trkpt lat="35.209181953195525" lon="129.09357527236125"><ele>117.29549777869225</ele><time>2018-08-13T03:06:36Z</time></trkpt>
<trkpt lat="35.209256418996766" lon="129.09350526242042"><ele>112.8052749633789</ele><time></time></trkpt>
<trkpt lat="35.209339696090964" lon="129.09338724522377"><ele>112.8815536499023</ele><time></time></trkpt>
<trkpt lat="35.20933093008507" lon="129.0933228722074"><ele>112.4736709594727</ele><time></time></trkpt>
<trkpt lat="35.209405441104956" lon="129.09325849919105"><ele>112.9828338623047</ele><time></time></trkpt>
<trkpt lat="35.20946680307001" lon="129.0932316771009"><ele>113.5163040161133</ele><time></time></trkpt>
<trkpt lat="35.209519399003135" lon="129.09325313477302"><ele>114.0644378662109</ele><time></time></trkpt>
<trkpt lat="35.209642122714605" lon="129.09334432987953"><ele>115.1756744384766</ele><time></time></trkpt>
<trkpt lat="35.20967718659813" lon="129.09319949059272"><ele>115.7807006835938</ele><time></time></trkpt>
<trkpt lat="35.209769229220235" lon="129.09302246479774"><ele>117.4326858520508</ele><time></time></trkpt>
<trkpt lat="35.20986127173803" lon="129.09282934574867"><ele>117.8190383911133</ele><time></time></trkpt>
<trkpt lat="35.209939290475106" lon="129.09252120731412"><ele>115.3173828125</ele><time></time></trkpt>
<trkpt lat="35.209939290475106" lon="129.092317359429"><ele>114.4315185546875</ele><time></time></trkpt>
<trkpt lat="35.20998312016668" lon="129.09216179130613"><ele>113.2322235107422</ele><time></time></trkpt>
<trkpt lat="35.210040098730374" lon="129.09192575691281"><ele>109.4663696289062</ele><time></time></trkpt>
<trkpt lat="35.210341844496675" lon="129.09116747470227"><ele>95.53849029541016</ele><time></time></trkpt>
<trkpt lat="35.21037690807799" lon="129.09107627959577"><ele>94.04508972167969</ele><time></time></trkpt>
<trkpt lat="35.210464566964994" lon="129.09100117774335"><ele>92.88729095458984</ele><time></time></trkpt>
<trkpt lat="35.21054784282002" lon="129.09077050776807"><ele>88.8555908203125</ele><time></time></trkpt>
<trkpt lat="35.21057414044068" lon="129.09071149916974"><ele>87.72233581542969</ele><time></time></trkpt>
<trkpt lat="35.21057414044068" lon="129.09065249057142"><ele>86.78022766113281</ele><time></time></trkpt>
<trkpt lat="35.2105697575045" lon="129.09058811755506"><ele>85.83812713623047</ele><time></time></trkpt>
<trkpt lat="35.21052154519081" lon="129.09052910895673"><ele>85.50922393798828</ele><time></time></trkpt>
<trkpt lat="35.210477715789885" lon="129.09049692244855"><ele>85.26976013183594</ele><time></time></trkpt>
<trkpt lat="35.21040320575401" lon="129.09046473594037"><ele>84.30355834960938</ele><time></time></trkpt>
<trkpt lat="35.21022350479796" lon="129.09034671874372"><ele>81.99308013916016</ele><time></time></trkpt>
<trkpt lat="35.210039420479326" lon="129.09025015921918"><ele>80.06582641601562</ele><time></time></trkpt>
<trkpt lat="35.20990793142479" lon="129.09014823527662"><ele>78.47477722167969</ele><time></time></trkpt>
<trkpt lat="35.20982465491342" lon="129.09005167575208"><ele>77.10942840576172</ele><time></time></trkpt>
<trkpt lat="35.20976767619854" lon="129.08999266715375"><ele>76.20767211914062</ele><time></time></trkpt>
<trkpt lat="35.20964059850818" lon="129.08997120948163"><ele>74.028076171875</ele><time></time></trkpt>
<trkpt lat="35.20958800265355" lon="129.08996048064557"><ele>73.21109008789062</ele><time></time></trkpt>
<trkpt lat="35.20955718446757" lon="129.08985838871422"><ele>72.80081939697266</ele><time></time></trkpt>
<trkpt lat="35.20954403549359" lon="129.08968672733727"><ele>72.68751525878906</ele><time></time></trkpt>
<trkpt lat="35.20946952460088" lon="129.08946678619805"><ele>72.29447174072266</ele><time></time></trkpt>
<trkpt lat="35.209395013639764" lon="129.08925757389488"><ele>72.63898468017578</ele><time></time></trkpt>
<trkpt lat="35.2093730986382" lon="129.08916637878838"><ele>72.98614501953125</ele><time></time></trkpt>
<trkpt lat="35.20935118363072" lon="129.08895716648522"><ele>74.15766143798828</ele><time></time></trkpt>
<trkpt lat="35.20930297059342" lon="129.0886996744198"><ele>75.36456298828125</ele><time></time></trkpt>
<trkpt lat="35.20924599151247" lon="129.0886138437313"><ele>75.244384765625</ele><time></time></trkpt>
<trkpt lat="35.20924599151247" lon="129.08829197864952"><ele>75.91522216796875</ele><time></time></trkpt>
<trkpt lat="35.20909258609569" lon="129.0882329700512"><ele>74.38804626464844</ele><time></time></trkpt>
<trkpt lat="35.20907505402959" lon="129.08807740192833"><ele>74.51765441894531</ele><time></time></trkpt>
<trkpt lat="35.20914518227123" lon="129.08800766449394"><ele>76.04759979248047</ele><time></time></trkpt>
<trkpt lat="35.209197778412694" lon="129.08797547798576"><ele>76.33356475830078</ele><time></time></trkpt>
<trkpt lat="35.20928105556702" lon="129.08786282520714"><ele>76.08961486816406</ele><time></time></trkpt>
<trkpt lat="35.209285438572785" lon="129.0878199098629"><ele>75.91558074951172</ele><time></time></trkpt>
<trkpt lat="35.209276672561025" lon="129.08774480801048"><ele>75.49835968017578</ele><time></time></trkpt>
<trkpt lat="35.209206544432966" lon="129.08761069755974"><ele>74.88352966308594</ele><time></time></trkpt>
<trkpt lat="35.20915833130978" lon="129.0875677822155"><ele>74.7658920288086</ele><time></time></trkpt>
<trkpt lat="35.208961095507775" lon="129.08735856991234"><ele>70.54474639892578</ele><time></time></trkpt>
<trkpt lat="35.208934797364634" lon="129.08729419689598"><ele>69.7795639038086</ele><time></time></trkpt>
<trkpt lat="35.208882201052816" lon="129.08726737480583"><ele>68.58840942382812</ele><time></time></trkpt>
<trkpt lat="35.2087945404574" lon="129.08725128155174"><ele>66.58018493652344</ele><time></time></trkpt>
<trkpt lat="35.20880768955274" lon="129.08712789993706"><ele>66.51033020019531</ele><time></time></trkpt>
<trkpt lat="35.208838370766934" lon="129.08705816250267"><ele>66.77305603027344</ele><time></time></trkpt>
<trkpt lat="35.208882201052816" lon="129.08700451832237"><ele>67.1980209350586</ele><time></time></trkpt>
<trkpt lat="35.208908499212974" lon="129.08690795879784"><ele>67.21820068359375</ele><time></time></trkpt>
<trkpt lat="35.208741944054715" lon="129.08643589001122"><ele>61.03899765014648</ele><time></time></trkpt>
<trkpt lat="35.20855929767789" lon="129.08598527889671"><ele>53.42510223388672</ele><time></time></trkpt>
<trkpt lat="35.208440955381086" lon="129.08589944820824"><ele>51.66482162475586</ele><time></time></trkpt>
<trkpt lat="35.208173588816216" lon="129.08588871937218"><ele>47.27353286743164</ele><time></time></trkpt>
<trkpt lat="35.207964244657845" lon="129.085856532864"><ele>43.5179328918457</ele><time></time></trkpt>
<trkpt lat="35.207793269138534" lon="129.085845782403"><ele>40.70659637451172</ele><time></time></trkpt>
<trkpt lat="35.207394407316" lon="129.08570630753422"><ele>32.96039199829102</ele><time></time></trkpt>
<trkpt lat="35.20717963475385" lon="129.08565266335393"><ele>29.31038475036621</ele><time></time></trkpt>
<trkpt lat="35.206960478492555" lon="129.0853951712885"><ele>24.70180320739746</ele><time></time></trkpt>
<trkpt lat="35.20667119132204" lon="129.08508403504277"><ele>20.84335327148438</ele><time></time></trkpt>
<trkpt lat="35.206864049550234" lon="129.08489628041173"><ele>20.66811752319336</ele><time></time></trkpt>
<trkpt lat="35.207131420427096" lon="129.08456368649388"><ele>19.48434066772461</ele><time></time></trkpt>
<trkpt lat="35.20720593346541" lon="129.08425255024815"><ele>17.84003829956055</ele><time></time></trkpt>
<trkpt lat="35.20728482954912" lon="129.08385558331395"><ele>15.30668830871582</ele><time></time></trkpt>
</trkseg>
</trk>
</gpx>
