<?xml version="1.0" encoding="UTF-8" standalone="no"?>
<gpx xmlns="http://www.topografix.com/GPX/1/1" xmlns:xsi="http://www.w3.org/2001/XMLSchema-instance" creator="GPS Visualizer https://www.gpsvisualizer.com/" version="1.1" xsi:schemaLocation="http://www.topografix.com/GPX/1/1 http://www.topografix.com/GPX/1/1/gpx.xsd">
    <wpt lat="38.134297" lon="128.621033">
        <ele>2.1</ele>
        <name>GPX-282</name>
        <desc>&lt;table&gt;
&lt;tr&gt;&lt;td&gt;Longitude: 128.621033 &lt;/td&gt;&lt;/tr&gt;
&lt;tr&gt;&lt;td&gt;Latitude: 38.134297 &lt;/td&gt;&lt;/tr&gt;
&lt;tr&gt;&lt;td&gt;Altitude: 6.860 ft &lt;/td&gt;&lt;/tr&gt;
&lt;tr&gt;&lt;td&gt;Heading: 342.3 &lt;/td&gt;&lt;/tr&gt;
&lt;/table&gt;</desc>
        <sym>https://earth.google.com/images/kml-icons/track-directional/track-none.png</sym>
    </wpt>
    <wpt lat="38.097490621" lon="128.654671125">
        <ele>6.0</ele>
        <name>GPX-82</name>
        <desc>&lt;table&gt;
&lt;tr&gt;&lt;td&gt;Longitude: 128.653917 &lt;/td&gt;&lt;/tr&gt;
&lt;tr&gt;&lt;td&gt;Latitude: 38.097360 &lt;/td&gt;&lt;/tr&gt;
&lt;tr&gt;&lt;td&gt;Altitude: 21.245 ft &lt;/td&gt;&lt;/tr&gt;
&lt;tr&gt;&lt;td&gt;Heading: 326.7 &lt;/td&gt;&lt;/tr&gt;
&lt;/table&gt;</desc>
        <sym>https://earth.google.com/images/kml-icons/track-directional/track-none.png</sym>
    </wpt>
    <wpt lat="38.12511" lon="128.62125">
        <ele>20.2</ele>
        <name>GPX-239</name>
        <desc>&lt;table&gt;
&lt;tr&gt;&lt;td&gt;Longitude: 128.621250 &lt;/td&gt;&lt;/tr&gt;
&lt;tr&gt;&lt;td&gt;Latitude: 38.125110 &lt;/td&gt;&lt;/tr&gt;
&lt;tr&gt;&lt;td&gt;Altitude: 66.332 ft &lt;/td&gt;&lt;/tr&gt;
&lt;tr&gt;&lt;td&gt;Heading: 2.3 &lt;/td&gt;&lt;/tr&gt;
&lt;/table&gt;</desc>
        <sym>https://earth.google.com/images/kml-icons/track-directional/track-none.png</sym>
    </wpt>
    <wpt lat="38.119444" lon="128.625198">
        <ele>12.4</ele>
        <name>GPX-219</name>
        <desc>&lt;table&gt;
&lt;tr&gt;&lt;td&gt;Longitude: 128.625198 &lt;/td&gt;&lt;/tr&gt;
&lt;tr&gt;&lt;td&gt;Latitude: 38.119444 &lt;/td&gt;&lt;/tr&gt;
&lt;tr&gt;&lt;td&gt;Altitude: 38.051 ft &lt;/td&gt;&lt;/tr&gt;
&lt;tr&gt;&lt;td&gt;Heading: 300.2 &lt;/td&gt;&lt;/tr&gt;
&lt;/table&gt;</desc>
        <sym>https://earth.google.com/images/kml-icons/track-directional/track-none.png</sym>
    </wpt>
    <wpt lat="38.094021525" lon="128.658827697">
        <ele>0.0</ele>
        <name>GPX-70</name>
        <desc>&lt;table&gt;
&lt;tr&gt;&lt;td&gt;Longitude: 128.657310 &lt;/td&gt;&lt;/tr&gt;
&lt;tr&gt;&lt;td&gt;Latitude: 38.093580 &lt;/td&gt;&lt;/tr&gt;
&lt;tr&gt;&lt;td&gt;Altitude: 6.814 ft &lt;/td&gt;&lt;/tr&gt;
&lt;tr&gt;&lt;td&gt;Heading: 319.2 &lt;/td&gt;&lt;/tr&gt;
&lt;/table&gt;</desc>
        <sym>https://earth.google.com/images/kml-icons/track-directional/track-none.png</sym>
    </wpt>
    <wpt lat="38.078068895" lon="128.673677694">
        <ele>0.0</ele>
        <name>GPX-3</name>
        <desc>&lt;table&gt;
&lt;tr&gt;&lt;td&gt;Longitude: 128.673367 &lt;/td&gt;&lt;/tr&gt;
&lt;tr&gt;&lt;td&gt;Latitude: 38.077946 &lt;/td&gt;&lt;/tr&gt;
&lt;tr&gt;&lt;td&gt;Altitude: 3.041 ft &lt;/td&gt;&lt;/tr&gt;
&lt;tr&gt;&lt;td&gt;Heading: 294.8 &lt;/td&gt;&lt;/tr&gt;
&lt;/table&gt;</desc>
        <sym>https://earth.google.com/images/kml-icons/track-directional/track-none.png</sym>
    </wpt>
    <wpt lat="38.111313295" lon="128.640052417">
        <ele>2.4</ele>
        <name>GPX-153</name>
        <desc>&lt;table&gt;
&lt;tr&gt;&lt;td&gt;Longitude: 128.639160 &lt;/td&gt;&lt;/tr&gt;
&lt;tr&gt;&lt;td&gt;Latitude: 38.111970 &lt;/td&gt;&lt;/tr&gt;
&lt;tr&gt;&lt;td&gt;Altitude: 7.995 ft &lt;/td&gt;&lt;/tr&gt;
&lt;tr&gt;&lt;td&gt;Heading: 324.9 &lt;/td&gt;&lt;/tr&gt;
&lt;/table&gt;</desc>
        <sym>https://earth.google.com/images/kml-icons/track-directional/track-none.png</sym>
    </wpt>
    <wpt lat="38.119115" lon="128.63227">
        <ele>4.6</ele>
        <name>GPX-185</name>
        <desc>&lt;table&gt;
&lt;tr&gt;&lt;td&gt;Longitude: 128.632270 &lt;/td&gt;&lt;/tr&gt;
&lt;tr&gt;&lt;td&gt;Latitude: 38.119115 &lt;/td&gt;&lt;/tr&gt;
&lt;tr&gt;&lt;td&gt;Altitude: 15.095 ft &lt;/td&gt;&lt;/tr&gt;
&lt;tr&gt;&lt;td&gt;Heading: 332.7 &lt;/td&gt;&lt;/tr&gt;
&lt;/table&gt;</desc>
        <sym>https://earth.google.com/images/kml-icons/track-directional/track-none.png</sym>
    </wpt>
    <wpt lat="38.10279" lon="128.64034">
        <ele>1.8</ele>
        <name>GPX-120</name>
        <desc>&lt;table&gt;
&lt;tr&gt;&lt;td&gt;Longitude: 128.640340 &lt;/td&gt;&lt;/tr&gt;
&lt;tr&gt;&lt;td&gt;Latitude: 38.102790 &lt;/td&gt;&lt;/tr&gt;
&lt;tr&gt;&lt;td&gt;Altitude: 5.860 ft &lt;/td&gt;&lt;/tr&gt;
&lt;tr&gt;&lt;td&gt;Heading: 282.3 &lt;/td&gt;&lt;/tr&gt;
&lt;/table&gt;</desc>
        <sym>https://earth.google.com/images/kml-icons/track-directional/track-none.png</sym>
    </wpt>
    <wpt lat="38.08667" lon="128.66422">
        <ele>11.0</ele>
        <name>GPX-41</name>
        <desc>&lt;table&gt;
&lt;tr&gt;&lt;td&gt;Longitude: 128.664220 &lt;/td&gt;&lt;/tr&gt;
&lt;tr&gt;&lt;td&gt;Latitude: 38.086670 &lt;/td&gt;&lt;/tr&gt;
&lt;tr&gt;&lt;td&gt;Altitude: 35.991 ft &lt;/td&gt;&lt;/tr&gt;
&lt;tr&gt;&lt;td&gt;Heading: 338.5 &lt;/td&gt;&lt;/tr&gt;
&lt;/table&gt;</desc>
        <sym>https://earth.google.com/images/kml-icons/track-directional/track-none.png</sym>
    </wpt>
    <wpt lat="38.12772" lon="128.62364">
        <ele>8.8</ele>
        <name>GPX-254</name>
        <desc>&lt;table&gt;
&lt;tr&gt;&lt;td&gt;Longitude: 128.623640 &lt;/td&gt;&lt;/tr&gt;
&lt;tr&gt;&lt;td&gt;Latitude: 38.127720 &lt;/td&gt;&lt;/tr&gt;
&lt;tr&gt;&lt;td&gt;Altitude: 28.904 ft &lt;/td&gt;&lt;/tr&gt;
&lt;tr&gt;&lt;td&gt;Heading: 44.5 &lt;/td&gt;&lt;/tr&gt;
&lt;/table&gt;</desc>
        <sym>https://earth.google.com/images/kml-icons/track-directional/track-none.png</sym>
    </wpt>
    <wpt lat="38.078756" lon="128.671476">
        <ele>7.2</ele>
        <name>GPX-9</name>
        <desc>&lt;table&gt;
&lt;tr&gt;&lt;td&gt;Longitude: 128.671476 &lt;/td&gt;&lt;/tr&gt;
&lt;tr&gt;&lt;td&gt;Latitude: 38.078756 &lt;/td&gt;&lt;/tr&gt;
&lt;tr&gt;&lt;td&gt;Altitude: 23.638 ft &lt;/td&gt;&lt;/tr&gt;
&lt;tr&gt;&lt;td&gt;Heading: 287.7 &lt;/td&gt;&lt;/tr&gt;
&lt;/table&gt;</desc>
        <sym>https://earth.google.com/images/kml-icons/track-directional/track-none.png</sym>
    </wpt>
    <wpt lat="38.11989" lon="128.62945">
        <ele>5.0</ele>
        <name>GPX-205</name>
        <desc>&lt;table&gt;
&lt;tr&gt;&lt;td&gt;Longitude: 128.629450 &lt;/td&gt;&lt;/tr&gt;
&lt;tr&gt;&lt;td&gt;Latitude: 38.119890 &lt;/td&gt;&lt;/tr&gt;
&lt;tr&gt;&lt;td&gt;Altitude: 16.378 ft &lt;/td&gt;&lt;/tr&gt;
&lt;tr&gt;&lt;td&gt;Heading: 205.9 &lt;/td&gt;&lt;/tr&gt;
&lt;/table&gt;</desc>
        <sym>https://earth.google.com/images/kml-icons/track-directional/track-none.png</sym>
    </wpt>
    <wpt lat="38.08947" lon="128.66146">
        <ele>2.0</ele>
        <name>GPX-53</name>
        <desc>&lt;table&gt;
&lt;tr&gt;&lt;td&gt;Longitude: 128.661460 &lt;/td&gt;&lt;/tr&gt;
&lt;tr&gt;&lt;td&gt;Latitude: 38.089470 &lt;/td&gt;&lt;/tr&gt;
&lt;tr&gt;&lt;td&gt;Altitude: 6.562 ft &lt;/td&gt;&lt;/tr&gt;
&lt;tr&gt;&lt;td&gt;Heading: 324.8 &lt;/td&gt;&lt;/tr&gt;
&lt;/table&gt;</desc>
        <sym>https://earth.google.com/images/kml-icons/track-directional/track-none.png</sym>
    </wpt>
    <wpt lat="38.15782" lon="128.6093">
        <ele>7.8</ele>
        <name>GPX-381</name>
        <desc>&lt;table&gt;
&lt;tr&gt;&lt;td&gt;Longitude: 128.609300 &lt;/td&gt;&lt;/tr&gt;
&lt;tr&gt;&lt;td&gt;Latitude: 38.157820 &lt;/td&gt;&lt;/tr&gt;
&lt;tr&gt;&lt;td&gt;Altitude: 25.748 ft &lt;/td&gt;&lt;/tr&gt;
&lt;tr&gt;&lt;td&gt;Heading: 348.9 &lt;/td&gt;&lt;/tr&gt;
&lt;/table&gt;</desc>
        <sym>https://earth.google.com/images/kml-icons/track-directional/track-none.png</sym>
    </wpt>
    <wpt lat="38.09997" lon="128.65151">
        <ele>5.8</ele>
        <name>GPX-92</name>
        <desc>&lt;table&gt;
&lt;tr&gt;&lt;td&gt;Longitude: 128.651510 &lt;/td&gt;&lt;/tr&gt;
&lt;tr&gt;&lt;td&gt;Latitude: 38.099970 &lt;/td&gt;&lt;/tr&gt;
&lt;tr&gt;&lt;td&gt;Altitude: 19.177 ft &lt;/td&gt;&lt;/tr&gt;
&lt;tr&gt;&lt;td&gt;Heading: 322.9 &lt;/td&gt;&lt;/tr&gt;
&lt;/table&gt;</desc>
        <sym>https://earth.google.com/images/kml-icons/track-directional/track-none.png</sym>
    </wpt>
    <wpt lat="38.120119603" lon="128.631662539">
        <ele>1.6</ele>
        <name>GPX-191</name>
        <desc>&lt;table&gt;
&lt;tr&gt;&lt;td&gt;Longitude: 128.631416 &lt;/td&gt;&lt;/tr&gt;
&lt;tr&gt;&lt;td&gt;Latitude: 38.120284 &lt;/td&gt;&lt;/tr&gt;
&lt;tr&gt;&lt;td&gt;Altitude: 12.139 ft &lt;/td&gt;&lt;/tr&gt;
&lt;tr&gt;&lt;td&gt;Heading: 341.3 &lt;/td&gt;&lt;/tr&gt;
&lt;/table&gt;</desc>
        <sym>https://earth.google.com/images/kml-icons/track-directional/track-none.png</sym>
    </wpt>
    <wpt lat="38.091655" lon="128.659645">
        <ele>0.7</ele>
        <name>GPX-61</name>
        <desc>&lt;table&gt;
&lt;tr&gt;&lt;td&gt;Longitude: 128.659645 &lt;/td&gt;&lt;/tr&gt;
&lt;tr&gt;&lt;td&gt;Latitude: 38.091655 &lt;/td&gt;&lt;/tr&gt;
&lt;tr&gt;&lt;td&gt;Altitude: 5.071 ft &lt;/td&gt;&lt;/tr&gt;
&lt;tr&gt;&lt;td&gt;Heading: 321.8 &lt;/td&gt;&lt;/tr&gt;
&lt;/table&gt;</desc>
        <sym>https://earth.google.com/images/kml-icons/track-directional/track-none.png</sym>
    </wpt>
    <wpt lat="38.096855302" lon="128.654625166">
        <ele>7.3</ele>
        <name>GPX-80</name>
        <desc>&lt;table&gt;
&lt;tr&gt;&lt;td&gt;Longitude: 128.654450 &lt;/td&gt;&lt;/tr&gt;
&lt;tr&gt;&lt;td&gt;Latitude: 38.096720 &lt;/td&gt;&lt;/tr&gt;
&lt;tr&gt;&lt;td&gt;Altitude: 20.381 ft &lt;/td&gt;&lt;/tr&gt;
&lt;tr&gt;&lt;td&gt;Heading: 323.9 &lt;/td&gt;&lt;/tr&gt;
&lt;/table&gt;</desc>
        <sym>https://earth.google.com/images/kml-icons/track-directional/track-none.png</sym>
    </wpt>
    <wpt lat="38.101317" lon="128.6481">
        <ele>3.9</ele>
        <name>GPX-101</name>
        <desc>&lt;table&gt;
&lt;tr&gt;&lt;td&gt;Longitude: 128.648100 &lt;/td&gt;&lt;/tr&gt;
&lt;tr&gt;&lt;td&gt;Latitude: 38.101317 &lt;/td&gt;&lt;/tr&gt;
&lt;tr&gt;&lt;td&gt;Altitude: 8.652 ft &lt;/td&gt;&lt;/tr&gt;
&lt;tr&gt;&lt;td&gt;Heading: 284.4 &lt;/td&gt;&lt;/tr&gt;
&lt;/table&gt;</desc>
        <sym>https://earth.google.com/images/kml-icons/track-directional/track-none.png</sym>
    </wpt>
    <wpt lat="38.11935" lon="128.6291">
        <ele>4.0</ele>
        <name>GPX-208</name>
        <desc>&lt;table&gt;
&lt;tr&gt;&lt;td&gt;Longitude: 128.629100 &lt;/td&gt;&lt;/tr&gt;
&lt;tr&gt;&lt;td&gt;Latitude: 38.119350 &lt;/td&gt;&lt;/tr&gt;
&lt;tr&gt;&lt;td&gt;Altitude: 13.123 ft &lt;/td&gt;&lt;/tr&gt;
&lt;tr&gt;&lt;td&gt;Heading: 222.2 &lt;/td&gt;&lt;/tr&gt;
&lt;/table&gt;</desc>
        <sym>https://earth.google.com/images/kml-icons/track-directional/track-none.png</sym>
    </wpt>
    <wpt lat="38.139035" lon="128.615485">
        <ele>3.4</ele>
        <name>GPX-305</name>
        <desc>&lt;table&gt;
&lt;tr&gt;&lt;td&gt;Longitude: 128.615485 &lt;/td&gt;&lt;/tr&gt;
&lt;tr&gt;&lt;td&gt;Latitude: 38.139035 &lt;/td&gt;&lt;/tr&gt;
&lt;tr&gt;&lt;td&gt;Altitude: 10.172 ft &lt;/td&gt;&lt;/tr&gt;
&lt;tr&gt;&lt;td&gt;Heading: 323.1 &lt;/td&gt;&lt;/tr&gt;
&lt;/table&gt;</desc>
        <sym>https://earth.google.com/images/kml-icons/track-directional/track-none.png</sym>
    </wpt>
    <wpt lat="38.142975" lon="128.612515">
        <ele>2.2</ele>
        <name>GPX-324</name>
        <desc>&lt;table&gt;
&lt;tr&gt;&lt;td&gt;Longitude: 128.612515 &lt;/td&gt;&lt;/tr&gt;
&lt;tr&gt;&lt;td&gt;Latitude: 38.142975 &lt;/td&gt;&lt;/tr&gt;
&lt;tr&gt;&lt;td&gt;Altitude: 8.184 ft &lt;/td&gt;&lt;/tr&gt;
&lt;tr&gt;&lt;td&gt;Heading: 337.3 &lt;/td&gt;&lt;/tr&gt;
&lt;/table&gt;</desc>
        <sym>https://earth.google.com/images/kml-icons/track-directional/track-none.png</sym>
    </wpt>
    <wpt lat="38.153580721" lon="128.608284267">
        <ele>0.5</ele>
        <name>GPX-366</name>
        <desc>&lt;table&gt;
&lt;tr&gt;&lt;td&gt;Longitude: 128.607900 &lt;/td&gt;&lt;/tr&gt;
&lt;tr&gt;&lt;td&gt;Latitude: 38.153540 &lt;/td&gt;&lt;/tr&gt;
&lt;tr&gt;&lt;td&gt;Altitude: 9.003 ft &lt;/td&gt;&lt;/tr&gt;
&lt;tr&gt;&lt;td&gt;Heading: 8.9 &lt;/td&gt;&lt;/tr&gt;
&lt;/table&gt;</desc>
        <sym>https://earth.google.com/images/kml-icons/track-directional/track-none.png</sym>
    </wpt>
    <wpt lat="38.14242" lon="128.61288">
        <ele>2.8</ele>
        <name>GPX-322</name>
        <desc>&lt;table&gt;
&lt;tr&gt;&lt;td&gt;Longitude: 128.612880 &lt;/td&gt;&lt;/tr&gt;
&lt;tr&gt;&lt;td&gt;Latitude: 38.142420 &lt;/td&gt;&lt;/tr&gt;
&lt;tr&gt;&lt;td&gt;Altitude: 9.318 ft &lt;/td&gt;&lt;/tr&gt;
&lt;tr&gt;&lt;td&gt;Heading: 329.1 &lt;/td&gt;&lt;/tr&gt;
&lt;/table&gt;</desc>
        <sym>https://earth.google.com/images/kml-icons/track-directional/track-none.png</sym>
    </wpt>
    <wpt lat="38.15127" lon="128.60778">
        <ele>2.0</ele>
        <name>GPX-357</name>
        <desc>&lt;table&gt;
&lt;tr&gt;&lt;td&gt;Longitude: 128.607780 &lt;/td&gt;&lt;/tr&gt;
&lt;tr&gt;&lt;td&gt;Latitude: 38.151270 &lt;/td&gt;&lt;/tr&gt;
&lt;tr&gt;&lt;td&gt;Altitude: 6.562 ft &lt;/td&gt;&lt;/tr&gt;
&lt;tr&gt;&lt;td&gt;Heading: 346.9 &lt;/td&gt;&lt;/tr&gt;
&lt;/table&gt;</desc>
        <sym>https://earth.google.com/images/kml-icons/track-directional/track-none.png</sym>
    </wpt>
    <wpt lat="38.15528" lon="128.6091">
        <ele>6.2</ele>
        <name>GPX-372</name>
        <desc>&lt;table&gt;
&lt;tr&gt;&lt;td&gt;Longitude: 128.609100 &lt;/td&gt;&lt;/tr&gt;
&lt;tr&gt;&lt;td&gt;Latitude: 38.155280 &lt;/td&gt;&lt;/tr&gt;
&lt;tr&gt;&lt;td&gt;Altitude: 20.440 ft &lt;/td&gt;&lt;/tr&gt;
&lt;tr&gt;&lt;td&gt;Heading: 37.1 &lt;/td&gt;&lt;/tr&gt;
&lt;/table&gt;</desc>
        <sym>https://earth.google.com/images/kml-icons/track-directional/track-none.png</sym>
    </wpt>
    <wpt lat="38.08833" lon="128.66279">
        <ele>6.1</ele>
        <name>GPX-47</name>
        <desc>&lt;table&gt;
&lt;tr&gt;&lt;td&gt;Longitude: 128.662790 &lt;/td&gt;&lt;/tr&gt;
&lt;tr&gt;&lt;td&gt;Latitude: 38.088330 &lt;/td&gt;&lt;/tr&gt;
&lt;tr&gt;&lt;td&gt;Altitude: 20.049 ft &lt;/td&gt;&lt;/tr&gt;
&lt;tr&gt;&lt;td&gt;Heading: 319.1 &lt;/td&gt;&lt;/tr&gt;
&lt;/table&gt;</desc>
        <sym>https://earth.google.com/images/kml-icons/track-directional/track-none.png</sym>
    </wpt>
    <wpt lat="38.121155033" lon="128.630158488">
        <ele>5.4</ele>
        <name>GPX-200</name>
        <desc>&lt;table&gt;
&lt;tr&gt;&lt;td&gt;Longitude: 128.630111 &lt;/td&gt;&lt;/tr&gt;
&lt;tr&gt;&lt;td&gt;Latitude: 38.120830 &lt;/td&gt;&lt;/tr&gt;
&lt;tr&gt;&lt;td&gt;Altitude: 22.313 ft &lt;/td&gt;&lt;/tr&gt;
&lt;tr&gt;&lt;td&gt;Heading: 265.6 &lt;/td&gt;&lt;/tr&gt;
&lt;/table&gt;</desc>
        <sym>https://earth.google.com/images/kml-icons/track-directional/track-none.png</sym>
    </wpt>
    <wpt lat="38.13303" lon="128.62131">
        <ele>6.8</ele>
        <name>GPX-277</name>
        <desc>&lt;table&gt;
&lt;tr&gt;&lt;td&gt;Longitude: 128.621310 &lt;/td&gt;&lt;/tr&gt;
&lt;tr&gt;&lt;td&gt;Latitude: 38.133030 &lt;/td&gt;&lt;/tr&gt;
&lt;tr&gt;&lt;td&gt;Altitude: 22.178 ft &lt;/td&gt;&lt;/tr&gt;
&lt;tr&gt;&lt;td&gt;Heading: 348.6 &lt;/td&gt;&lt;/tr&gt;
&lt;/table&gt;</desc>
        <sym>https://earth.google.com/images/kml-icons/track-directional/track-none.png</sym>
    </wpt>
    <wpt lat="38.11252" lon="128.63897">
        <ele>3.1</ele>
        <name>GPX-157</name>
        <desc>&lt;table&gt;
&lt;tr&gt;&lt;td&gt;Longitude: 128.638970 &lt;/td&gt;&lt;/tr&gt;
&lt;tr&gt;&lt;td&gt;Latitude: 38.112520 &lt;/td&gt;&lt;/tr&gt;
&lt;tr&gt;&lt;td&gt;Altitude: 10.010 ft &lt;/td&gt;&lt;/tr&gt;
&lt;tr&gt;&lt;td&gt;Heading: 326.5 &lt;/td&gt;&lt;/tr&gt;
&lt;/table&gt;</desc>
        <sym>https://earth.google.com/images/kml-icons/track-directional/track-none.png</sym>
    </wpt>
    <wpt lat="38.13765" lon="128.6167">
        <ele>5.0</ele>
        <name>GPX-299</name>
        <desc>&lt;table&gt;
&lt;tr&gt;&lt;td&gt;Longitude: 128.616700 &lt;/td&gt;&lt;/tr&gt;
&lt;tr&gt;&lt;td&gt;Latitude: 38.137650 &lt;/td&gt;&lt;/tr&gt;
&lt;tr&gt;&lt;td&gt;Altitude: 16.503 ft &lt;/td&gt;&lt;/tr&gt;
&lt;tr&gt;&lt;td&gt;Heading: 322.8 &lt;/td&gt;&lt;/tr&gt;
&lt;/table&gt;</desc>
        <sym>https://earth.google.com/images/kml-icons/track-directional/track-none.png</sym>
    </wpt>
    <wpt lat="38.104247" lon="128.64048">
        <ele>4.4</ele>
        <name>GPX-126</name>
        <desc>&lt;table&gt;
&lt;tr&gt;&lt;td&gt;Longitude: 128.640480 &lt;/td&gt;&lt;/tr&gt;
&lt;tr&gt;&lt;td&gt;Latitude: 38.104247 &lt;/td&gt;&lt;/tr&gt;
&lt;tr&gt;&lt;td&gt;Altitude: 10.313 ft &lt;/td&gt;&lt;/tr&gt;
&lt;tr&gt;&lt;td&gt;Heading: 13.5 &lt;/td&gt;&lt;/tr&gt;
&lt;/table&gt;</desc>
        <sym>https://earth.google.com/images/kml-icons/track-directional/track-none.png</sym>
    </wpt>
    <wpt lat="38.078743" lon="128.669967">
        <ele>9.4</ele>
        <name>GPX-13</name>
        <desc>&lt;table&gt;
&lt;tr&gt;&lt;td&gt;Longitude: 128.669967 &lt;/td&gt;&lt;/tr&gt;
&lt;tr&gt;&lt;td&gt;Latitude: 38.078743 &lt;/td&gt;&lt;/tr&gt;
&lt;tr&gt;&lt;td&gt;Altitude: 30.899 ft &lt;/td&gt;&lt;/tr&gt;
&lt;tr&gt;&lt;td&gt;Heading: 287.6 &lt;/td&gt;&lt;/tr&gt;
&lt;/table&gt;</desc>
        <sym>https://earth.google.com/images/kml-icons/track-directional/track-none.png</sym>
    </wpt>
    <wpt lat="38.08423" lon="128.66534">
        <ele>3.2</ele>
        <name>GPX-33</name>
        <desc>&lt;table&gt;
&lt;tr&gt;&lt;td&gt;Longitude: 128.665340 &lt;/td&gt;&lt;/tr&gt;
&lt;tr&gt;&lt;td&gt;Latitude: 38.084230 &lt;/td&gt;&lt;/tr&gt;
&lt;tr&gt;&lt;td&gt;Altitude: 10.577 ft &lt;/td&gt;&lt;/tr&gt;
&lt;tr&gt;&lt;td&gt;Heading: 341.0 &lt;/td&gt;&lt;/tr&gt;
&lt;/table&gt;</desc>
        <sym>https://earth.google.com/images/kml-icons/track-directional/track-none.png</sym>
    </wpt>
    <wpt lat="38.08457" lon="128.66517">
        <ele>2.6</ele>
        <name>GPX-34</name>
        <desc>&lt;table&gt;
&lt;tr&gt;&lt;td&gt;Longitude: 128.665170 &lt;/td&gt;&lt;/tr&gt;
&lt;tr&gt;&lt;td&gt;Latitude: 38.084570 &lt;/td&gt;&lt;/tr&gt;
&lt;tr&gt;&lt;td&gt;Altitude: 8.570 ft &lt;/td&gt;&lt;/tr&gt;
&lt;tr&gt;&lt;td&gt;Heading: 338.5 &lt;/td&gt;&lt;/tr&gt;
&lt;/table&gt;</desc>
        <sym>https://earth.google.com/images/kml-icons/track-directional/track-none.png</sym>
    </wpt>
    <wpt lat="38.09599833" lon="128.655459666">
        <ele>3.7</ele>
        <name>GPX-77</name>
        <desc>&lt;table&gt;
&lt;tr&gt;&lt;td&gt;Longitude: 128.655395 &lt;/td&gt;&lt;/tr&gt;
&lt;tr&gt;&lt;td&gt;Latitude: 38.095700 &lt;/td&gt;&lt;/tr&gt;
&lt;tr&gt;&lt;td&gt;Altitude: 14.956 ft &lt;/td&gt;&lt;/tr&gt;
&lt;tr&gt;&lt;td&gt;Heading: 323.9 &lt;/td&gt;&lt;/tr&gt;
&lt;/table&gt;</desc>
        <sym>https://earth.google.com/images/kml-icons/track-directional/track-none.png</sym>
    </wpt>
    <wpt lat="38.15976" lon="128.6086">
        <ele>0.0</ele>
        <name>GPX-387</name>
        <desc>&lt;table&gt;
&lt;tr&gt;&lt;td&gt;Longitude: 128.608600 &lt;/td&gt;&lt;/tr&gt;
&lt;tr&gt;&lt;td&gt;Latitude: 38.159760 &lt;/td&gt;&lt;/tr&gt;
&lt;tr&gt;&lt;td&gt;Heading: 346.1 &lt;/td&gt;&lt;/tr&gt;
&lt;/table&gt;</desc>
        <sym>https://earth.google.com/images/kml-icons/track-directional/track-none.png</sym>
    </wpt>
    <wpt lat="38.16352" lon="128.6082">
        <ele>4.3</ele>
        <name>GPX-411</name>
        <desc>&lt;table&gt;
&lt;tr&gt;&lt;td&gt;Longitude: 128.608200 &lt;/td&gt;&lt;/tr&gt;
&lt;tr&gt;&lt;td&gt;Latitude: 38.163520 &lt;/td&gt;&lt;/tr&gt;
&lt;tr&gt;&lt;td&gt;Altitude: 14.199 ft &lt;/td&gt;&lt;/tr&gt;
&lt;tr&gt;&lt;td&gt;Heading: 5.6 &lt;/td&gt;&lt;/tr&gt;
&lt;/table&gt;</desc>
        <sym>https://earth.google.com/images/kml-icons/track-directional/track-none.png</sym>
    </wpt>
    <wpt lat="38.08491" lon="128.665">
        <ele>2.0</ele>
        <name>GPX-35</name>
        <desc>&lt;table&gt;
&lt;tr&gt;&lt;td&gt;Longitude: 128.665000 &lt;/td&gt;&lt;/tr&gt;
&lt;tr&gt;&lt;td&gt;Latitude: 38.084910 &lt;/td&gt;&lt;/tr&gt;
&lt;tr&gt;&lt;td&gt;Altitude: 6.562 ft &lt;/td&gt;&lt;/tr&gt;
&lt;tr&gt;&lt;td&gt;Heading: 338.5 &lt;/td&gt;&lt;/tr&gt;
&lt;/table&gt;</desc>
        <sym>https://earth.google.com/images/kml-icons/track-directional/track-none.png</sym>
    </wpt>
    <wpt lat="38.12745" lon="128.622225">
        <ele>5.2</ele>
        <name>GPX-247</name>
        <desc>&lt;table&gt;
&lt;tr&gt;&lt;td&gt;Longitude: 128.622225 &lt;/td&gt;&lt;/tr&gt;
&lt;tr&gt;&lt;td&gt;Latitude: 38.127450 &lt;/td&gt;&lt;/tr&gt;
&lt;tr&gt;&lt;td&gt;Altitude: 19.190 ft &lt;/td&gt;&lt;/tr&gt;
&lt;tr&gt;&lt;td&gt;Heading: 11.5 &lt;/td&gt;&lt;/tr&gt;
&lt;/table&gt;</desc>
        <sym>https://earth.google.com/images/kml-icons/track-directional/track-none.png</sym>
    </wpt>
    <wpt lat="38.134761" lon="128.620471">
        <ele>0.0</ele>
        <name>GPX-285</name>
        <desc>&lt;table&gt;
&lt;tr&gt;&lt;td&gt;Longitude: 128.620471 &lt;/td&gt;&lt;/tr&gt;
&lt;tr&gt;&lt;td&gt;Latitude: 38.134761 &lt;/td&gt;&lt;/tr&gt;
&lt;tr&gt;&lt;td&gt;Heading: 297.4 &lt;/td&gt;&lt;/tr&gt;
&lt;/table&gt;</desc>
        <sym>https://earth.google.com/images/kml-icons/track-directional/track-none.png</sym>
    </wpt>
    <wpt lat="38.16279" lon="128.60819">
        <ele>5.0</ele>
        <name>GPX-405</name>
        <desc>&lt;table&gt;
&lt;tr&gt;&lt;td&gt;Longitude: 128.608190 &lt;/td&gt;&lt;/tr&gt;
&lt;tr&gt;&lt;td&gt;Latitude: 38.162790 &lt;/td&gt;&lt;/tr&gt;
&lt;tr&gt;&lt;td&gt;Altitude: 16.404 ft &lt;/td&gt;&lt;/tr&gt;
&lt;tr&gt;&lt;td&gt;Heading: 302.4 &lt;/td&gt;&lt;/tr&gt;
&lt;/table&gt;</desc>
        <sym>https://earth.google.com/images/kml-icons/track-directional/track-none.png</sym>
    </wpt>
    <wpt lat="38.160125" lon="128.608485">
        <ele>0.0</ele>
        <name>GPX-388</name>
        <desc>&lt;table&gt;
&lt;tr&gt;&lt;td&gt;Longitude: 128.608485 &lt;/td&gt;&lt;/tr&gt;
&lt;tr&gt;&lt;td&gt;Latitude: 38.160125 &lt;/td&gt;&lt;/tr&gt;
&lt;tr&gt;&lt;td&gt;Heading: 346.1 &lt;/td&gt;&lt;/tr&gt;
&lt;/table&gt;</desc>
        <sym>https://earth.google.com/images/kml-icons/track-directional/track-none.png</sym>
    </wpt>
    <wpt lat="38.092525" lon="128.658625">
        <ele>1.9</ele>
        <name>GPX-65</name>
        <desc>&lt;table&gt;
&lt;tr&gt;&lt;td&gt;Longitude: 128.658625 &lt;/td&gt;&lt;/tr&gt;
&lt;tr&gt;&lt;td&gt;Latitude: 38.092525 &lt;/td&gt;&lt;/tr&gt;
&lt;tr&gt;&lt;td&gt;Altitude: 7.631 ft &lt;/td&gt;&lt;/tr&gt;
&lt;tr&gt;&lt;td&gt;Heading: 313.8 &lt;/td&gt;&lt;/tr&gt;
&lt;/table&gt;</desc>
        <sym>https://earth.google.com/images/kml-icons/track-directional/track-none.png</sym>
    </wpt>
    <wpt lat="38.128006" lon="128.623573">
        <ele>6.3</ele>
        <name>GPX-256</name>
        <desc>&lt;table&gt;
&lt;tr&gt;&lt;td&gt;Longitude: 128.623573 &lt;/td&gt;&lt;/tr&gt;
&lt;tr&gt;&lt;td&gt;Latitude: 38.128006 &lt;/td&gt;&lt;/tr&gt;
&lt;tr&gt;&lt;td&gt;Altitude: 20.771 ft &lt;/td&gt;&lt;/tr&gt;
&lt;tr&gt;&lt;td&gt;Heading: 343.4 &lt;/td&gt;&lt;/tr&gt;
&lt;/table&gt;</desc>
        <sym>https://earth.google.com/images/kml-icons/track-directional/track-none.png</sym>
    </wpt>
    <wpt lat="38.094406158" lon="128.65838768">
        <ele>0.0</ele>
        <name>GPX-71</name>
        <desc>&lt;table&gt;
&lt;tr&gt;&lt;td&gt;Longitude: 128.657000 &lt;/td&gt;&lt;/tr&gt;
&lt;tr&gt;&lt;td&gt;Latitude: 38.093880 &lt;/td&gt;&lt;/tr&gt;
&lt;tr&gt;&lt;td&gt;Heading: 320.9 &lt;/td&gt;&lt;/tr&gt;
&lt;/table&gt;</desc>
        <sym>https://earth.google.com/images/kml-icons/track-directional/track-none.png</sym>
    </wpt>
    <wpt lat="38.10697" lon="128.641">
        <ele>2.1</ele>
        <name>GPX-134</name>
        <desc>&lt;table&gt;
&lt;tr&gt;&lt;td&gt;Longitude: 128.641000 &lt;/td&gt;&lt;/tr&gt;
&lt;tr&gt;&lt;td&gt;Latitude: 38.106970 &lt;/td&gt;&lt;/tr&gt;
&lt;tr&gt;&lt;td&gt;Altitude: 6.985 ft &lt;/td&gt;&lt;/tr&gt;
&lt;tr&gt;&lt;td&gt;Heading: 348.1 &lt;/td&gt;&lt;/tr&gt;
&lt;/table&gt;</desc>
        <sym>https://earth.google.com/images/kml-icons/track-directional/track-none.png</sym>
    </wpt>
    <wpt lat="38.16155" lon="128.60828">
        <ele>4.4</ele>
        <name>GPX-395</name>
        <desc>&lt;table&gt;
&lt;tr&gt;&lt;td&gt;Longitude: 128.608280 &lt;/td&gt;&lt;/tr&gt;
&lt;tr&gt;&lt;td&gt;Latitude: 38.161550 &lt;/td&gt;&lt;/tr&gt;
&lt;tr&gt;&lt;td&gt;Altitude: 14.544 ft &lt;/td&gt;&lt;/tr&gt;
&lt;tr&gt;&lt;td&gt;Heading: 350.1 &lt;/td&gt;&lt;/tr&gt;
&lt;/table&gt;</desc>
        <sym>https://earth.google.com/images/kml-icons/track-directional/track-none.png</sym>
    </wpt>
    <wpt lat="38.105573" lon="128.640873">
        <ele>2.8</ele>
        <name>GPX-130</name>
        <desc>&lt;table&gt;
&lt;tr&gt;&lt;td&gt;Longitude: 128.640873 &lt;/td&gt;&lt;/tr&gt;
&lt;tr&gt;&lt;td&gt;Latitude: 38.105573 &lt;/td&gt;&lt;/tr&gt;
&lt;tr&gt;&lt;td&gt;Altitude: 5.162 ft &lt;/td&gt;&lt;/tr&gt;
&lt;tr&gt;&lt;td&gt;Heading: 12.7 &lt;/td&gt;&lt;/tr&gt;
&lt;/table&gt;</desc>
        <sym>https://earth.google.com/images/kml-icons/track-directional/track-none.png</sym>
    </wpt>
    <wpt lat="38.14607" lon="128.61075">
        <ele>1.6</ele>
        <name>GPX-336</name>
        <desc>&lt;table&gt;
&lt;tr&gt;&lt;td&gt;Longitude: 128.610750 &lt;/td&gt;&lt;/tr&gt;
&lt;tr&gt;&lt;td&gt;Latitude: 38.146070 &lt;/td&gt;&lt;/tr&gt;
&lt;tr&gt;&lt;td&gt;Altitude: 5.236 ft &lt;/td&gt;&lt;/tr&gt;
&lt;tr&gt;&lt;td&gt;Heading: 330.7 &lt;/td&gt;&lt;/tr&gt;
&lt;/table&gt;</desc>
        <sym>https://earth.google.com/images/kml-icons/track-directional/track-none.png</sym>
    </wpt>
    <wpt lat="38.11316" lon="128.63839">
        <ele>2.5</ele>
        <name>GPX-159</name>
        <desc>&lt;table&gt;
&lt;tr&gt;&lt;td&gt;Longitude: 128.638390 &lt;/td&gt;&lt;/tr&gt;
&lt;tr&gt;&lt;td&gt;Latitude: 38.113160 &lt;/td&gt;&lt;/tr&gt;
&lt;tr&gt;&lt;td&gt;Altitude: 8.189 ft &lt;/td&gt;&lt;/tr&gt;
&lt;tr&gt;&lt;td&gt;Heading: 324.5 &lt;/td&gt;&lt;/tr&gt;
&lt;/table&gt;</desc>
        <sym>https://earth.google.com/images/kml-icons/track-directional/track-none.png</sym>
    </wpt>
    <wpt lat="38.078438" lon="128.671968">
        <ele>4.9</ele>
        <name>GPX-7</name>
        <desc>&lt;table&gt;
&lt;tr&gt;&lt;td&gt;Longitude: 128.671968 &lt;/td&gt;&lt;/tr&gt;
&lt;tr&gt;&lt;td&gt;Latitude: 38.078438 &lt;/td&gt;&lt;/tr&gt;
&lt;tr&gt;&lt;td&gt;Altitude: 16.122 ft &lt;/td&gt;&lt;/tr&gt;
&lt;tr&gt;&lt;td&gt;Heading: 303.2 &lt;/td&gt;&lt;/tr&gt;
&lt;/table&gt;</desc>
        <sym>https://earth.google.com/images/kml-icons/track-directional/track-none.png</sym>
    </wpt>
    <wpt lat="38.119425" lon="128.63207">
        <ele>4.6</ele>
        <name>GPX-187</name>
        <desc>&lt;table&gt;
&lt;tr&gt;&lt;td&gt;Longitude: 128.632070 &lt;/td&gt;&lt;/tr&gt;
&lt;tr&gt;&lt;td&gt;Latitude: 38.119425 &lt;/td&gt;&lt;/tr&gt;
&lt;tr&gt;&lt;td&gt;Altitude: 15.144 ft &lt;/td&gt;&lt;/tr&gt;
&lt;tr&gt;&lt;td&gt;Heading: 330.2 &lt;/td&gt;&lt;/tr&gt;
&lt;/table&gt;</desc>
        <sym>https://earth.google.com/images/kml-icons/track-directional/track-none.png</sym>
    </wpt>
    <wpt lat="38.154251095" lon="128.608375055">
        <ele>4.5</ele>
        <name>GPX-368</name>
        <desc>&lt;table&gt;
&lt;tr&gt;&lt;td&gt;Longitude: 128.608070 &lt;/td&gt;&lt;/tr&gt;
&lt;tr&gt;&lt;td&gt;Latitude: 38.154050 &lt;/td&gt;&lt;/tr&gt;
&lt;tr&gt;&lt;td&gt;Altitude: 11.247 ft &lt;/td&gt;&lt;/tr&gt;
&lt;tr&gt;&lt;td&gt;Heading: 14.7 &lt;/td&gt;&lt;/tr&gt;
&lt;/table&gt;</desc>
        <sym>https://earth.google.com/images/kml-icons/track-directional/track-none.png</sym>
    </wpt>
    <wpt lat="38.16314" lon="128.60804">
        <ele>5.0</ele>
        <name>GPX-408</name>
        <desc>&lt;table&gt;
&lt;tr&gt;&lt;td&gt;Longitude: 128.608040 &lt;/td&gt;&lt;/tr&gt;
&lt;tr&gt;&lt;td&gt;Latitude: 38.163140 &lt;/td&gt;&lt;/tr&gt;
&lt;tr&gt;&lt;td&gt;Altitude: 16.532 ft &lt;/td&gt;&lt;/tr&gt;
&lt;tr&gt;&lt;td&gt;Heading: 3.6 &lt;/td&gt;&lt;/tr&gt;
&lt;/table&gt;</desc>
        <sym>https://earth.google.com/images/kml-icons/track-directional/track-none.png</sym>
    </wpt>
    <wpt lat="38.12064" lon="128.62358">
        <ele>9.4</ele>
        <name>GPX-224</name>
        <desc>&lt;table&gt;
&lt;tr&gt;&lt;td&gt;Longitude: 128.623580 &lt;/td&gt;&lt;/tr&gt;
&lt;tr&gt;&lt;td&gt;Latitude: 38.120640 &lt;/td&gt;&lt;/tr&gt;
&lt;tr&gt;&lt;td&gt;Altitude: 30.886 ft &lt;/td&gt;&lt;/tr&gt;
&lt;tr&gt;&lt;td&gt;Heading: 322.9 &lt;/td&gt;&lt;/tr&gt;
&lt;/table&gt;</desc>
        <sym>https://earth.google.com/images/kml-icons/track-directional/track-none.png</sym>
    </wpt>
    <wpt lat="38.1078" lon="128.64101">
        <ele>2.1</ele>
        <name>GPX-138</name>
        <desc>&lt;table&gt;
&lt;tr&gt;&lt;td&gt;Longitude: 128.641010 &lt;/td&gt;&lt;/tr&gt;
&lt;tr&gt;&lt;td&gt;Latitude: 38.107800 &lt;/td&gt;&lt;/tr&gt;
&lt;tr&gt;&lt;td&gt;Altitude: 6.824 ft &lt;/td&gt;&lt;/tr&gt;
&lt;tr&gt;&lt;td&gt;Heading: 56.4 &lt;/td&gt;&lt;/tr&gt;
&lt;/table&gt;</desc>
        <sym>https://earth.google.com/images/kml-icons/track-directional/track-none.png</sym>
    </wpt>
    <wpt lat="38.10806" lon="128.64124">
        <ele>2.5</ele>
        <name>GPX-139</name>
        <desc>&lt;table&gt;
&lt;tr&gt;&lt;td&gt;Longitude: 128.641240 &lt;/td&gt;&lt;/tr&gt;
&lt;tr&gt;&lt;td&gt;Latitude: 38.108060 &lt;/td&gt;&lt;/tr&gt;
&lt;tr&gt;&lt;td&gt;Altitude: 8.350 ft &lt;/td&gt;&lt;/tr&gt;
&lt;tr&gt;&lt;td&gt;Heading: 34.8 &lt;/td&gt;&lt;/tr&gt;
&lt;/table&gt;</desc>
        <sym>https://earth.google.com/images/kml-icons/track-directional/track-none.png</sym>
    </wpt>
    <wpt lat="38.078036" lon="128.672749">
        <ele>2.2</ele>
        <name>GPX-5</name>
        <desc>&lt;table&gt;
&lt;tr&gt;&lt;td&gt;Longitude: 128.672749 &lt;/td&gt;&lt;/tr&gt;
&lt;tr&gt;&lt;td&gt;Latitude: 38.078036 &lt;/td&gt;&lt;/tr&gt;
&lt;tr&gt;&lt;td&gt;Altitude: 7.129 ft &lt;/td&gt;&lt;/tr&gt;
&lt;tr&gt;&lt;td&gt;Heading: 280.5 &lt;/td&gt;&lt;/tr&gt;
&lt;/table&gt;</desc>
        <sym>https://earth.google.com/images/kml-icons/track-directional/track-none.png</sym>
    </wpt>
    <wpt lat="38.15639" lon="128.60958">
        <ele>5.0</ele>
        <name>GPX-376</name>
        <desc>&lt;table&gt;
&lt;tr&gt;&lt;td&gt;Longitude: 128.609580 &lt;/td&gt;&lt;/tr&gt;
&lt;tr&gt;&lt;td&gt;Latitude: 38.156390 &lt;/td&gt;&lt;/tr&gt;
&lt;tr&gt;&lt;td&gt;Altitude: 17.057 ft &lt;/td&gt;&lt;/tr&gt;
&lt;tr&gt;&lt;td&gt;Heading: 3.7 &lt;/td&gt;&lt;/tr&gt;
&lt;/table&gt;</desc>
        <sym>https://earth.google.com/images/kml-icons/track-directional/track-none.png</sym>
    </wpt>
    <wpt lat="38.104573" lon="128.64058">
        <ele>2.0</ele>
        <name>GPX-127</name>
        <desc>&lt;table&gt;
&lt;tr&gt;&lt;td&gt;Longitude: 128.640580 &lt;/td&gt;&lt;/tr&gt;
&lt;tr&gt;&lt;td&gt;Latitude: 38.104573 &lt;/td&gt;&lt;/tr&gt;
&lt;tr&gt;&lt;td&gt;Altitude: 10.313 ft &lt;/td&gt;&lt;/tr&gt;
&lt;tr&gt;&lt;td&gt;Heading: 13.5 &lt;/td&gt;&lt;/tr&gt;
&lt;/table&gt;</desc>
        <sym>https://earth.google.com/images/kml-icons/track-directional/track-none.png</sym>
    </wpt>
    <wpt lat="38.11284" lon="128.63868">
        <ele>3.2</ele>
        <name>GPX-158</name>
        <desc>&lt;table&gt;
&lt;tr&gt;&lt;td&gt;Longitude: 128.638680 &lt;/td&gt;&lt;/tr&gt;
&lt;tr&gt;&lt;td&gt;Latitude: 38.112840 &lt;/td&gt;&lt;/tr&gt;
&lt;tr&gt;&lt;td&gt;Altitude: 9.099 ft &lt;/td&gt;&lt;/tr&gt;
&lt;tr&gt;&lt;td&gt;Heading: 324.5 &lt;/td&gt;&lt;/tr&gt;
&lt;/table&gt;</desc>
        <sym>https://earth.google.com/images/kml-icons/track-directional/track-none.png</sym>
    </wpt>
    <wpt lat="38.101623" lon="128.64656">
        <ele>1.2</ele>
        <name>GPX-105</name>
        <desc>&lt;table&gt;
&lt;tr&gt;&lt;td&gt;Longitude: 128.646560 &lt;/td&gt;&lt;/tr&gt;
&lt;tr&gt;&lt;td&gt;Latitude: 38.101623 &lt;/td&gt;&lt;/tr&gt;
&lt;tr&gt;&lt;td&gt;Altitude: 4.910 ft &lt;/td&gt;&lt;/tr&gt;
&lt;tr&gt;&lt;td&gt;Heading: 284.0 &lt;/td&gt;&lt;/tr&gt;
&lt;/table&gt;</desc>
        <sym>https://earth.google.com/images/kml-icons/track-directional/track-none.png</sym>
    </wpt>
    <wpt lat="38.095697257" lon="128.656203995">
        <ele>4.7</ele>
        <name>GPX-76</name>
        <desc>&lt;table&gt;
&lt;tr&gt;&lt;td&gt;Longitude: 128.655710 &lt;/td&gt;&lt;/tr&gt;
&lt;tr&gt;&lt;td&gt;Latitude: 38.095360 &lt;/td&gt;&lt;/tr&gt;
&lt;tr&gt;&lt;td&gt;Altitude: 9.531 ft &lt;/td&gt;&lt;/tr&gt;
&lt;tr&gt;&lt;td&gt;Heading: 326.8 &lt;/td&gt;&lt;/tr&gt;
&lt;/table&gt;</desc>
        <sym>https://earth.google.com/images/kml-icons/track-directional/track-none.png</sym>
    </wpt>
    <wpt lat="38.0781894" lon="128.67322044">
        <ele>0.9</ele>
        <name>GPX-3</name>
        <desc>&lt;table&gt;
&lt;tr&gt;&lt;td&gt;Longitude: 128.673367 &lt;/td&gt;&lt;/tr&gt;
&lt;tr&gt;&lt;td&gt;Latitude: 38.077946 &lt;/td&gt;&lt;/tr&gt;
&lt;tr&gt;&lt;td&gt;Altitude: 3.041 ft &lt;/td&gt;&lt;/tr&gt;
&lt;tr&gt;&lt;td&gt;Heading: 294.8 &lt;/td&gt;&lt;/tr&gt;
&lt;/table&gt;</desc>
        <sym>https://earth.google.com/images/kml-icons/track-directional/track-none.png</sym>
    </wpt>
    <wpt lat="38.16146" lon="128.6083">
        <ele>3.7</ele>
        <name>GPX-394</name>
        <desc>&lt;table&gt;
&lt;tr&gt;&lt;td&gt;Longitude: 128.608300 &lt;/td&gt;&lt;/tr&gt;
&lt;tr&gt;&lt;td&gt;Latitude: 38.161460 &lt;/td&gt;&lt;/tr&gt;
&lt;tr&gt;&lt;td&gt;Altitude: 12.208 ft &lt;/td&gt;&lt;/tr&gt;
&lt;tr&gt;&lt;td&gt;Heading: 357.6 &lt;/td&gt;&lt;/tr&gt;
&lt;/table&gt;</desc>
        <sym>https://earth.google.com/images/kml-icons/track-directional/track-none.png</sym>
    </wpt>
    <wpt lat="38.080678" lon="128.668247">
        <ele>7.6</ele>
        <name>GPX-20</name>
        <desc>&lt;table&gt;
&lt;tr&gt;&lt;td&gt;Longitude: 128.668247 &lt;/td&gt;&lt;/tr&gt;
&lt;tr&gt;&lt;td&gt;Latitude: 38.080678 &lt;/td&gt;&lt;/tr&gt;
&lt;tr&gt;&lt;td&gt;Altitude: 24.984 ft &lt;/td&gt;&lt;/tr&gt;
&lt;tr&gt;&lt;td&gt;Heading: 322.1 &lt;/td&gt;&lt;/tr&gt;
&lt;/table&gt;</desc>
        <sym>https://earth.google.com/images/kml-icons/track-directional/track-none.png</sym>
    </wpt>
    <wpt lat="38.083448" lon="128.66581">
        <ele>12.4</ele>
        <name>GPX-30</name>
        <desc>&lt;table&gt;
&lt;tr&gt;&lt;td&gt;Longitude: 128.665810 &lt;/td&gt;&lt;/tr&gt;
&lt;tr&gt;&lt;td&gt;Latitude: 38.083448 &lt;/td&gt;&lt;/tr&gt;
&lt;tr&gt;&lt;td&gt;Altitude: 30.553 ft &lt;/td&gt;&lt;/tr&gt;
&lt;tr&gt;&lt;td&gt;Heading: 332.3 &lt;/td&gt;&lt;/tr&gt;
&lt;/table&gt;</desc>
        <sym>https://earth.google.com/images/kml-icons/track-directional/track-none.png</sym>
    </wpt>
    <wpt lat="38.1017" lon="128.64617">
        <ele>1.7</ele>
        <name>GPX-106</name>
        <desc>&lt;table&gt;
&lt;tr&gt;&lt;td&gt;Longitude: 128.646170 &lt;/td&gt;&lt;/tr&gt;
&lt;tr&gt;&lt;td&gt;Latitude: 38.101700 &lt;/td&gt;&lt;/tr&gt;
&lt;tr&gt;&lt;td&gt;Altitude: 5.554 ft &lt;/td&gt;&lt;/tr&gt;
&lt;tr&gt;&lt;td&gt;Heading: 284.0 &lt;/td&gt;&lt;/tr&gt;
&lt;/table&gt;</desc>
        <sym>https://earth.google.com/images/kml-icons/track-directional/track-none.png</sym>
    </wpt>
    <wpt lat="38.14163" lon="128.61348">
        <ele>3.9</ele>
        <name>GPX-319</name>
        <desc>&lt;table&gt;
&lt;tr&gt;&lt;td&gt;Longitude: 128.613480 &lt;/td&gt;&lt;/tr&gt;
&lt;tr&gt;&lt;td&gt;Latitude: 38.141630 &lt;/td&gt;&lt;/tr&gt;
&lt;tr&gt;&lt;td&gt;Altitude: 12.894 ft &lt;/td&gt;&lt;/tr&gt;
&lt;tr&gt;&lt;td&gt;Heading: 330.3 &lt;/td&gt;&lt;/tr&gt;
&lt;/table&gt;</desc>
        <sym>https://earth.google.com/images/kml-icons/track-directional/track-none.png</sym>
    </wpt>
    <wpt lat="38.110636532" lon="128.640656387">
        <ele>0.5</ele>
        <name>GPX-151</name>
        <desc>&lt;table&gt;
&lt;tr&gt;&lt;td&gt;Longitude: 128.639550 &lt;/td&gt;&lt;/tr&gt;
&lt;tr&gt;&lt;td&gt;Latitude: 38.111525 &lt;/td&gt;&lt;/tr&gt;
&lt;tr&gt;&lt;td&gt;Altitude: 9.754 ft &lt;/td&gt;&lt;/tr&gt;
&lt;tr&gt;&lt;td&gt;Heading: 325.8 &lt;/td&gt;&lt;/tr&gt;
&lt;/table&gt;</desc>
        <sym>https://earth.google.com/images/kml-icons/track-directional/track-none.png</sym>
    </wpt>
    <wpt lat="38.095024517" lon="128.65710062">
        <ele>2.9</ele>
        <name>GPX-74</name>
        <desc>&lt;table&gt;
&lt;tr&gt;&lt;td&gt;Longitude: 128.656200 &lt;/td&gt;&lt;/tr&gt;
&lt;tr&gt;&lt;td&gt;Latitude: 38.094770 &lt;/td&gt;&lt;/tr&gt;
&lt;tr&gt;&lt;td&gt;Heading: 326.8 &lt;/td&gt;&lt;/tr&gt;
&lt;/table&gt;</desc>
        <sym>https://earth.google.com/images/kml-icons/track-directional/track-none.png</sym>
    </wpt>
    <wpt lat="38.102287" lon="128.64287">
        <ele>0.0</ele>
        <name>GPX-114</name>
        <desc>&lt;table&gt;
&lt;tr&gt;&lt;td&gt;Longitude: 128.642870 &lt;/td&gt;&lt;/tr&gt;
&lt;tr&gt;&lt;td&gt;Latitude: 38.102287 &lt;/td&gt;&lt;/tr&gt;
&lt;tr&gt;&lt;td&gt;Heading: 283.1 &lt;/td&gt;&lt;/tr&gt;
&lt;/table&gt;</desc>
        <sym>https://earth.google.com/images/kml-icons/track-directional/track-none.png</sym>
    </wpt>
    <wpt lat="38.093807855" lon="128.658860452">
        <ele>0.0</ele>
        <name>GPX-70</name>
        <desc>&lt;table&gt;
&lt;tr&gt;&lt;td&gt;Longitude: 128.657310 &lt;/td&gt;&lt;/tr&gt;
&lt;tr&gt;&lt;td&gt;Latitude: 38.093580 &lt;/td&gt;&lt;/tr&gt;
&lt;tr&gt;&lt;td&gt;Altitude: 6.814 ft &lt;/td&gt;&lt;/tr&gt;
&lt;tr&gt;&lt;td&gt;Heading: 319.2 &lt;/td&gt;&lt;/tr&gt;
&lt;/table&gt;</desc>
        <sym>https://earth.google.com/images/kml-icons/track-directional/track-none.png</sym>
    </wpt>
    <wpt lat="38.11931" lon="128.62549">
        <ele>12.1</ele>
        <name>GPX-218</name>
        <desc>&lt;table&gt;
&lt;tr&gt;&lt;td&gt;Longitude: 128.625490 &lt;/td&gt;&lt;/tr&gt;
&lt;tr&gt;&lt;td&gt;Latitude: 38.119310 &lt;/td&gt;&lt;/tr&gt;
&lt;tr&gt;&lt;td&gt;Altitude: 39.724 ft &lt;/td&gt;&lt;/tr&gt;
&lt;tr&gt;&lt;td&gt;Heading: 297.7 &lt;/td&gt;&lt;/tr&gt;
&lt;/table&gt;</desc>
        <sym>https://earth.google.com/images/kml-icons/track-directional/track-none.png</sym>
    </wpt>
    <wpt lat="38.12481" lon="128.621235">
        <ele>24.3</ele>
        <name>GPX-238</name>
        <desc>&lt;table&gt;
&lt;tr&gt;&lt;td&gt;Longitude: 128.621235 &lt;/td&gt;&lt;/tr&gt;
&lt;tr&gt;&lt;td&gt;Latitude: 38.124810 &lt;/td&gt;&lt;/tr&gt;
&lt;tr&gt;&lt;td&gt;Altitude: 76.972 ft &lt;/td&gt;&lt;/tr&gt;
&lt;tr&gt;&lt;td&gt;Heading: 2.2 &lt;/td&gt;&lt;/tr&gt;
&lt;/table&gt;</desc>
        <sym>https://earth.google.com/images/kml-icons/track-directional/track-none.png</sym>
    </wpt>
    <wpt lat="38.16264" lon="128.6084">
        <ele>4.0</ele>
        <name>GPX-403</name>
        <desc>&lt;table&gt;
&lt;tr&gt;&lt;td&gt;Longitude: 128.608400 &lt;/td&gt;&lt;/tr&gt;
&lt;tr&gt;&lt;td&gt;Latitude: 38.162640 &lt;/td&gt;&lt;/tr&gt;
&lt;tr&gt;&lt;td&gt;Altitude: 13.202 ft &lt;/td&gt;&lt;/tr&gt;
&lt;tr&gt;&lt;td&gt;Heading: 359.0 &lt;/td&gt;&lt;/tr&gt;
&lt;/table&gt;</desc>
        <sym>https://earth.google.com/images/kml-icons/track-directional/track-none.png</sym>
    </wpt>
    <wpt lat="38.078065288" lon="128.673020113">
        <ele>1.2</ele>
        <name>GPX-3</name>
        <desc>&lt;table&gt;
&lt;tr&gt;&lt;td&gt;Longitude: 128.673367 &lt;/td&gt;&lt;/tr&gt;
&lt;tr&gt;&lt;td&gt;Latitude: 38.077946 &lt;/td&gt;&lt;/tr&gt;
&lt;tr&gt;&lt;td&gt;Altitude: 3.041 ft &lt;/td&gt;&lt;/tr&gt;
&lt;tr&gt;&lt;td&gt;Heading: 294.8 &lt;/td&gt;&lt;/tr&gt;
&lt;/table&gt;</desc>
        <sym>https://earth.google.com/images/kml-icons/track-directional/track-none.png</sym>
    </wpt>
    <wpt lat="38.16284" lon="128.60806">
        <ele>5.0</ele>
        <name>GPX-406</name>
        <desc>&lt;table&gt;
&lt;tr&gt;&lt;td&gt;Longitude: 128.608060 &lt;/td&gt;&lt;/tr&gt;
&lt;tr&gt;&lt;td&gt;Latitude: 38.162840 &lt;/td&gt;&lt;/tr&gt;
&lt;tr&gt;&lt;td&gt;Altitude: 16.404 ft &lt;/td&gt;&lt;/tr&gt;
&lt;tr&gt;&lt;td&gt;Heading: 296.1 &lt;/td&gt;&lt;/tr&gt;
&lt;/table&gt;</desc>
        <sym>https://earth.google.com/images/kml-icons/track-directional/track-none.png</sym>
    </wpt>
    <wpt lat="38.09234" lon="128.65887">
        <ele>2.6</ele>
        <name>GPX-64</name>
        <desc>&lt;table&gt;
&lt;tr&gt;&lt;td&gt;Longitude: 128.658870 &lt;/td&gt;&lt;/tr&gt;
&lt;tr&gt;&lt;td&gt;Latitude: 38.092340 &lt;/td&gt;&lt;/tr&gt;
&lt;tr&gt;&lt;td&gt;Altitude: 8.451 ft &lt;/td&gt;&lt;/tr&gt;
&lt;tr&gt;&lt;td&gt;Heading: 315.6 &lt;/td&gt;&lt;/tr&gt;
&lt;/table&gt;</desc>
        <sym>https://earth.google.com/images/kml-icons/track-directional/track-none.png</sym>
    </wpt>
    <wpt lat="38.093355211" lon="128.65781043">
        <ele>1.9</ele>
        <name>GPX-69</name>
        <desc>&lt;table&gt;
&lt;tr&gt;&lt;td&gt;Longitude: 128.657540 &lt;/td&gt;&lt;/tr&gt;
&lt;tr&gt;&lt;td&gt;Latitude: 38.093370 &lt;/td&gt;&lt;/tr&gt;
&lt;tr&gt;&lt;td&gt;Altitude: 6.688 ft &lt;/td&gt;&lt;/tr&gt;
&lt;tr&gt;&lt;td&gt;Heading: 319.2 &lt;/td&gt;&lt;/tr&gt;
&lt;/table&gt;</desc>
        <sym>https://earth.google.com/images/kml-icons/track-directional/track-none.png</sym>
    </wpt>
    <wpt lat="38.137365" lon="128.616975">
        <ele>4.2</ele>
        <name>GPX-298</name>
        <desc>&lt;table&gt;
&lt;tr&gt;&lt;td&gt;Longitude: 128.616975 &lt;/td&gt;&lt;/tr&gt;
&lt;tr&gt;&lt;td&gt;Latitude: 38.137365 &lt;/td&gt;&lt;/tr&gt;
&lt;tr&gt;&lt;td&gt;Altitude: 14.769 ft &lt;/td&gt;&lt;/tr&gt;
&lt;tr&gt;&lt;td&gt;Heading: 322.8 &lt;/td&gt;&lt;/tr&gt;
&lt;/table&gt;</desc>
        <sym>https://earth.google.com/images/kml-icons/track-directional/track-none.png</sym>
    </wpt>
    <wpt lat="38.078237" lon="128.672359">
        <ele>3.4</ele>
        <name>GPX-6</name>
        <desc>&lt;table&gt;
&lt;tr&gt;&lt;td&gt;Longitude: 128.672359 &lt;/td&gt;&lt;/tr&gt;
&lt;tr&gt;&lt;td&gt;Latitude: 38.078237 &lt;/td&gt;&lt;/tr&gt;
&lt;tr&gt;&lt;td&gt;Altitude: 11.626 ft &lt;/td&gt;&lt;/tr&gt;
&lt;tr&gt;&lt;td&gt;Heading: 303.2 &lt;/td&gt;&lt;/tr&gt;
&lt;/table&gt;</desc>
        <sym>https://earth.google.com/images/kml-icons/track-directional/track-none.png</sym>
    </wpt>
    <wpt lat="38.131381" lon="128.621942">
        <ele>3.0</ele>
        <name>GPX-271</name>
        <desc>&lt;table&gt;
&lt;tr&gt;&lt;td&gt;Longitude: 128.621942 &lt;/td&gt;&lt;/tr&gt;
&lt;tr&gt;&lt;td&gt;Latitude: 38.131381 &lt;/td&gt;&lt;/tr&gt;
&lt;tr&gt;&lt;td&gt;Altitude: 4.618 ft &lt;/td&gt;&lt;/tr&gt;
&lt;tr&gt;&lt;td&gt;Heading: 334.4 &lt;/td&gt;&lt;/tr&gt;
&lt;/table&gt;</desc>
        <sym>https://earth.google.com/images/kml-icons/track-directional/track-none.png</sym>
    </wpt>
    <wpt lat="38.10727" lon="128.64092">
        <ele>2.3</ele>
        <name>GPX-135</name>
        <desc>&lt;table&gt;
&lt;tr&gt;&lt;td&gt;Longitude: 128.640920 &lt;/td&gt;&lt;/tr&gt;
&lt;tr&gt;&lt;td&gt;Latitude: 38.107270 &lt;/td&gt;&lt;/tr&gt;
&lt;tr&gt;&lt;td&gt;Altitude: 7.408 ft &lt;/td&gt;&lt;/tr&gt;
&lt;tr&gt;&lt;td&gt;Heading: 348.2 &lt;/td&gt;&lt;/tr&gt;
&lt;/table&gt;</desc>
        <sym>https://earth.google.com/images/kml-icons/track-directional/track-none.png</sym>
    </wpt>
    <wpt lat="38.098028879" lon="128.654495554">
        <ele>3.9</ele>
        <name>GPX-83</name>
        <desc>&lt;table&gt;
&lt;tr&gt;&lt;td&gt;Longitude: 128.653650 &lt;/td&gt;&lt;/tr&gt;
&lt;tr&gt;&lt;td&gt;Latitude: 38.097680 &lt;/td&gt;&lt;/tr&gt;
&lt;tr&gt;&lt;td&gt;Altitude: 22.110 ft &lt;/td&gt;&lt;/tr&gt;
&lt;tr&gt;&lt;td&gt;Heading: 326.8 &lt;/td&gt;&lt;/tr&gt;
&lt;/table&gt;</desc>
        <sym>https://earth.google.com/images/kml-icons/track-directional/track-none.png</sym>
    </wpt>
    <wpt lat="38.098967" lon="128.65247">
        <ele>1.2</ele>
        <name>GPX-88</name>
        <desc>&lt;table&gt;
&lt;tr&gt;&lt;td&gt;Longitude: 128.652470 &lt;/td&gt;&lt;/tr&gt;
&lt;tr&gt;&lt;td&gt;Latitude: 38.098967 &lt;/td&gt;&lt;/tr&gt;
&lt;tr&gt;&lt;td&gt;Altitude: 4.263 ft &lt;/td&gt;&lt;/tr&gt;
&lt;tr&gt;&lt;td&gt;Heading: 323.4 &lt;/td&gt;&lt;/tr&gt;
&lt;/table&gt;</desc>
        <sym>https://earth.google.com/images/kml-icons/track-directional/track-none.png</sym>
    </wpt>
    <wpt lat="38.082398" lon="128.666557">
        <ele>5.5</ele>
        <name>GPX-26</name>
        <desc>&lt;table&gt;
&lt;tr&gt;&lt;td&gt;Longitude: 128.666557 &lt;/td&gt;&lt;/tr&gt;
&lt;tr&gt;&lt;td&gt;Latitude: 38.082398 &lt;/td&gt;&lt;/tr&gt;
&lt;tr&gt;&lt;td&gt;Altitude: 23.497 ft &lt;/td&gt;&lt;/tr&gt;
&lt;tr&gt;&lt;td&gt;Heading: 325.6 &lt;/td&gt;&lt;/tr&gt;
&lt;/table&gt;</desc>
        <sym>https://earth.google.com/images/kml-icons/track-directional/track-none.png</sym>
    </wpt>
    <wpt lat="38.098204499" lon="128.654327617">
        <ele>3.8</ele>
        <name>GPX-83</name>
        <desc>&lt;table&gt;
&lt;tr&gt;&lt;td&gt;Longitude: 128.653650 &lt;/td&gt;&lt;/tr&gt;
&lt;tr&gt;&lt;td&gt;Latitude: 38.097680 &lt;/td&gt;&lt;/tr&gt;
&lt;tr&gt;&lt;td&gt;Altitude: 22.110 ft &lt;/td&gt;&lt;/tr&gt;
&lt;tr&gt;&lt;td&gt;Heading: 326.8 &lt;/td&gt;&lt;/tr&gt;
&lt;/table&gt;</desc>
        <sym>https://earth.google.com/images/kml-icons/track-directional/track-none.png</sym>
    </wpt>
    <wpt lat="38.112077969" lon="128.639342971">
        <ele>2.2</ele>
        <name>GPX-155</name>
        <desc>&lt;table&gt;
&lt;tr&gt;&lt;td&gt;Longitude: 128.638940 &lt;/td&gt;&lt;/tr&gt;
&lt;tr&gt;&lt;td&gt;Latitude: 38.112240 &lt;/td&gt;&lt;/tr&gt;
&lt;tr&gt;&lt;td&gt;Altitude: 7.336 ft &lt;/td&gt;&lt;/tr&gt;
&lt;tr&gt;&lt;td&gt;Heading: 333.8 &lt;/td&gt;&lt;/tr&gt;
&lt;/table&gt;</desc>
        <sym>https://earth.google.com/images/kml-icons/track-directional/track-none.png</sym>
    </wpt>
    <wpt lat="38.079758" lon="128.669158">
        <ele>6.1</ele>
        <name>GPX-17</name>
        <desc>&lt;table&gt;
&lt;tr&gt;&lt;td&gt;Longitude: 128.669158 &lt;/td&gt;&lt;/tr&gt;
&lt;tr&gt;&lt;td&gt;Latitude: 38.079758 &lt;/td&gt;&lt;/tr&gt;
&lt;tr&gt;&lt;td&gt;Altitude: 20.112 ft &lt;/td&gt;&lt;/tr&gt;
&lt;tr&gt;&lt;td&gt;Heading: 324.3 &lt;/td&gt;&lt;/tr&gt;
&lt;/table&gt;</desc>
        <sym>https://earth.google.com/images/kml-icons/track-directional/track-none.png</sym>
    </wpt>
    <wpt lat="38.109220241" lon="128.642046244">
        <ele>0.5</ele>
        <name>GPX-146</name>
        <desc>&lt;table&gt;
&lt;tr&gt;&lt;td&gt;Longitude: 128.640865 &lt;/td&gt;&lt;/tr&gt;
&lt;tr&gt;&lt;td&gt;Latitude: 38.109900 &lt;/td&gt;&lt;/tr&gt;
&lt;tr&gt;&lt;td&gt;Altitude: 5.627 ft &lt;/td&gt;&lt;/tr&gt;
&lt;tr&gt;&lt;td&gt;Heading: 326.4 &lt;/td&gt;&lt;/tr&gt;
&lt;/table&gt;</desc>
        <sym>https://earth.google.com/images/kml-icons/track-directional/track-none.png</sym>
    </wpt>
    <wpt lat="38.13553" lon="128.61909">
        <ele>8.2</ele>
        <name>GPX-291</name>
        <desc>&lt;table&gt;
&lt;tr&gt;&lt;td&gt;Longitude: 128.619090 &lt;/td&gt;&lt;/tr&gt;
&lt;tr&gt;&lt;td&gt;Latitude: 38.135530 &lt;/td&gt;&lt;/tr&gt;
&lt;tr&gt;&lt;td&gt;Altitude: 27.057 ft &lt;/td&gt;&lt;/tr&gt;
&lt;tr&gt;&lt;td&gt;Heading: 304.0 &lt;/td&gt;&lt;/tr&gt;
&lt;/table&gt;</desc>
        <sym>https://earth.google.com/images/kml-icons/track-directional/track-none.png</sym>
    </wpt>
    <wpt lat="38.08576" lon="128.664645">
        <ele>7.1</ele>
        <name>GPX-38</name>
        <desc>&lt;table&gt;
&lt;tr&gt;&lt;td&gt;Longitude: 128.664645 &lt;/td&gt;&lt;/tr&gt;
&lt;tr&gt;&lt;td&gt;Latitude: 38.085760 &lt;/td&gt;&lt;/tr&gt;
&lt;tr&gt;&lt;td&gt;Altitude: 22.887 ft &lt;/td&gt;&lt;/tr&gt;
&lt;tr&gt;&lt;td&gt;Heading: 343.8 &lt;/td&gt;&lt;/tr&gt;
&lt;/table&gt;</desc>
        <sym>https://earth.google.com/images/kml-icons/track-directional/track-none.png</sym>
    </wpt>
    <wpt lat="38.150073" lon="128.608537">
        <ele>1.5</ele>
        <name>GPX-350</name>
        <desc>&lt;table&gt;
&lt;tr&gt;&lt;td&gt;Longitude: 128.608537 &lt;/td&gt;&lt;/tr&gt;
&lt;tr&gt;&lt;td&gt;Latitude: 38.150073 &lt;/td&gt;&lt;/tr&gt;
&lt;tr&gt;&lt;td&gt;Altitude: 7.649 ft &lt;/td&gt;&lt;/tr&gt;
&lt;tr&gt;&lt;td&gt;Heading: 346.1 &lt;/td&gt;&lt;/tr&gt;
&lt;/table&gt;</desc>
        <sym>https://earth.google.com/images/kml-icons/track-directional/track-none.png</sym>
    </wpt>
    <wpt lat="38.14946" lon="128.60873">
        <ele>2.5</ele>
        <name>GPX-348</name>
        <desc>&lt;table&gt;
&lt;tr&gt;&lt;td&gt;Longitude: 128.608730 &lt;/td&gt;&lt;/tr&gt;
&lt;tr&gt;&lt;td&gt;Latitude: 38.149460 &lt;/td&gt;&lt;/tr&gt;
&lt;tr&gt;&lt;td&gt;Altitude: 8.255 ft &lt;/td&gt;&lt;/tr&gt;
&lt;tr&gt;&lt;td&gt;Heading: 340.9 &lt;/td&gt;&lt;/tr&gt;
&lt;/table&gt;</desc>
        <sym>https://earth.google.com/images/kml-icons/track-directional/track-none.png</sym>
    </wpt>
    <wpt lat="38.151" lon="128.60786">
        <ele>2.0</ele>
        <name>GPX-356</name>
        <desc>&lt;table&gt;
&lt;tr&gt;&lt;td&gt;Longitude: 128.607860 &lt;/td&gt;&lt;/tr&gt;
&lt;tr&gt;&lt;td&gt;Latitude: 38.151000 &lt;/td&gt;&lt;/tr&gt;
&lt;tr&gt;&lt;td&gt;Altitude: 6.562 ft &lt;/td&gt;&lt;/tr&gt;
&lt;tr&gt;&lt;td&gt;Heading: 270.0 &lt;/td&gt;&lt;/tr&gt;
&lt;/table&gt;</desc>
        <sym>https://earth.google.com/images/kml-icons/track-directional/track-none.png</sym>
    </wpt>
    <wpt lat="38.16175" lon="128.60837">
        <ele>4.3</ele>
        <name>GPX-397</name>
        <desc>&lt;table&gt;
&lt;tr&gt;&lt;td&gt;Longitude: 128.608370 &lt;/td&gt;&lt;/tr&gt;
&lt;tr&gt;&lt;td&gt;Latitude: 38.161750 &lt;/td&gt;&lt;/tr&gt;
&lt;tr&gt;&lt;td&gt;Altitude: 14.252 ft &lt;/td&gt;&lt;/tr&gt;
&lt;tr&gt;&lt;td&gt;Heading: 20.3 &lt;/td&gt;&lt;/tr&gt;
&lt;/table&gt;</desc>
        <sym>https://earth.google.com/images/kml-icons/track-directional/track-none.png</sym>
    </wpt>
    <wpt lat="38.123345" lon="128.621512">
        <ele>36.3</ele>
        <name>GPX-233</name>
        <desc>&lt;table&gt;
&lt;tr&gt;&lt;td&gt;Longitude: 128.621512 &lt;/td&gt;&lt;/tr&gt;
&lt;tr&gt;&lt;td&gt;Latitude: 38.123345 &lt;/td&gt;&lt;/tr&gt;
&lt;tr&gt;&lt;td&gt;Altitude: 119.252 ft &lt;/td&gt;&lt;/tr&gt;
&lt;tr&gt;&lt;td&gt;Heading: 333.4 &lt;/td&gt;&lt;/tr&gt;
&lt;/table&gt;</desc>
        <sym>https://earth.google.com/images/kml-icons/track-directional/track-none.png</sym>
    </wpt>
    <wpt lat="38.13037" lon="128.62265">
        <ele>0.6</ele>
        <name>GPX-267</name>
        <desc>&lt;table&gt;
&lt;tr&gt;&lt;td&gt;Longitude: 128.622650 &lt;/td&gt;&lt;/tr&gt;
&lt;tr&gt;&lt;td&gt;Latitude: 38.130370 &lt;/td&gt;&lt;/tr&gt;
&lt;tr&gt;&lt;td&gt;Altitude: 2.018 ft &lt;/td&gt;&lt;/tr&gt;
&lt;tr&gt;&lt;td&gt;Heading: 338.1 &lt;/td&gt;&lt;/tr&gt;
&lt;/table&gt;</desc>
        <sym>https://earth.google.com/images/kml-icons/track-directional/track-none.png</sym>
    </wpt>
    <wpt lat="38.100135" lon="128.65126">
        <ele>6.7</ele>
        <name>GPX-93</name>
        <desc>&lt;table&gt;
&lt;tr&gt;&lt;td&gt;Longitude: 128.651260 &lt;/td&gt;&lt;/tr&gt;
&lt;tr&gt;&lt;td&gt;Latitude: 38.100135 &lt;/td&gt;&lt;/tr&gt;
&lt;tr&gt;&lt;td&gt;Altitude: 20.343 ft &lt;/td&gt;&lt;/tr&gt;
&lt;tr&gt;&lt;td&gt;Heading: 310.0 &lt;/td&gt;&lt;/tr&gt;
&lt;/table&gt;</desc>
        <sym>https://earth.google.com/images/kml-icons/track-directional/track-none.png</sym>
    </wpt>
    <wpt lat="38.13882" lon="128.61569">
        <ele>2.5</ele>
        <name>GPX-304</name>
        <desc>&lt;table&gt;
&lt;tr&gt;&lt;td&gt;Longitude: 128.615690 &lt;/td&gt;&lt;/tr&gt;
&lt;tr&gt;&lt;td&gt;Latitude: 38.138820 &lt;/td&gt;&lt;/tr&gt;
&lt;tr&gt;&lt;td&gt;Altitude: 8.228 ft &lt;/td&gt;&lt;/tr&gt;
&lt;tr&gt;&lt;td&gt;Heading: 323.4 &lt;/td&gt;&lt;/tr&gt;
&lt;/table&gt;</desc>
        <sym>https://earth.google.com/images/kml-icons/track-directional/track-none.png</sym>
    </wpt>
    <wpt lat="38.14758" lon="128.60971">
        <ele>1.8</ele>
        <name>GPX-342</name>
        <desc>&lt;table&gt;
&lt;tr&gt;&lt;td&gt;Longitude: 128.609710 &lt;/td&gt;&lt;/tr&gt;
&lt;tr&gt;&lt;td&gt;Latitude: 38.147580 &lt;/td&gt;&lt;/tr&gt;
&lt;tr&gt;&lt;td&gt;Altitude: 5.906 ft &lt;/td&gt;&lt;/tr&gt;
&lt;tr&gt;&lt;td&gt;Heading: 336.2 &lt;/td&gt;&lt;/tr&gt;
&lt;/table&gt;</desc>
        <sym>https://earth.google.com/images/kml-icons/track-directional/track-none.png</sym>
    </wpt>
    <wpt lat="38.10887199" lon="128.641640684">
        <ele>0.2</ele>
        <name>GPX-143</name>
        <desc>&lt;table&gt;
&lt;tr&gt;&lt;td&gt;Longitude: 128.641540 &lt;/td&gt;&lt;/tr&gt;
&lt;tr&gt;&lt;td&gt;Latitude: 38.108980 &lt;/td&gt;&lt;/tr&gt;
&lt;tr&gt;&lt;td&gt;Altitude: 4.068 ft &lt;/td&gt;&lt;/tr&gt;
&lt;tr&gt;&lt;td&gt;Heading: 353.6 &lt;/td&gt;&lt;/tr&gt;
&lt;/table&gt;</desc>
        <sym>https://earth.google.com/images/kml-icons/track-directional/track-none.png</sym>
    </wpt>
    <wpt lat="38.154324536" lon="128.608652506">
        <ele>6.1</ele>
        <name>GPX-368</name>
        <desc>&lt;table&gt;
&lt;tr&gt;&lt;td&gt;Longitude: 128.608070 &lt;/td&gt;&lt;/tr&gt;
&lt;tr&gt;&lt;td&gt;Latitude: 38.154050 &lt;/td&gt;&lt;/tr&gt;
&lt;tr&gt;&lt;td&gt;Altitude: 11.247 ft &lt;/td&gt;&lt;/tr&gt;
&lt;tr&gt;&lt;td&gt;Heading: 14.7 &lt;/td&gt;&lt;/tr&gt;
&lt;/table&gt;</desc>
        <sym>https://earth.google.com/images/kml-icons/track-directional/track-none.png</sym>
    </wpt>
    <wpt lat="38.09361991" lon="128.65860179">
        <ele>0.0</ele>
        <name>GPX-70</name>
        <desc>&lt;table&gt;
&lt;tr&gt;&lt;td&gt;Longitude: 128.657310 &lt;/td&gt;&lt;/tr&gt;
&lt;tr&gt;&lt;td&gt;Latitude: 38.093580 &lt;/td&gt;&lt;/tr&gt;
&lt;tr&gt;&lt;td&gt;Altitude: 6.814 ft &lt;/td&gt;&lt;/tr&gt;
&lt;tr&gt;&lt;td&gt;Heading: 319.2 &lt;/td&gt;&lt;/tr&gt;
&lt;/table&gt;</desc>
        <sym>https://earth.google.com/images/kml-icons/track-directional/track-none.png</sym>
    </wpt>
    <wpt lat="38.11397" lon="128.6375">
        <ele>0.0</ele>
        <name>GPX-163</name>
        <desc>&lt;table&gt;
&lt;tr&gt;&lt;td&gt;Longitude: 128.637500 &lt;/td&gt;&lt;/tr&gt;
&lt;tr&gt;&lt;td&gt;Latitude: 38.113970 &lt;/td&gt;&lt;/tr&gt;
&lt;tr&gt;&lt;td&gt;Heading: 270.0 &lt;/td&gt;&lt;/tr&gt;
&lt;/table&gt;</desc>
        <sym>https://earth.google.com/images/kml-icons/track-directional/track-none.png</sym>
    </wpt>
    <wpt lat="38.116055" lon="128.635">
        <ele>0.0</ele>
        <name>GPX-173</name>
        <desc>&lt;table&gt;
&lt;tr&gt;&lt;td&gt;Longitude: 128.635000 &lt;/td&gt;&lt;/tr&gt;
&lt;tr&gt;&lt;td&gt;Latitude: 38.116055 &lt;/td&gt;&lt;/tr&gt;
&lt;tr&gt;&lt;td&gt;Heading: 320.7 &lt;/td&gt;&lt;/tr&gt;
&lt;/table&gt;</desc>
        <sym>https://earth.google.com/images/kml-icons/track-directional/track-none.png</sym>
    </wpt>
    <wpt lat="38.125345" lon="128.621295">
        <ele>16.5</ele>
        <name>GPX-240</name>
        <desc>&lt;table&gt;
&lt;tr&gt;&lt;td&gt;Longitude: 128.621295 &lt;/td&gt;&lt;/tr&gt;
&lt;tr&gt;&lt;td&gt;Latitude: 38.125345 &lt;/td&gt;&lt;/tr&gt;
&lt;tr&gt;&lt;td&gt;Altitude: 53.939 ft &lt;/td&gt;&lt;/tr&gt;
&lt;tr&gt;&lt;td&gt;Heading: 8.6 &lt;/td&gt;&lt;/tr&gt;
&lt;/table&gt;</desc>
        <sym>https://earth.google.com/images/kml-icons/track-directional/track-none.png</sym>
    </wpt>
    <wpt lat="38.08522" lon="128.664865">
        <ele>2.3</ele>
        <name>GPX-36</name>
        <desc>&lt;table&gt;
&lt;tr&gt;&lt;td&gt;Longitude: 128.664865 &lt;/td&gt;&lt;/tr&gt;
&lt;tr&gt;&lt;td&gt;Latitude: 38.085220 &lt;/td&gt;&lt;/tr&gt;
&lt;tr&gt;&lt;td&gt;Altitude: 11.117 ft &lt;/td&gt;&lt;/tr&gt;
&lt;tr&gt;&lt;td&gt;Heading: 341.1 &lt;/td&gt;&lt;/tr&gt;
&lt;/table&gt;</desc>
        <sym>https://earth.google.com/images/kml-icons/track-directional/track-none.png</sym>
    </wpt>
    <wpt lat="38.120618" lon="128.629864">
        <ele>5.5</ele>
        <name>GPX-202</name>
        <desc>&lt;table&gt;
&lt;tr&gt;&lt;td&gt;Longitude: 128.629864 &lt;/td&gt;&lt;/tr&gt;
&lt;tr&gt;&lt;td&gt;Latitude: 38.120618 &lt;/td&gt;&lt;/tr&gt;
&lt;tr&gt;&lt;td&gt;Altitude: 18.074 ft &lt;/td&gt;&lt;/tr&gt;
&lt;tr&gt;&lt;td&gt;Heading: 204.8 &lt;/td&gt;&lt;/tr&gt;
&lt;/table&gt;</desc>
        <sym>https://earth.google.com/images/kml-icons/track-directional/track-none.png</sym>
    </wpt>
    <wpt lat="38.114975" lon="128.63614">
        <ele>4.6</ele>
        <name>GPX-169</name>
        <desc>&lt;table&gt;
&lt;tr&gt;&lt;td&gt;Longitude: 128.636140 &lt;/td&gt;&lt;/tr&gt;
&lt;tr&gt;&lt;td&gt;Latitude: 38.114975 &lt;/td&gt;&lt;/tr&gt;
&lt;tr&gt;&lt;td&gt;Altitude: 15.092 ft &lt;/td&gt;&lt;/tr&gt;
&lt;tr&gt;&lt;td&gt;Heading: 320.1 &lt;/td&gt;&lt;/tr&gt;
&lt;/table&gt;</desc>
        <sym>https://earth.google.com/images/kml-icons/track-directional/track-none.png</sym>
    </wpt>
    <wpt lat="38.120258" lon="128.629677">
        <ele>4.8</ele>
        <name>GPX-204</name>
        <desc>&lt;table&gt;
&lt;tr&gt;&lt;td&gt;Longitude: 128.629677 &lt;/td&gt;&lt;/tr&gt;
&lt;tr&gt;&lt;td&gt;Latitude: 38.120258 &lt;/td&gt;&lt;/tr&gt;
&lt;tr&gt;&lt;td&gt;Altitude: 15.912 ft &lt;/td&gt;&lt;/tr&gt;
&lt;tr&gt;&lt;td&gt;Heading: 205.5 &lt;/td&gt;&lt;/tr&gt;
&lt;/table&gt;</desc>
        <sym>https://earth.google.com/images/kml-icons/track-directional/track-none.png</sym>
    </wpt>
    <wpt lat="38.11877" lon="128.62711">
        <ele>3.9</ele>
        <name>GPX-214</name>
        <desc>&lt;table&gt;
&lt;tr&gt;&lt;td&gt;Longitude: 128.627110 &lt;/td&gt;&lt;/tr&gt;
&lt;tr&gt;&lt;td&gt;Latitude: 38.118770 &lt;/td&gt;&lt;/tr&gt;
&lt;tr&gt;&lt;td&gt;Altitude: 12.762 ft &lt;/td&gt;&lt;/tr&gt;
&lt;tr&gt;&lt;td&gt;Heading: 272.6 &lt;/td&gt;&lt;/tr&gt;
&lt;/table&gt;</desc>
        <sym>https://earth.google.com/images/kml-icons/track-directional/track-none.png</sym>
    </wpt>
    <wpt lat="38.11891" lon="128.62646">
        <ele>8.1</ele>
        <name>GPX-216</name>
        <desc>&lt;table&gt;
&lt;tr&gt;&lt;td&gt;Longitude: 128.626460 &lt;/td&gt;&lt;/tr&gt;
&lt;tr&gt;&lt;td&gt;Latitude: 38.118910 &lt;/td&gt;&lt;/tr&gt;
&lt;tr&gt;&lt;td&gt;Altitude: 26.654 ft &lt;/td&gt;&lt;/tr&gt;
&lt;tr&gt;&lt;td&gt;Heading: 285.3 &lt;/td&gt;&lt;/tr&gt;
&lt;/table&gt;</desc>
        <sym>https://earth.google.com/images/kml-icons/track-directional/track-none.png</sym>
    </wpt>
    <wpt lat="38.077974857" lon="128.673826323">
        <ele>0.1</ele>
        <name>GPX-3</name>
        <desc>&lt;table&gt;
&lt;tr&gt;&lt;td&gt;Longitude: 128.673367 &lt;/td&gt;&lt;/tr&gt;
&lt;tr&gt;&lt;td&gt;Latitude: 38.077946 &lt;/td&gt;&lt;/tr&gt;
&lt;tr&gt;&lt;td&gt;Altitude: 3.041 ft &lt;/td&gt;&lt;/tr&gt;
&lt;tr&gt;&lt;td&gt;Heading: 294.8 &lt;/td&gt;&lt;/tr&gt;
&lt;/table&gt;</desc>
        <sym>https://earth.google.com/images/kml-icons/track-directional/track-none.png</sym>
    </wpt>
    <wpt lat="38.14029" lon="128.6143">
        <ele>5.0</ele>
        <name>GPX-313</name>
        <desc>&lt;table&gt;
&lt;tr&gt;&lt;td&gt;Longitude: 128.614300 &lt;/td&gt;&lt;/tr&gt;
&lt;tr&gt;&lt;td&gt;Latitude: 38.140290 &lt;/td&gt;&lt;/tr&gt;
&lt;tr&gt;&lt;td&gt;Altitude: 16.260 ft &lt;/td&gt;&lt;/tr&gt;
&lt;tr&gt;&lt;td&gt;Heading: 327.7 &lt;/td&gt;&lt;/tr&gt;
&lt;/table&gt;</desc>
        <sym>https://earth.google.com/images/kml-icons/track-directional/track-none.png</sym>
    </wpt>
    <wpt lat="38.154715" lon="128.608575">
        <ele>6.7</ele>
        <name>GPX-370</name>
        <desc>&lt;table&gt;
&lt;tr&gt;&lt;td&gt;Longitude: 128.608575 &lt;/td&gt;&lt;/tr&gt;
&lt;tr&gt;&lt;td&gt;Latitude: 38.154715 &lt;/td&gt;&lt;/tr&gt;
&lt;tr&gt;&lt;td&gt;Altitude: 20.705 ft &lt;/td&gt;&lt;/tr&gt;
&lt;tr&gt;&lt;td&gt;Heading: 35.2 &lt;/td&gt;&lt;/tr&gt;
&lt;/table&gt;</desc>
        <sym>https://earth.google.com/images/kml-icons/track-directional/track-none.png</sym>
    </wpt>
    <wpt lat="38.134658" lon="128.620722">
        <ele>1.0</ele>
        <name>GPX-284</name>
        <desc>&lt;table&gt;
&lt;tr&gt;&lt;td&gt;Longitude: 128.620722 &lt;/td&gt;&lt;/tr&gt;
&lt;tr&gt;&lt;td&gt;Latitude: 38.134658 &lt;/td&gt;&lt;/tr&gt;
&lt;tr&gt;&lt;td&gt;Altitude: 3.330 ft &lt;/td&gt;&lt;/tr&gt;
&lt;tr&gt;&lt;td&gt;Heading: 321.9 &lt;/td&gt;&lt;/tr&gt;
&lt;/table&gt;</desc>
        <sym>https://earth.google.com/images/kml-icons/track-directional/track-none.png</sym>
    </wpt>
    <wpt lat="38.124245" lon="128.621285">
        <ele>30.0</ele>
        <name>GPX-236</name>
        <desc>&lt;table&gt;
&lt;tr&gt;&lt;td&gt;Longitude: 128.621285 &lt;/td&gt;&lt;/tr&gt;
&lt;tr&gt;&lt;td&gt;Latitude: 38.124245 &lt;/td&gt;&lt;/tr&gt;
&lt;tr&gt;&lt;td&gt;Altitude: 98.917 ft &lt;/td&gt;&lt;/tr&gt;
&lt;tr&gt;&lt;td&gt;Heading: 349.1 &lt;/td&gt;&lt;/tr&gt;
&lt;/table&gt;</desc>
        <sym>https://earth.google.com/images/kml-icons/track-directional/track-none.png</sym>
    </wpt>
    <wpt lat="38.14814" lon="128.60941">
        <ele>3.1</ele>
        <name>GPX-344</name>
        <desc>&lt;table&gt;
&lt;tr&gt;&lt;td&gt;Longitude: 128.609410 &lt;/td&gt;&lt;/tr&gt;
&lt;tr&gt;&lt;td&gt;Latitude: 38.148140 &lt;/td&gt;&lt;/tr&gt;
&lt;tr&gt;&lt;td&gt;Altitude: 8.624 ft &lt;/td&gt;&lt;/tr&gt;
&lt;tr&gt;&lt;td&gt;Heading: 337.2 &lt;/td&gt;&lt;/tr&gt;
&lt;/table&gt;</desc>
        <sym>https://earth.google.com/images/kml-icons/track-directional/track-none.png</sym>
    </wpt>
    <wpt lat="38.10271" lon="128.640805">
        <ele>0.8</ele>
        <name>GPX-119</name>
        <desc>&lt;table&gt;
&lt;tr&gt;&lt;td&gt;Longitude: 128.640805 &lt;/td&gt;&lt;/tr&gt;
&lt;tr&gt;&lt;td&gt;Latitude: 38.102710 &lt;/td&gt;&lt;/tr&gt;
&lt;tr&gt;&lt;td&gt;Heading: 282.3 &lt;/td&gt;&lt;/tr&gt;
&lt;/table&gt;</desc>
        <sym>https://earth.google.com/images/kml-icons/track-directional/track-none.png</sym>
    </wpt>
    <wpt lat="38.15088" lon="128.60819">
        <ele>1.8</ele>
        <name>GPX-353</name>
        <desc>&lt;table&gt;
&lt;tr&gt;&lt;td&gt;Longitude: 128.608190 &lt;/td&gt;&lt;/tr&gt;
&lt;tr&gt;&lt;td&gt;Latitude: 38.150880 &lt;/td&gt;&lt;/tr&gt;
&lt;tr&gt;&lt;td&gt;Altitude: 6.027 ft &lt;/td&gt;&lt;/tr&gt;
&lt;tr&gt;&lt;td&gt;Heading: 321.8 &lt;/td&gt;&lt;/tr&gt;
&lt;/table&gt;</desc>
        <sym>https://earth.google.com/images/kml-icons/track-directional/track-none.png</sym>
    </wpt>
    <wpt lat="38.09507713" lon="128.656792591">
        <ele>4.5</ele>
        <name>GPX-75</name>
        <desc>&lt;table&gt;
&lt;tr&gt;&lt;td&gt;Longitude: 128.655955 &lt;/td&gt;&lt;/tr&gt;
&lt;tr&gt;&lt;td&gt;Latitude: 38.095065 &lt;/td&gt;&lt;/tr&gt;
&lt;tr&gt;&lt;td&gt;Heading: 326.8 &lt;/td&gt;&lt;/tr&gt;
&lt;/table&gt;</desc>
        <sym>https://earth.google.com/images/kml-icons/track-directional/track-none.png</sym>
    </wpt>
    <wpt lat="38.09638" lon="128.654765">
        <ele>3.2</ele>
        <name>GPX-79</name>
        <desc>&lt;table&gt;
&lt;tr&gt;&lt;td&gt;Longitude: 128.654765 &lt;/td&gt;&lt;/tr&gt;
&lt;tr&gt;&lt;td&gt;Latitude: 38.096380 &lt;/td&gt;&lt;/tr&gt;
&lt;tr&gt;&lt;td&gt;Altitude: 14.956 ft &lt;/td&gt;&lt;/tr&gt;
&lt;tr&gt;&lt;td&gt;Heading: 323.9 &lt;/td&gt;&lt;/tr&gt;
&lt;/table&gt;</desc>
        <sym>https://earth.google.com/images/kml-icons/track-directional/track-none.png</sym>
    </wpt>
    <wpt lat="38.159395" lon="128.608715">
        <ele>1.3</ele>
        <name>GPX-386</name>
        <desc>&lt;table&gt;
&lt;tr&gt;&lt;td&gt;Longitude: 128.608715 &lt;/td&gt;&lt;/tr&gt;
&lt;tr&gt;&lt;td&gt;Latitude: 38.159395 &lt;/td&gt;&lt;/tr&gt;
&lt;tr&gt;&lt;td&gt;Heading: 346.1 &lt;/td&gt;&lt;/tr&gt;
&lt;/table&gt;</desc>
        <sym>https://earth.google.com/images/kml-icons/track-directional/track-none.png</sym>
    </wpt>
    <wpt lat="38.110312447" lon="128.640979951">
        <ele>0.4</ele>
        <name>GPX-150</name>
        <desc>&lt;table&gt;
&lt;tr&gt;&lt;td&gt;Longitude: 128.639770 &lt;/td&gt;&lt;/tr&gt;
&lt;tr&gt;&lt;td&gt;Latitude: 38.111270 &lt;/td&gt;&lt;/tr&gt;
&lt;tr&gt;&lt;td&gt;Altitude: 11.004 ft &lt;/td&gt;&lt;/tr&gt;
&lt;tr&gt;&lt;td&gt;Heading: 328.3 &lt;/td&gt;&lt;/tr&gt;
&lt;/table&gt;</desc>
        <sym>https://earth.google.com/images/kml-icons/track-directional/track-none.png</sym>
    </wpt>
    <wpt lat="38.134447" lon="128.620933">
        <ele>0.0</ele>
        <name>GPX-283</name>
        <desc>&lt;table&gt;
&lt;tr&gt;&lt;td&gt;Longitude: 128.620933 &lt;/td&gt;&lt;/tr&gt;
&lt;tr&gt;&lt;td&gt;Latitude: 38.134447 &lt;/td&gt;&lt;/tr&gt;
&lt;tr&gt;&lt;td&gt;Heading: 332.3 &lt;/td&gt;&lt;/tr&gt;
&lt;/table&gt;</desc>
        <sym>https://earth.google.com/images/kml-icons/track-directional/track-none.png</sym>
    </wpt>
    <wpt lat="38.14517" lon="128.61143">
        <ele>4.6</ele>
        <name>GPX-332</name>
        <desc>&lt;table&gt;
&lt;tr&gt;&lt;td&gt;Longitude: 128.611430 &lt;/td&gt;&lt;/tr&gt;
&lt;tr&gt;&lt;td&gt;Latitude: 38.145170 &lt;/td&gt;&lt;/tr&gt;
&lt;tr&gt;&lt;td&gt;Altitude: 14.997 ft &lt;/td&gt;&lt;/tr&gt;
&lt;tr&gt;&lt;td&gt;Heading: 333.5 &lt;/td&gt;&lt;/tr&gt;
&lt;/table&gt;</desc>
        <sym>https://earth.google.com/images/kml-icons/track-directional/track-none.png</sym>
    </wpt>
    <wpt lat="38.115275" lon="128.63581">
        <ele>0.6</ele>
        <name>GPX-170</name>
        <desc>&lt;table&gt;
&lt;tr&gt;&lt;td&gt;Longitude: 128.635810 &lt;/td&gt;&lt;/tr&gt;
&lt;tr&gt;&lt;td&gt;Latitude: 38.115275 &lt;/td&gt;&lt;/tr&gt;
&lt;tr&gt;&lt;td&gt;Altitude: 1.837 ft &lt;/td&gt;&lt;/tr&gt;
&lt;tr&gt;&lt;td&gt;Heading: 319.1 &lt;/td&gt;&lt;/tr&gt;
&lt;/table&gt;</desc>
        <sym>https://earth.google.com/images/kml-icons/track-directional/track-none.png</sym>
    </wpt>
    <wpt lat="38.154264093" lon="128.608213957">
        <ele>3.9</ele>
        <name>GPX-368</name>
        <desc>&lt;table&gt;
&lt;tr&gt;&lt;td&gt;Longitude: 128.608070 &lt;/td&gt;&lt;/tr&gt;
&lt;tr&gt;&lt;td&gt;Latitude: 38.154050 &lt;/td&gt;&lt;/tr&gt;
&lt;tr&gt;&lt;td&gt;Altitude: 11.247 ft &lt;/td&gt;&lt;/tr&gt;
&lt;tr&gt;&lt;td&gt;Heading: 14.7 &lt;/td&gt;&lt;/tr&gt;
&lt;/table&gt;</desc>
        <sym>https://earth.google.com/images/kml-icons/track-directional/track-none.png</sym>
    </wpt>
    <wpt lat="38.090605" lon="128.660555">
        <ele>4.2</ele>
        <name>GPX-57</name>
        <desc>&lt;table&gt;
&lt;tr&gt;&lt;td&gt;Longitude: 128.660555 &lt;/td&gt;&lt;/tr&gt;
&lt;tr&gt;&lt;td&gt;Latitude: 38.090605 &lt;/td&gt;&lt;/tr&gt;
&lt;tr&gt;&lt;td&gt;Altitude: 13.128 ft &lt;/td&gt;&lt;/tr&gt;
&lt;tr&gt;&lt;td&gt;Heading: 326.7 &lt;/td&gt;&lt;/tr&gt;
&lt;/table&gt;</desc>
        <sym>https://earth.google.com/images/kml-icons/track-directional/track-none.png</sym>
    </wpt>
    <wpt lat="38.12908" lon="128.62298">
        <ele>4.3</ele>
        <name>GPX-261</name>
        <desc>&lt;table&gt;
&lt;tr&gt;&lt;td&gt;Longitude: 128.622980 &lt;/td&gt;&lt;/tr&gt;
&lt;tr&gt;&lt;td&gt;Latitude: 38.129080 &lt;/td&gt;&lt;/tr&gt;
&lt;tr&gt;&lt;td&gt;Altitude: 14.147 ft &lt;/td&gt;&lt;/tr&gt;
&lt;tr&gt;&lt;td&gt;Heading: 8.9 &lt;/td&gt;&lt;/tr&gt;
&lt;/table&gt;</desc>
        <sym>https://earth.google.com/images/kml-icons/track-directional/track-none.png</sym>
    </wpt>
    <wpt lat="38.10236" lon="128.64247">
        <ele>0.0</ele>
        <name>GPX-115</name>
        <desc>&lt;table&gt;
&lt;tr&gt;&lt;td&gt;Longitude: 128.642470 &lt;/td&gt;&lt;/tr&gt;
&lt;tr&gt;&lt;td&gt;Latitude: 38.102360 &lt;/td&gt;&lt;/tr&gt;
&lt;tr&gt;&lt;td&gt;Heading: 283.1 &lt;/td&gt;&lt;/tr&gt;
&lt;/table&gt;</desc>
        <sym>https://earth.google.com/images/kml-icons/track-directional/track-none.png</sym>
    </wpt>
    <wpt lat="38.078643" lon="128.67037">
        <ele>10.3</ele>
        <name>GPX-12</name>
        <desc>&lt;table&gt;
&lt;tr&gt;&lt;td&gt;Longitude: 128.670370 &lt;/td&gt;&lt;/tr&gt;
&lt;tr&gt;&lt;td&gt;Latitude: 38.078643 &lt;/td&gt;&lt;/tr&gt;
&lt;tr&gt;&lt;td&gt;Altitude: 33.678 ft &lt;/td&gt;&lt;/tr&gt;
&lt;tr&gt;&lt;td&gt;Heading: 260.1 &lt;/td&gt;&lt;/tr&gt;
&lt;/table&gt;</desc>
        <sym>https://earth.google.com/images/kml-icons/track-directional/track-none.png</sym>
    </wpt>
    <wpt lat="38.08752" lon="128.663635">
        <ele>8.8</ele>
        <name>GPX-44</name>
        <desc>&lt;table&gt;
&lt;tr&gt;&lt;td&gt;Longitude: 128.663635 &lt;/td&gt;&lt;/tr&gt;
&lt;tr&gt;&lt;td&gt;Latitude: 38.087520 &lt;/td&gt;&lt;/tr&gt;
&lt;tr&gt;&lt;td&gt;Altitude: 28.634 ft &lt;/td&gt;&lt;/tr&gt;
&lt;tr&gt;&lt;td&gt;Heading: 325.1 &lt;/td&gt;&lt;/tr&gt;
&lt;/table&gt;</desc>
        <sym>https://earth.google.com/images/kml-icons/track-directional/track-none.png</sym>
    </wpt>
    <wpt lat="38.11349" lon="128.63808">
        <ele>1.2</ele>
        <name>GPX-160</name>
        <desc>&lt;table&gt;
&lt;tr&gt;&lt;td&gt;Longitude: 128.638080 &lt;/td&gt;&lt;/tr&gt;
&lt;tr&gt;&lt;td&gt;Latitude: 38.113490 &lt;/td&gt;&lt;/tr&gt;
&lt;tr&gt;&lt;td&gt;Altitude: 3.914 ft &lt;/td&gt;&lt;/tr&gt;
&lt;tr&gt;&lt;td&gt;Heading: 323.5 &lt;/td&gt;&lt;/tr&gt;
&lt;/table&gt;</desc>
        <sym>https://earth.google.com/images/kml-icons/track-directional/track-none.png</sym>
    </wpt>
    <wpt lat="38.13824" lon="128.61628">
        <ele>2.6</ele>
        <name>GPX-301</name>
        <desc>&lt;table&gt;
&lt;tr&gt;&lt;td&gt;Longitude: 128.616280 &lt;/td&gt;&lt;/tr&gt;
&lt;tr&gt;&lt;td&gt;Latitude: 38.138240 &lt;/td&gt;&lt;/tr&gt;
&lt;tr&gt;&lt;td&gt;Altitude: 8.517 ft &lt;/td&gt;&lt;/tr&gt;
&lt;tr&gt;&lt;td&gt;Heading: 330.8 &lt;/td&gt;&lt;/tr&gt;
&lt;/table&gt;</desc>
        <sym>https://earth.google.com/images/kml-icons/track-directional/track-none.png</sym>
    </wpt>
    <wpt lat="38.13972" lon="128.61475">
        <ele>4.8</ele>
        <name>GPX-310</name>
        <desc>&lt;table&gt;
&lt;tr&gt;&lt;td&gt;Longitude: 128.614750 &lt;/td&gt;&lt;/tr&gt;
&lt;tr&gt;&lt;td&gt;Latitude: 38.139720 &lt;/td&gt;&lt;/tr&gt;
&lt;tr&gt;&lt;td&gt;Altitude: 15.702 ft &lt;/td&gt;&lt;/tr&gt;
&lt;tr&gt;&lt;td&gt;Heading: 280.4 &lt;/td&gt;&lt;/tr&gt;
&lt;/table&gt;</desc>
        <sym>https://earth.google.com/images/kml-icons/track-directional/track-none.png</sym>
    </wpt>
    <wpt lat="38.10392" lon="128.64038">
        <ele>5.0</ele>
        <name>GPX-125</name>
        <desc>&lt;table&gt;
&lt;tr&gt;&lt;td&gt;Longitude: 128.640380 &lt;/td&gt;&lt;/tr&gt;
&lt;tr&gt;&lt;td&gt;Latitude: 38.103920 &lt;/td&gt;&lt;/tr&gt;
&lt;tr&gt;&lt;td&gt;Altitude: 16.404 ft &lt;/td&gt;&lt;/tr&gt;
&lt;tr&gt;&lt;td&gt;Heading: 14.2 &lt;/td&gt;&lt;/tr&gt;
&lt;/table&gt;</desc>
        <sym>https://earth.google.com/images/kml-icons/track-directional/track-none.png</sym>
    </wpt>
    <wpt lat="38.12768" lon="128.62359">
        <ele>8.9</ele>
        <name>GPX-253</name>
        <desc>&lt;table&gt;
&lt;tr&gt;&lt;td&gt;Longitude: 128.623590 &lt;/td&gt;&lt;/tr&gt;
&lt;tr&gt;&lt;td&gt;Latitude: 38.127680 &lt;/td&gt;&lt;/tr&gt;
&lt;tr&gt;&lt;td&gt;Altitude: 29.285 ft &lt;/td&gt;&lt;/tr&gt;
&lt;tr&gt;&lt;td&gt;Heading: 60.9 &lt;/td&gt;&lt;/tr&gt;
&lt;/table&gt;</desc>
        <sym>https://earth.google.com/images/kml-icons/track-directional/track-none.png</sym>
    </wpt>
    <wpt lat="38.11911" lon="128.625975">
        <ele>10.5</ele>
        <name>GPX-217</name>
        <desc>&lt;table&gt;
&lt;tr&gt;&lt;td&gt;Longitude: 128.625975 &lt;/td&gt;&lt;/tr&gt;
&lt;tr&gt;&lt;td&gt;Latitude: 38.119110 &lt;/td&gt;&lt;/tr&gt;
&lt;tr&gt;&lt;td&gt;Altitude: 33.189 ft &lt;/td&gt;&lt;/tr&gt;
&lt;tr&gt;&lt;td&gt;Heading: 297.7 &lt;/td&gt;&lt;/tr&gt;
&lt;/table&gt;</desc>
        <sym>https://earth.google.com/images/kml-icons/track-directional/track-none.png</sym>
    </wpt>
    <wpt lat="38.097135617" lon="128.654538174">
        <ele>6.6</ele>
        <name>GPX-81</name>
        <desc>&lt;table&gt;
&lt;tr&gt;&lt;td&gt;Longitude: 128.654183 &lt;/td&gt;&lt;/tr&gt;
&lt;tr&gt;&lt;td&gt;Latitude: 38.097040 &lt;/td&gt;&lt;/tr&gt;
&lt;tr&gt;&lt;td&gt;Altitude: 21.245 ft &lt;/td&gt;&lt;/tr&gt;
&lt;tr&gt;&lt;td&gt;Heading: 326.7 &lt;/td&gt;&lt;/tr&gt;
&lt;/table&gt;</desc>
        <sym>https://earth.google.com/images/kml-icons/track-directional/track-none.png</sym>
    </wpt>
    <wpt lat="38.081498" lon="128.667447">
        <ele>6.7</ele>
        <name>GPX-23</name>
        <desc>&lt;table&gt;
&lt;tr&gt;&lt;td&gt;Longitude: 128.667447 &lt;/td&gt;&lt;/tr&gt;
&lt;tr&gt;&lt;td&gt;Latitude: 38.081498 &lt;/td&gt;&lt;/tr&gt;
&lt;tr&gt;&lt;td&gt;Altitude: 22.024 ft &lt;/td&gt;&lt;/tr&gt;
&lt;tr&gt;&lt;td&gt;Heading: 322.7 &lt;/td&gt;&lt;/tr&gt;
&lt;/table&gt;</desc>
        <sym>https://earth.google.com/images/kml-icons/track-directional/track-none.png</sym>
    </wpt>
    <wpt lat="38.10758" lon="128.64073">
        <ele>2.0</ele>
        <name>GPX-136</name>
        <desc>&lt;table&gt;
&lt;tr&gt;&lt;td&gt;Longitude: 128.640730 &lt;/td&gt;&lt;/tr&gt;
&lt;tr&gt;&lt;td&gt;Latitude: 38.107580 &lt;/td&gt;&lt;/tr&gt;
&lt;tr&gt;&lt;td&gt;Altitude: 6.562 ft &lt;/td&gt;&lt;/tr&gt;
&lt;tr&gt;&lt;td&gt;Heading: 334.3 &lt;/td&gt;&lt;/tr&gt;
&lt;/table&gt;</desc>
        <sym>https://earth.google.com/images/kml-icons/track-directional/track-none.png</sym>
    </wpt>
    <wpt lat="38.146343" lon="128.610553">
        <ele>1.2</ele>
        <name>GPX-337</name>
        <desc>&lt;table&gt;
&lt;tr&gt;&lt;td&gt;Longitude: 128.610553 &lt;/td&gt;&lt;/tr&gt;
&lt;tr&gt;&lt;td&gt;Latitude: 38.146343 &lt;/td&gt;&lt;/tr&gt;
&lt;tr&gt;&lt;td&gt;Altitude: 8.050 ft &lt;/td&gt;&lt;/tr&gt;
&lt;tr&gt;&lt;td&gt;Heading: 330.5 &lt;/td&gt;&lt;/tr&gt;
&lt;/table&gt;</desc>
        <sym>https://earth.google.com/images/kml-icons/track-directional/track-none.png</sym>
    </wpt>
    <wpt lat="38.15501" lon="128.60884">
        <ele>7.8</ele>
        <name>GPX-371</name>
        <desc>&lt;table&gt;
&lt;tr&gt;&lt;td&gt;Longitude: 128.608840 &lt;/td&gt;&lt;/tr&gt;
&lt;tr&gt;&lt;td&gt;Latitude: 38.155010 &lt;/td&gt;&lt;/tr&gt;
&lt;tr&gt;&lt;td&gt;Altitude: 25.571 ft &lt;/td&gt;&lt;/tr&gt;
&lt;tr&gt;&lt;td&gt;Heading: 35.2 &lt;/td&gt;&lt;/tr&gt;
&lt;/table&gt;</desc>
        <sym>https://earth.google.com/images/kml-icons/track-directional/track-none.png</sym>
    </wpt>
    <wpt lat="38.131176" lon="128.622067">
        <ele>1.7</ele>
        <name>GPX-270</name>
        <desc>&lt;table&gt;
&lt;tr&gt;&lt;td&gt;Longitude: 128.622067 &lt;/td&gt;&lt;/tr&gt;
&lt;tr&gt;&lt;td&gt;Latitude: 38.131176 &lt;/td&gt;&lt;/tr&gt;
&lt;tr&gt;&lt;td&gt;Altitude: 5.499 ft &lt;/td&gt;&lt;/tr&gt;
&lt;tr&gt;&lt;td&gt;Heading: 328.3 &lt;/td&gt;&lt;/tr&gt;
&lt;/table&gt;</desc>
        <sym>https://earth.google.com/images/kml-icons/track-directional/track-none.png</sym>
    </wpt>
    <wpt lat="38.11892" lon="128.628083">
        <ele>2.1</ele>
        <name>GPX-211</name>
        <desc>&lt;table&gt;
&lt;tr&gt;&lt;td&gt;Longitude: 128.628083 &lt;/td&gt;&lt;/tr&gt;
&lt;tr&gt;&lt;td&gt;Latitude: 38.118920 &lt;/td&gt;&lt;/tr&gt;
&lt;tr&gt;&lt;td&gt;Altitude: 10.545 ft &lt;/td&gt;&lt;/tr&gt;
&lt;tr&gt;&lt;td&gt;Heading: 241.0 &lt;/td&gt;&lt;/tr&gt;
&lt;/table&gt;</desc>
        <sym>https://earth.google.com/images/kml-icons/track-directional/track-none.png</sym>
    </wpt>
    <wpt lat="38.14733" lon="128.60985">
        <ele>2.6</ele>
        <name>GPX-341</name>
        <desc>&lt;table&gt;
&lt;tr&gt;&lt;td&gt;Longitude: 128.609850 &lt;/td&gt;&lt;/tr&gt;
&lt;tr&gt;&lt;td&gt;Latitude: 38.147330 &lt;/td&gt;&lt;/tr&gt;
&lt;tr&gt;&lt;td&gt;Altitude: 8.570 ft &lt;/td&gt;&lt;/tr&gt;
&lt;tr&gt;&lt;td&gt;Heading: 331.0 &lt;/td&gt;&lt;/tr&gt;
&lt;/table&gt;</desc>
        <sym>https://earth.google.com/images/kml-icons/track-directional/track-none.png</sym>
    </wpt>
    <wpt lat="38.1522" lon="128.60772">
        <ele>1.1</ele>
        <name>GPX-361</name>
        <desc>&lt;table&gt;
&lt;tr&gt;&lt;td&gt;Longitude: 128.607720 &lt;/td&gt;&lt;/tr&gt;
&lt;tr&gt;&lt;td&gt;Latitude: 38.152200 &lt;/td&gt;&lt;/tr&gt;
&lt;tr&gt;&lt;td&gt;Altitude: 5.397 ft &lt;/td&gt;&lt;/tr&gt;
&lt;tr&gt;&lt;td&gt;Heading: 0.0 &lt;/td&gt;&lt;/tr&gt;
&lt;/table&gt;</desc>
        <sym>https://earth.google.com/images/kml-icons/track-directional/track-none.png</sym>
    </wpt>
    <wpt lat="38.14689" lon="128.61016">
        <ele>3.3</ele>
        <name>GPX-339</name>
        <desc>&lt;table&gt;
&lt;tr&gt;&lt;td&gt;Longitude: 128.610160 &lt;/td&gt;&lt;/tr&gt;
&lt;tr&gt;&lt;td&gt;Latitude: 38.146890 &lt;/td&gt;&lt;/tr&gt;
&lt;tr&gt;&lt;td&gt;Altitude: 10.863 ft &lt;/td&gt;&lt;/tr&gt;
&lt;tr&gt;&lt;td&gt;Heading: 330.5 &lt;/td&gt;&lt;/tr&gt;
&lt;/table&gt;</desc>
        <sym>https://earth.google.com/images/kml-icons/track-directional/track-none.png</sym>
    </wpt>
    <wpt lat="38.13614" lon="128.61836">
        <ele>5.7</ele>
        <name>GPX-293</name>
        <desc>&lt;table&gt;
&lt;tr&gt;&lt;td&gt;Longitude: 128.618360 &lt;/td&gt;&lt;/tr&gt;
&lt;tr&gt;&lt;td&gt;Latitude: 38.136140 &lt;/td&gt;&lt;/tr&gt;
&lt;tr&gt;&lt;td&gt;Altitude: 18.589 ft &lt;/td&gt;&lt;/tr&gt;
&lt;tr&gt;&lt;td&gt;Heading: 316.7 &lt;/td&gt;&lt;/tr&gt;
&lt;/table&gt;</desc>
        <sym>https://earth.google.com/images/kml-icons/track-directional/track-none.png</sym>
    </wpt>
    <wpt lat="38.154128426" lon="128.608582349">
        <ele>4.3</ele>
        <name>GPX-368</name>
        <desc>&lt;table&gt;
&lt;tr&gt;&lt;td&gt;Longitude: 128.608070 &lt;/td&gt;&lt;/tr&gt;
&lt;tr&gt;&lt;td&gt;Latitude: 38.154050 &lt;/td&gt;&lt;/tr&gt;
&lt;tr&gt;&lt;td&gt;Altitude: 11.247 ft &lt;/td&gt;&lt;/tr&gt;
&lt;tr&gt;&lt;td&gt;Heading: 14.7 &lt;/td&gt;&lt;/tr&gt;
&lt;/table&gt;</desc>
        <sym>https://earth.google.com/images/kml-icons/track-directional/track-none.png</sym>
    </wpt>
    <wpt lat="38.119315" lon="128.63215">
        <ele>4.7</ele>
        <name>GPX-186</name>
        <desc>&lt;table&gt;
&lt;tr&gt;&lt;td&gt;Longitude: 128.632150 &lt;/td&gt;&lt;/tr&gt;
&lt;tr&gt;&lt;td&gt;Latitude: 38.119315 &lt;/td&gt;&lt;/tr&gt;
&lt;tr&gt;&lt;td&gt;Altitude: 15.499 ft &lt;/td&gt;&lt;/tr&gt;
&lt;tr&gt;&lt;td&gt;Heading: 334.7 &lt;/td&gt;&lt;/tr&gt;
&lt;/table&gt;</desc>
        <sym>https://earth.google.com/images/kml-icons/track-directional/track-none.png</sym>
    </wpt>
    <wpt lat="38.10339" lon="128.64021">
        <ele>3.0</ele>
        <name>GPX-123</name>
        <desc>&lt;table&gt;
&lt;tr&gt;&lt;td&gt;Longitude: 128.640210 &lt;/td&gt;&lt;/tr&gt;
&lt;tr&gt;&lt;td&gt;Latitude: 38.103390 &lt;/td&gt;&lt;/tr&gt;
&lt;tr&gt;&lt;td&gt;Altitude: 9.711 ft &lt;/td&gt;&lt;/tr&gt;
&lt;tr&gt;&lt;td&gt;Heading: 8.7 &lt;/td&gt;&lt;/tr&gt;
&lt;/table&gt;</desc>
        <sym>https://earth.google.com/images/kml-icons/track-directional/track-none.png</sym>
    </wpt>
    <wpt lat="38.115795" lon="128.63527">
        <ele>0.7</ele>
        <name>GPX-172</name>
        <desc>&lt;table&gt;
&lt;tr&gt;&lt;td&gt;Longitude: 128.635270 &lt;/td&gt;&lt;/tr&gt;
&lt;tr&gt;&lt;td&gt;Latitude: 38.115795 &lt;/td&gt;&lt;/tr&gt;
&lt;tr&gt;&lt;td&gt;Altitude: 2.277 ft &lt;/td&gt;&lt;/tr&gt;
&lt;tr&gt;&lt;td&gt;Heading: 320.8 &lt;/td&gt;&lt;/tr&gt;
&lt;/table&gt;</desc>
        <sym>https://earth.google.com/images/kml-icons/track-directional/track-none.png</sym>
    </wpt>
    <wpt lat="38.15722" lon="128.60945">
        <ele>8.0</ele>
        <name>GPX-379</name>
        <desc>&lt;table&gt;
&lt;tr&gt;&lt;td&gt;Longitude: 128.609450 &lt;/td&gt;&lt;/tr&gt;
&lt;tr&gt;&lt;td&gt;Latitude: 38.157220 &lt;/td&gt;&lt;/tr&gt;
&lt;tr&gt;&lt;td&gt;Altitude: 26.181 ft &lt;/td&gt;&lt;/tr&gt;
&lt;tr&gt;&lt;td&gt;Heading: 348.7 &lt;/td&gt;&lt;/tr&gt;
&lt;/table&gt;</desc>
        <sym>https://earth.google.com/images/kml-icons/track-directional/track-none.png</sym>
    </wpt>
    <wpt lat="38.134981" lon="128.620011">
        <ele>0.7</ele>
        <name>GPX-286</name>
        <desc>&lt;table&gt;
&lt;tr&gt;&lt;td&gt;Longitude: 128.620011 &lt;/td&gt;&lt;/tr&gt;
&lt;tr&gt;&lt;td&gt;Latitude: 38.134981 &lt;/td&gt;&lt;/tr&gt;
&lt;tr&gt;&lt;td&gt;Altitude: 2.428 ft &lt;/td&gt;&lt;/tr&gt;
&lt;tr&gt;&lt;td&gt;Heading: 301.3 &lt;/td&gt;&lt;/tr&gt;
&lt;/table&gt;</desc>
        <sym>https://earth.google.com/images/kml-icons/track-directional/track-none.png</sym>
    </wpt>
    <wpt lat="38.14055" lon="128.61412">
        <ele>4.0</ele>
        <name>GPX-314</name>
        <desc>&lt;table&gt;
&lt;tr&gt;&lt;td&gt;Longitude: 128.614120 &lt;/td&gt;&lt;/tr&gt;
&lt;tr&gt;&lt;td&gt;Latitude: 38.140550 &lt;/td&gt;&lt;/tr&gt;
&lt;tr&gt;&lt;td&gt;Altitude: 13.189 ft &lt;/td&gt;&lt;/tr&gt;
&lt;tr&gt;&lt;td&gt;Heading: 331.4 &lt;/td&gt;&lt;/tr&gt;
&lt;/table&gt;</desc>
        <sym>https://earth.google.com/images/kml-icons/track-directional/track-none.png</sym>
    </wpt>
    <wpt lat="38.15442" lon="128.60831">
        <ele>4.8</ele>
        <name>GPX-369</name>
        <desc>&lt;table&gt;
&lt;tr&gt;&lt;td&gt;Longitude: 128.608310 &lt;/td&gt;&lt;/tr&gt;
&lt;tr&gt;&lt;td&gt;Latitude: 38.154420 &lt;/td&gt;&lt;/tr&gt;
&lt;tr&gt;&lt;td&gt;Altitude: 15.840 ft &lt;/td&gt;&lt;/tr&gt;
&lt;tr&gt;&lt;td&gt;Heading: 27.0 &lt;/td&gt;&lt;/tr&gt;
&lt;/table&gt;</desc>
        <sym>https://earth.google.com/images/kml-icons/track-directional/track-none.png</sym>
    </wpt>
    <wpt lat="38.077537665" lon="128.674232564">
        <ele>0.9</ele>
        <name>GPX-1</name>
        <desc>&lt;table&gt;
&lt;tr&gt;&lt;td&gt;Longitude: 128.674394 &lt;/td&gt;&lt;/tr&gt;
&lt;tr&gt;&lt;td&gt;Latitude: 38.077573 &lt;/td&gt;&lt;/tr&gt;
&lt;tr&gt;&lt;td&gt;Altitude: 2.418 ft &lt;/td&gt;&lt;/tr&gt;
&lt;tr&gt;&lt;td&gt;Heading: 13.7 &lt;/td&gt;&lt;/tr&gt;
&lt;/table&gt;</desc>
        <sym>https://earth.google.com/images/kml-icons/track-directional/track-none.png</sym>
    </wpt>
    <wpt lat="38.10667" lon="128.64108">
        <ele>2.0</ele>
        <name>GPX-133</name>
        <desc>&lt;table&gt;
&lt;tr&gt;&lt;td&gt;Longitude: 128.641080 &lt;/td&gt;&lt;/tr&gt;
&lt;tr&gt;&lt;td&gt;Latitude: 38.106670 &lt;/td&gt;&lt;/tr&gt;
&lt;tr&gt;&lt;td&gt;Altitude: 6.562 ft &lt;/td&gt;&lt;/tr&gt;
&lt;tr&gt;&lt;td&gt;Heading: 6.5 &lt;/td&gt;&lt;/tr&gt;
&lt;/table&gt;</desc>
        <sym>https://earth.google.com/images/kml-icons/track-directional/track-none.png</sym>
    </wpt>
    <wpt lat="38.099717" lon="128.651753">
        <ele>4.0</ele>
        <name>GPX-91</name>
        <desc>&lt;table&gt;
&lt;tr&gt;&lt;td&gt;Longitude: 128.651753 &lt;/td&gt;&lt;/tr&gt;
&lt;tr&gt;&lt;td&gt;Latitude: 38.099717 &lt;/td&gt;&lt;/tr&gt;
&lt;tr&gt;&lt;td&gt;Altitude: 11.862 ft &lt;/td&gt;&lt;/tr&gt;
&lt;tr&gt;&lt;td&gt;Heading: 322.9 &lt;/td&gt;&lt;/tr&gt;
&lt;/table&gt;</desc>
        <sym>https://earth.google.com/images/kml-icons/track-directional/track-none.png</sym>
    </wpt>
    <wpt lat="38.10885575" lon="128.641979847">
        <ele>0.7</ele>
        <name>GPX-144</name>
        <desc>&lt;table&gt;
&lt;tr&gt;&lt;td&gt;Longitude: 128.641320 &lt;/td&gt;&lt;/tr&gt;
&lt;tr&gt;&lt;td&gt;Latitude: 38.109320 &lt;/td&gt;&lt;/tr&gt;
&lt;tr&gt;&lt;td&gt;Altitude: 7.484 ft &lt;/td&gt;&lt;/tr&gt;
&lt;tr&gt;&lt;td&gt;Heading: 333.0 &lt;/td&gt;&lt;/tr&gt;
&lt;/table&gt;</desc>
        <sym>https://earth.google.com/images/kml-icons/track-directional/track-none.png</sym>
    </wpt>
    <wpt lat="38.13968" lon="128.61497">
        <ele>3.2</ele>
        <name>GPX-308</name>
        <desc>&lt;table&gt;
&lt;tr&gt;&lt;td&gt;Longitude: 128.614970 &lt;/td&gt;&lt;/tr&gt;
&lt;tr&gt;&lt;td&gt;Latitude: 38.139680 &lt;/td&gt;&lt;/tr&gt;
&lt;tr&gt;&lt;td&gt;Altitude: 10.443 ft &lt;/td&gt;&lt;/tr&gt;
&lt;tr&gt;&lt;td&gt;Heading: 335.3 &lt;/td&gt;&lt;/tr&gt;
&lt;/table&gt;</desc>
        <sym>https://earth.google.com/images/kml-icons/track-directional/track-none.png</sym>
    </wpt>
    <wpt lat="38.143553" lon="128.612233">
        <ele>3.2</ele>
        <name>GPX-326</name>
        <desc>&lt;table&gt;
&lt;tr&gt;&lt;td&gt;Longitude: 128.612233 &lt;/td&gt;&lt;/tr&gt;
&lt;tr&gt;&lt;td&gt;Latitude: 38.143553 &lt;/td&gt;&lt;/tr&gt;
&lt;tr&gt;&lt;td&gt;Altitude: 10.436 ft &lt;/td&gt;&lt;/tr&gt;
&lt;tr&gt;&lt;td&gt;Heading: 340.3 &lt;/td&gt;&lt;/tr&gt;
&lt;/table&gt;</desc>
        <sym>https://earth.google.com/images/kml-icons/track-directional/track-none.png</sym>
    </wpt>
    <wpt lat="38.099463" lon="128.651997">
        <ele>2.3</ele>
        <name>GPX-90</name>
        <desc>&lt;table&gt;
&lt;tr&gt;&lt;td&gt;Longitude: 128.651997 &lt;/td&gt;&lt;/tr&gt;
&lt;tr&gt;&lt;td&gt;Latitude: 38.099463 &lt;/td&gt;&lt;/tr&gt;
&lt;tr&gt;&lt;td&gt;Altitude: 11.862 ft &lt;/td&gt;&lt;/tr&gt;
&lt;tr&gt;&lt;td&gt;Heading: 322.9 &lt;/td&gt;&lt;/tr&gt;
&lt;/table&gt;</desc>
        <sym>https://earth.google.com/images/kml-icons/track-directional/track-none.png</sym>
    </wpt>
    <wpt lat="38.141893" lon="128.61328">
        <ele>2.8</ele>
        <name>GPX-320</name>
        <desc>&lt;table&gt;
&lt;tr&gt;&lt;td&gt;Longitude: 128.613280 &lt;/td&gt;&lt;/tr&gt;
&lt;tr&gt;&lt;td&gt;Latitude: 38.141893 &lt;/td&gt;&lt;/tr&gt;
&lt;tr&gt;&lt;td&gt;Altitude: 11.106 ft &lt;/td&gt;&lt;/tr&gt;
&lt;tr&gt;&lt;td&gt;Heading: 329.1 &lt;/td&gt;&lt;/tr&gt;
&lt;/table&gt;</desc>
        <sym>https://earth.google.com/images/kml-icons/track-directional/track-none.png</sym>
    </wpt>
    <wpt lat="38.093545126" lon="128.658311842">
        <ele>0.5</ele>
        <name>GPX-70</name>
        <desc>&lt;table&gt;
&lt;tr&gt;&lt;td&gt;Longitude: 128.657310 &lt;/td&gt;&lt;/tr&gt;
&lt;tr&gt;&lt;td&gt;Latitude: 38.093580 &lt;/td&gt;&lt;/tr&gt;
&lt;tr&gt;&lt;td&gt;Altitude: 6.814 ft &lt;/td&gt;&lt;/tr&gt;
&lt;tr&gt;&lt;td&gt;Heading: 319.2 &lt;/td&gt;&lt;/tr&gt;
&lt;/table&gt;</desc>
        <sym>https://earth.google.com/images/kml-icons/track-directional/track-none.png</sym>
    </wpt>
    <wpt lat="38.105237" lon="128.640777">
        <ele>2.8</ele>
        <name>GPX-129</name>
        <desc>&lt;table&gt;
&lt;tr&gt;&lt;td&gt;Longitude: 128.640777 &lt;/td&gt;&lt;/tr&gt;
&lt;tr&gt;&lt;td&gt;Latitude: 38.105237 &lt;/td&gt;&lt;/tr&gt;
&lt;tr&gt;&lt;td&gt;Altitude: 5.162 ft &lt;/td&gt;&lt;/tr&gt;
&lt;tr&gt;&lt;td&gt;Heading: 12.7 &lt;/td&gt;&lt;/tr&gt;
&lt;/table&gt;</desc>
        <sym>https://earth.google.com/images/kml-icons/track-directional/track-none.png</sym>
    </wpt>
    <wpt lat="38.121644096" lon="128.630393856">
        <ele>4.0</ele>
        <name>GPX-200</name>
        <desc>&lt;table&gt;
&lt;tr&gt;&lt;td&gt;Longitude: 128.630111 &lt;/td&gt;&lt;/tr&gt;
&lt;tr&gt;&lt;td&gt;Latitude: 38.120830 &lt;/td&gt;&lt;/tr&gt;
&lt;tr&gt;&lt;td&gt;Altitude: 22.313 ft &lt;/td&gt;&lt;/tr&gt;
&lt;tr&gt;&lt;td&gt;Heading: 265.6 &lt;/td&gt;&lt;/tr&gt;
&lt;/table&gt;</desc>
        <sym>https://earth.google.com/images/kml-icons/track-directional/track-none.png</sym>
    </wpt>
    <wpt lat="38.15075" lon="128.60832">
        <ele>2.0</ele>
        <name>GPX-352</name>
        <desc>&lt;table&gt;
&lt;tr&gt;&lt;td&gt;Longitude: 128.608320 &lt;/td&gt;&lt;/tr&gt;
&lt;tr&gt;&lt;td&gt;Latitude: 38.150750 &lt;/td&gt;&lt;/tr&gt;
&lt;tr&gt;&lt;td&gt;Altitude: 6.608 ft &lt;/td&gt;&lt;/tr&gt;
&lt;tr&gt;&lt;td&gt;Heading: 345.7 &lt;/td&gt;&lt;/tr&gt;
&lt;/table&gt;</desc>
        <sym>https://earth.google.com/images/kml-icons/track-directional/track-none.png</sym>
    </wpt>
    <wpt lat="38.113835" lon="128.63729">
        <ele>2.4</ele>
        <name>GPX-164</name>
        <desc>&lt;table&gt;
&lt;tr&gt;&lt;td&gt;Longitude: 128.637290 &lt;/td&gt;&lt;/tr&gt;
&lt;tr&gt;&lt;td&gt;Latitude: 38.113835 &lt;/td&gt;&lt;/tr&gt;
&lt;tr&gt;&lt;td&gt;Altitude: 7.736 ft &lt;/td&gt;&lt;/tr&gt;
&lt;tr&gt;&lt;td&gt;Heading: 230.7 &lt;/td&gt;&lt;/tr&gt;
&lt;/table&gt;</desc>
        <sym>https://earth.google.com/images/kml-icons/track-directional/track-none.png</sym>
    </wpt>
    <wpt lat="38.078756" lon="128.671191">
        <ele>9.0</ele>
        <name>GPX-10</name>
        <desc>&lt;table&gt;
&lt;tr&gt;&lt;td&gt;Longitude: 128.671191 &lt;/td&gt;&lt;/tr&gt;
&lt;tr&gt;&lt;td&gt;Latitude: 38.078756 &lt;/td&gt;&lt;/tr&gt;
&lt;tr&gt;&lt;td&gt;Altitude: 29.432 ft &lt;/td&gt;&lt;/tr&gt;
&lt;tr&gt;&lt;td&gt;Heading: 270.0 &lt;/td&gt;&lt;/tr&gt;
&lt;/table&gt;</desc>
        <sym>https://earth.google.com/images/kml-icons/track-directional/track-none.png</sym>
    </wpt>
    <wpt lat="38.121430408" lon="128.630294054">
        <ele>4.8</ele>
        <name>GPX-200</name>
        <desc>&lt;table&gt;
&lt;tr&gt;&lt;td&gt;Longitude: 128.630111 &lt;/td&gt;&lt;/tr&gt;
&lt;tr&gt;&lt;td&gt;Latitude: 38.120830 &lt;/td&gt;&lt;/tr&gt;
&lt;tr&gt;&lt;td&gt;Altitude: 22.313 ft &lt;/td&gt;&lt;/tr&gt;
&lt;tr&gt;&lt;td&gt;Heading: 265.6 &lt;/td&gt;&lt;/tr&gt;
&lt;/table&gt;</desc>
        <sym>https://earth.google.com/images/kml-icons/track-directional/track-none.png</sym>
    </wpt>
    <wpt lat="38.11948" lon="128.62925">
        <ele>4.1</ele>
        <name>GPX-207</name>
        <desc>&lt;table&gt;
&lt;tr&gt;&lt;td&gt;Longitude: 128.629250 &lt;/td&gt;&lt;/tr&gt;
&lt;tr&gt;&lt;td&gt;Latitude: 38.119480 &lt;/td&gt;&lt;/tr&gt;
&lt;tr&gt;&lt;td&gt;Altitude: 13.543 ft &lt;/td&gt;&lt;/tr&gt;
&lt;tr&gt;&lt;td&gt;Heading: 204.8 &lt;/td&gt;&lt;/tr&gt;
&lt;/table&gt;</desc>
        <sym>https://earth.google.com/images/kml-icons/track-directional/track-none.png</sym>
    </wpt>
    <wpt lat="38.11884" lon="128.626785">
        <ele>5.9</ele>
        <name>GPX-215</name>
        <desc>&lt;table&gt;
&lt;tr&gt;&lt;td&gt;Longitude: 128.626785 &lt;/td&gt;&lt;/tr&gt;
&lt;tr&gt;&lt;td&gt;Latitude: 38.118840 &lt;/td&gt;&lt;/tr&gt;
&lt;tr&gt;&lt;td&gt;Altitude: 19.708 ft &lt;/td&gt;&lt;/tr&gt;
&lt;tr&gt;&lt;td&gt;Heading: 285.3 &lt;/td&gt;&lt;/tr&gt;
&lt;/table&gt;</desc>
        <sym>https://earth.google.com/images/kml-icons/track-directional/track-none.png</sym>
    </wpt>
    <wpt lat="38.09540033" lon="128.656474074">
        <ele>4.7</ele>
        <name>GPX-76</name>
        <desc>&lt;table&gt;
&lt;tr&gt;&lt;td&gt;Longitude: 128.655710 &lt;/td&gt;&lt;/tr&gt;
&lt;tr&gt;&lt;td&gt;Latitude: 38.095360 &lt;/td&gt;&lt;/tr&gt;
&lt;tr&gt;&lt;td&gt;Altitude: 9.531 ft &lt;/td&gt;&lt;/tr&gt;
&lt;tr&gt;&lt;td&gt;Heading: 326.8 &lt;/td&gt;&lt;/tr&gt;
&lt;/table&gt;</desc>
        <sym>https://earth.google.com/images/kml-icons/track-directional/track-none.png</sym>
    </wpt>
    <wpt lat="38.13502" lon="128.6199">
        <ele>4.0</ele>
        <name>GPX-287</name>
        <desc>&lt;table&gt;
&lt;tr&gt;&lt;td&gt;Longitude: 128.619900 &lt;/td&gt;&lt;/tr&gt;
&lt;tr&gt;&lt;td&gt;Latitude: 38.135020 &lt;/td&gt;&lt;/tr&gt;
&lt;tr&gt;&lt;td&gt;Altitude: 13.153 ft &lt;/td&gt;&lt;/tr&gt;
&lt;tr&gt;&lt;td&gt;Heading: 294.3 &lt;/td&gt;&lt;/tr&gt;
&lt;/table&gt;</desc>
        <sym>https://earth.google.com/images/kml-icons/track-directional/track-none.png</sym>
    </wpt>
    <wpt lat="38.14842" lon="128.60926">
        <ele>3.5</ele>
        <name>GPX-345</name>
        <desc>&lt;table&gt;
&lt;tr&gt;&lt;td&gt;Longitude: 128.609260 &lt;/td&gt;&lt;/tr&gt;
&lt;tr&gt;&lt;td&gt;Latitude: 38.148420 &lt;/td&gt;&lt;/tr&gt;
&lt;tr&gt;&lt;td&gt;Altitude: 11.342 ft &lt;/td&gt;&lt;/tr&gt;
&lt;tr&gt;&lt;td&gt;Heading: 337.2 &lt;/td&gt;&lt;/tr&gt;
&lt;/table&gt;</desc>
        <sym>https://earth.google.com/images/kml-icons/track-directional/track-none.png</sym>
    </wpt>
    <wpt lat="38.10877" lon="128.64157">
        <ele>0.7</ele>
        <name>GPX-142</name>
        <desc>&lt;table&gt;
&lt;tr&gt;&lt;td&gt;Longitude: 128.641570 &lt;/td&gt;&lt;/tr&gt;
&lt;tr&gt;&lt;td&gt;Latitude: 38.108770 &lt;/td&gt;&lt;/tr&gt;
&lt;tr&gt;&lt;td&gt;Altitude: 2.283 ft &lt;/td&gt;&lt;/tr&gt;
&lt;tr&gt;&lt;td&gt;Heading: 4.1 &lt;/td&gt;&lt;/tr&gt;
&lt;/table&gt;</desc>
        <sym>https://earth.google.com/images/kml-icons/track-directional/track-none.png</sym>
    </wpt>
    <wpt lat="38.151" lon="128.60794">
        <ele>2.0</ele>
        <name>GPX-355</name>
        <desc>&lt;table&gt;
&lt;tr&gt;&lt;td&gt;Longitude: 128.607940 &lt;/td&gt;&lt;/tr&gt;
&lt;tr&gt;&lt;td&gt;Latitude: 38.151000 &lt;/td&gt;&lt;/tr&gt;
&lt;tr&gt;&lt;td&gt;Altitude: 6.562 ft &lt;/td&gt;&lt;/tr&gt;
&lt;tr&gt;&lt;td&gt;Heading: 302.5 &lt;/td&gt;&lt;/tr&gt;
&lt;/table&gt;</desc>
        <sym>https://earth.google.com/images/kml-icons/track-directional/track-none.png</sym>
    </wpt>
    <wpt lat="38.11643" lon="128.63461">
        <ele>0.0</ele>
        <name>GPX-175</name>
        <desc>&lt;table&gt;
&lt;tr&gt;&lt;td&gt;Longitude: 128.634610 &lt;/td&gt;&lt;/tr&gt;
&lt;tr&gt;&lt;td&gt;Latitude: 38.116430 &lt;/td&gt;&lt;/tr&gt;
&lt;tr&gt;&lt;td&gt;Heading: 321.0 &lt;/td&gt;&lt;/tr&gt;
&lt;/table&gt;</desc>
        <sym>https://earth.google.com/images/kml-icons/track-directional/track-none.png</sym>
    </wpt>
    <wpt lat="38.114155" lon="128.63702">
        <ele>3.6</ele>
        <name>GPX-166</name>
        <desc>&lt;table&gt;
&lt;tr&gt;&lt;td&gt;Longitude: 128.637020 &lt;/td&gt;&lt;/tr&gt;
&lt;tr&gt;&lt;td&gt;Latitude: 38.114155 &lt;/td&gt;&lt;/tr&gt;
&lt;tr&gt;&lt;td&gt;Altitude: 11.929 ft &lt;/td&gt;&lt;/tr&gt;
&lt;tr&gt;&lt;td&gt;Heading: 327.4 &lt;/td&gt;&lt;/tr&gt;
&lt;/table&gt;</desc>
        <sym>https://earth.google.com/images/kml-icons/track-directional/track-none.png</sym>
    </wpt>
    <wpt lat="38.07931" lon="128.669567">
        <ele>8.1</ele>
        <name>GPX-15</name>
        <desc>&lt;table&gt;
&lt;tr&gt;&lt;td&gt;Longitude: 128.669567 &lt;/td&gt;&lt;/tr&gt;
&lt;tr&gt;&lt;td&gt;Latitude: 38.079310 &lt;/td&gt;&lt;/tr&gt;
&lt;tr&gt;&lt;td&gt;Altitude: 26.608 ft &lt;/td&gt;&lt;/tr&gt;
&lt;tr&gt;&lt;td&gt;Heading: 331.0 &lt;/td&gt;&lt;/tr&gt;
&lt;/table&gt;</desc>
        <sym>https://earth.google.com/images/kml-icons/track-directional/track-none.png</sym>
    </wpt>
    <wpt lat="38.131586" lon="128.621817">
        <ele>1.1</ele>
        <name>GPX-272</name>
        <desc>&lt;table&gt;
&lt;tr&gt;&lt;td&gt;Longitude: 128.621817 &lt;/td&gt;&lt;/tr&gt;
&lt;tr&gt;&lt;td&gt;Latitude: 38.131586 &lt;/td&gt;&lt;/tr&gt;
&lt;tr&gt;&lt;td&gt;Altitude: 3.737 ft &lt;/td&gt;&lt;/tr&gt;
&lt;tr&gt;&lt;td&gt;Heading: 334.4 &lt;/td&gt;&lt;/tr&gt;
&lt;/table&gt;</desc>
        <sym>https://earth.google.com/images/kml-icons/track-directional/track-none.png</sym>
    </wpt>
    <wpt lat="38.13268" lon="128.6214">
        <ele>3.1</ele>
        <name>GPX-276</name>
        <desc>&lt;table&gt;
&lt;tr&gt;&lt;td&gt;Longitude: 128.621400 &lt;/td&gt;&lt;/tr&gt;
&lt;tr&gt;&lt;td&gt;Latitude: 38.132680 &lt;/td&gt;&lt;/tr&gt;
&lt;tr&gt;&lt;td&gt;Altitude: 10.203 ft &lt;/td&gt;&lt;/tr&gt;
&lt;tr&gt;&lt;td&gt;Heading: 351.5 &lt;/td&gt;&lt;/tr&gt;
&lt;/table&gt;</desc>
        <sym>https://earth.google.com/images/kml-icons/track-directional/track-none.png</sym>
    </wpt>
    <wpt lat="38.137945" lon="128.61649">
        <ele>3.4</ele>
        <name>GPX-300</name>
        <desc>&lt;table&gt;
&lt;tr&gt;&lt;td&gt;Longitude: 128.616490 &lt;/td&gt;&lt;/tr&gt;
&lt;tr&gt;&lt;td&gt;Latitude: 38.137945 &lt;/td&gt;&lt;/tr&gt;
&lt;tr&gt;&lt;td&gt;Altitude: 12.510 ft &lt;/td&gt;&lt;/tr&gt;
&lt;tr&gt;&lt;td&gt;Heading: 330.7 &lt;/td&gt;&lt;/tr&gt;
&lt;/table&gt;</desc>
        <sym>https://earth.google.com/images/kml-icons/track-directional/track-none.png</sym>
    </wpt>
    <wpt lat="38.119806" lon="128.624533">
        <ele>7.4</ele>
        <name>GPX-221</name>
        <desc>&lt;table&gt;
&lt;tr&gt;&lt;td&gt;Longitude: 128.624533 &lt;/td&gt;&lt;/tr&gt;
&lt;tr&gt;&lt;td&gt;Latitude: 38.119806 &lt;/td&gt;&lt;/tr&gt;
&lt;tr&gt;&lt;td&gt;Altitude: 29.703 ft &lt;/td&gt;&lt;/tr&gt;
&lt;tr&gt;&lt;td&gt;Heading: 308.0 &lt;/td&gt;&lt;/tr&gt;
&lt;/table&gt;</desc>
        <sym>https://earth.google.com/images/kml-icons/track-directional/track-none.png</sym>
    </wpt>
    <wpt lat="38.083728" lon="128.665624">
        <ele>9.1</ele>
        <name>GPX-31</name>
        <desc>&lt;table&gt;
&lt;tr&gt;&lt;td&gt;Longitude: 128.665624 &lt;/td&gt;&lt;/tr&gt;
&lt;tr&gt;&lt;td&gt;Latitude: 38.083728 &lt;/td&gt;&lt;/tr&gt;
&lt;tr&gt;&lt;td&gt;Altitude: 30.553 ft &lt;/td&gt;&lt;/tr&gt;
&lt;tr&gt;&lt;td&gt;Heading: 332.3 &lt;/td&gt;&lt;/tr&gt;
&lt;/table&gt;</desc>
        <sym>https://earth.google.com/images/kml-icons/track-directional/track-none.png</sym>
    </wpt>
    <wpt lat="38.121575655" lon="128.630932011">
        <ele>3.4</ele>
        <name>GPX-197</name>
        <desc>&lt;table&gt;
&lt;tr&gt;&lt;td&gt;Longitude: 128.630567 &lt;/td&gt;&lt;/tr&gt;
&lt;tr&gt;&lt;td&gt;Latitude: 38.120513 &lt;/td&gt;&lt;/tr&gt;
&lt;tr&gt;&lt;td&gt;Altitude: 22.831 ft &lt;/td&gt;&lt;/tr&gt;
&lt;tr&gt;&lt;td&gt;Heading: 221.2 &lt;/td&gt;&lt;/tr&gt;
&lt;/table&gt;</desc>
        <sym>https://earth.google.com/images/kml-icons/track-directional/track-none.png</sym>
    </wpt>
    <wpt lat="38.12883" lon="128.62293">
        <ele>5.0</ele>
        <name>GPX-260</name>
        <desc>&lt;table&gt;
&lt;tr&gt;&lt;td&gt;Longitude: 128.622930 &lt;/td&gt;&lt;/tr&gt;
&lt;tr&gt;&lt;td&gt;Latitude: 38.128830 &lt;/td&gt;&lt;/tr&gt;
&lt;tr&gt;&lt;td&gt;Altitude: 16.404 ft &lt;/td&gt;&lt;/tr&gt;
&lt;tr&gt;&lt;td&gt;Heading: 301.7 &lt;/td&gt;&lt;/tr&gt;
&lt;/table&gt;</desc>
        <sym>https://earth.google.com/images/kml-icons/track-directional/track-none.png</sym>
    </wpt>
    <wpt lat="38.12976" lon="128.62271">
        <ele>0.9</ele>
        <name>GPX-264</name>
        <desc>&lt;table&gt;
&lt;tr&gt;&lt;td&gt;Longitude: 128.622710 &lt;/td&gt;&lt;/tr&gt;
&lt;tr&gt;&lt;td&gt;Latitude: 38.129760 &lt;/td&gt;&lt;/tr&gt;
&lt;tr&gt;&lt;td&gt;Altitude: 2.943 ft &lt;/td&gt;&lt;/tr&gt;
&lt;tr&gt;&lt;td&gt;Heading: 321.8 &lt;/td&gt;&lt;/tr&gt;
&lt;/table&gt;</desc>
        <sym>https://earth.google.com/images/kml-icons/track-directional/track-none.png</sym>
    </wpt>
    <wpt lat="38.09197" lon="128.65933">
        <ele>0.5</ele>
        <name>GPX-62</name>
        <desc>&lt;table&gt;
&lt;tr&gt;&lt;td&gt;Longitude: 128.659330 &lt;/td&gt;&lt;/tr&gt;
&lt;tr&gt;&lt;td&gt;Latitude: 38.091970 &lt;/td&gt;&lt;/tr&gt;
&lt;tr&gt;&lt;td&gt;Altitude: 1.654 ft &lt;/td&gt;&lt;/tr&gt;
&lt;tr&gt;&lt;td&gt;Heading: 321.8 &lt;/td&gt;&lt;/tr&gt;
&lt;/table&gt;</desc>
        <sym>https://earth.google.com/images/kml-icons/track-directional/track-none.png</sym>
    </wpt>
    <wpt lat="38.16049" lon="128.60837">
        <ele>-1.6</ele>
        <name>GPX-389</name>
        <desc>&lt;table&gt;
&lt;tr&gt;&lt;td&gt;Longitude: 128.608370 &lt;/td&gt;&lt;/tr&gt;
&lt;tr&gt;&lt;td&gt;Latitude: 38.160490 &lt;/td&gt;&lt;/tr&gt;
&lt;tr&gt;&lt;td&gt;Altitude: -5.115 ft &lt;/td&gt;&lt;/tr&gt;
&lt;tr&gt;&lt;td&gt;Heading: 346.1 &lt;/td&gt;&lt;/tr&gt;
&lt;/table&gt;</desc>
        <sym>https://earth.google.com/images/kml-icons/track-directional/track-none.png</sym>
    </wpt>
    <wpt lat="38.135835" lon="128.618725">
        <ele>7.2</ele>
        <name>GPX-292</name>
        <desc>&lt;table&gt;
&lt;tr&gt;&lt;td&gt;Longitude: 128.618725 &lt;/td&gt;&lt;/tr&gt;
&lt;tr&gt;&lt;td&gt;Latitude: 38.135835 &lt;/td&gt;&lt;/tr&gt;
&lt;tr&gt;&lt;td&gt;Altitude: 22.823 ft &lt;/td&gt;&lt;/tr&gt;
&lt;tr&gt;&lt;td&gt;Heading: 316.7 &lt;/td&gt;&lt;/tr&gt;
&lt;/table&gt;</desc>
        <sym>https://earth.google.com/images/kml-icons/track-directional/track-none.png</sym>
    </wpt>
    <wpt lat="38.10111" lon="128.64891">
        <ele>3.9</ele>
        <name>GPX-99</name>
        <desc>&lt;table&gt;
&lt;tr&gt;&lt;td&gt;Longitude: 128.648910 &lt;/td&gt;&lt;/tr&gt;
&lt;tr&gt;&lt;td&gt;Latitude: 38.101110 &lt;/td&gt;&lt;/tr&gt;
&lt;tr&gt;&lt;td&gt;Altitude: 9.997 ft &lt;/td&gt;&lt;/tr&gt;
&lt;tr&gt;&lt;td&gt;Heading: 291.0 &lt;/td&gt;&lt;/tr&gt;
&lt;/table&gt;</desc>
        <sym>https://earth.google.com/images/kml-icons/track-directional/track-none.png</sym>
    </wpt>
    <wpt lat="38.131816" lon="128.621687">
        <ele>0.0</ele>
        <name>GPX-273</name>
        <desc>&lt;table&gt;
&lt;tr&gt;&lt;td&gt;Longitude: 128.621687 &lt;/td&gt;&lt;/tr&gt;
&lt;tr&gt;&lt;td&gt;Latitude: 38.131816 &lt;/td&gt;&lt;/tr&gt;
&lt;tr&gt;&lt;td&gt;Heading: 336.0 &lt;/td&gt;&lt;/tr&gt;
&lt;/table&gt;</desc>
        <sym>https://earth.google.com/images/kml-icons/track-directional/track-none.png</sym>
    </wpt>
    <wpt lat="38.077406" lon="128.674342">
        <ele>1.1</ele>
        <name>GPX-0</name>
        <desc>&lt;table&gt;
&lt;tr&gt;&lt;td&gt;Longitude: 128.674342 &lt;/td&gt;&lt;/tr&gt;
&lt;tr&gt;&lt;td&gt;Latitude: 38.077406 &lt;/td&gt;&lt;/tr&gt;
&lt;tr&gt;&lt;td&gt;Altitude: 3.691 ft &lt;/td&gt;&lt;/tr&gt;
&lt;tr&gt;&lt;td&gt;Heading: 44.9 &lt;/td&gt;&lt;/tr&gt;
&lt;/table&gt;</desc>
        <sym>https://earth.google.com/images/kml-icons/track-directional/track-none.png</sym>
    </wpt>
    <wpt lat="38.084008" lon="128.665437">
        <ele>5.0</ele>
        <name>GPX-32</name>
        <desc>&lt;table&gt;
&lt;tr&gt;&lt;td&gt;Longitude: 128.665437 &lt;/td&gt;&lt;/tr&gt;
&lt;tr&gt;&lt;td&gt;Latitude: 38.084008 &lt;/td&gt;&lt;/tr&gt;
&lt;tr&gt;&lt;td&gt;Altitude: 16.539 ft &lt;/td&gt;&lt;/tr&gt;
&lt;tr&gt;&lt;td&gt;Heading: 332.3 &lt;/td&gt;&lt;/tr&gt;
&lt;/table&gt;</desc>
        <sym>https://earth.google.com/images/kml-icons/track-directional/track-none.png</sym>
    </wpt>
    <wpt lat="38.16327" lon="128.60808">
        <ele>5.0</ele>
        <name>GPX-409</name>
        <desc>&lt;table&gt;
&lt;tr&gt;&lt;td&gt;Longitude: 128.608080 &lt;/td&gt;&lt;/tr&gt;
&lt;tr&gt;&lt;td&gt;Latitude: 38.163270 &lt;/td&gt;&lt;/tr&gt;
&lt;tr&gt;&lt;td&gt;Altitude: 16.404 ft &lt;/td&gt;&lt;/tr&gt;
&lt;tr&gt;&lt;td&gt;Heading: 13.6 &lt;/td&gt;&lt;/tr&gt;
&lt;/table&gt;</desc>
        <sym>https://earth.google.com/images/kml-icons/track-directional/track-none.png</sym>
    </wpt>
    <wpt lat="38.078699" lon="128.670781">
        <ele>10.7</ele>
        <name>GPX-11</name>
        <desc>&lt;table&gt;
&lt;tr&gt;&lt;td&gt;Longitude: 128.670781 &lt;/td&gt;&lt;/tr&gt;
&lt;tr&gt;&lt;td&gt;Latitude: 38.078699 &lt;/td&gt;&lt;/tr&gt;
&lt;tr&gt;&lt;td&gt;Altitude: 31.555 ft &lt;/td&gt;&lt;/tr&gt;
&lt;tr&gt;&lt;td&gt;Heading: 260.1 &lt;/td&gt;&lt;/tr&gt;
&lt;/table&gt;</desc>
        <sym>https://earth.google.com/images/kml-icons/track-directional/track-none.png</sym>
    </wpt>
    <wpt lat="38.14465" lon="128.61176">
        <ele>5.1</ele>
        <name>GPX-330</name>
        <desc>&lt;table&gt;
&lt;tr&gt;&lt;td&gt;Longitude: 128.611760 &lt;/td&gt;&lt;/tr&gt;
&lt;tr&gt;&lt;td&gt;Latitude: 38.144650 &lt;/td&gt;&lt;/tr&gt;
&lt;tr&gt;&lt;td&gt;Altitude: 16.663 ft &lt;/td&gt;&lt;/tr&gt;
&lt;tr&gt;&lt;td&gt;Heading: 356.3 &lt;/td&gt;&lt;/tr&gt;
&lt;/table&gt;</desc>
        <sym>https://earth.google.com/images/kml-icons/track-directional/track-none.png</sym>
    </wpt>
    <wpt lat="38.083168" lon="128.665997">
        <ele>13.6</ele>
        <name>GPX-29</name>
        <desc>&lt;table&gt;
&lt;tr&gt;&lt;td&gt;Longitude: 128.665997 &lt;/td&gt;&lt;/tr&gt;
&lt;tr&gt;&lt;td&gt;Latitude: 38.083168 &lt;/td&gt;&lt;/tr&gt;
&lt;tr&gt;&lt;td&gt;Altitude: 44.567 ft &lt;/td&gt;&lt;/tr&gt;
&lt;tr&gt;&lt;td&gt;Heading: 333.6 &lt;/td&gt;&lt;/tr&gt;
&lt;/table&gt;</desc>
        <sym>https://earth.google.com/images/kml-icons/track-directional/track-none.png</sym>
    </wpt>
    <wpt lat="38.116605" lon="128.63443">
        <ele>0.0</ele>
        <name>GPX-176</name>
        <desc>&lt;table&gt;
&lt;tr&gt;&lt;td&gt;Longitude: 128.634430 &lt;/td&gt;&lt;/tr&gt;
&lt;tr&gt;&lt;td&gt;Latitude: 38.116605 &lt;/td&gt;&lt;/tr&gt;
&lt;tr&gt;&lt;td&gt;Heading: 321.0 &lt;/td&gt;&lt;/tr&gt;
&lt;/table&gt;</desc>
        <sym>https://earth.google.com/images/kml-icons/track-directional/track-none.png</sym>
    </wpt>
    <wpt lat="38.126845" lon="128.622005">
        <ele>7.2</ele>
        <name>GPX-245</name>
        <desc>&lt;table&gt;
&lt;tr&gt;&lt;td&gt;Longitude: 128.622005 &lt;/td&gt;&lt;/tr&gt;
&lt;tr&gt;&lt;td&gt;Latitude: 38.126845 &lt;/td&gt;&lt;/tr&gt;
&lt;tr&gt;&lt;td&gt;Altitude: 22.805 ft &lt;/td&gt;&lt;/tr&gt;
&lt;tr&gt;&lt;td&gt;Heading: 21.1 &lt;/td&gt;&lt;/tr&gt;
&lt;/table&gt;</desc>
        <sym>https://earth.google.com/images/kml-icons/track-directional/track-none.png</sym>
    </wpt>
    <wpt lat="38.10855" lon="128.64155">
        <ele>0.8</ele>
        <name>GPX-141</name>
        <desc>&lt;table&gt;
&lt;tr&gt;&lt;td&gt;Longitude: 128.641550 &lt;/td&gt;&lt;/tr&gt;
&lt;tr&gt;&lt;td&gt;Latitude: 38.108550 &lt;/td&gt;&lt;/tr&gt;
&lt;tr&gt;&lt;td&gt;Altitude: 2.756 ft &lt;/td&gt;&lt;/tr&gt;
&lt;tr&gt;&lt;td&gt;Heading: 26.5 &lt;/td&gt;&lt;/tr&gt;
&lt;/table&gt;</desc>
        <sym>https://earth.google.com/images/kml-icons/track-directional/track-none.png</sym>
    </wpt>
    <wpt lat="38.13708" lon="128.61725">
        <ele>4.0</ele>
        <name>GPX-297</name>
        <desc>&lt;table&gt;
&lt;tr&gt;&lt;td&gt;Longitude: 128.617250 &lt;/td&gt;&lt;/tr&gt;
&lt;tr&gt;&lt;td&gt;Latitude: 38.137080 &lt;/td&gt;&lt;/tr&gt;
&lt;tr&gt;&lt;td&gt;Altitude: 13.035 ft &lt;/td&gt;&lt;/tr&gt;
&lt;tr&gt;&lt;td&gt;Heading: 318.4 &lt;/td&gt;&lt;/tr&gt;
&lt;/table&gt;</desc>
        <sym>https://earth.google.com/images/kml-icons/track-directional/track-none.png</sym>
    </wpt>
    <wpt lat="38.16185" lon="128.60841">
        <ele>3.7</ele>
        <name>GPX-398</name>
        <desc>&lt;table&gt;
&lt;tr&gt;&lt;td&gt;Longitude: 128.608410 &lt;/td&gt;&lt;/tr&gt;
&lt;tr&gt;&lt;td&gt;Latitude: 38.161850 &lt;/td&gt;&lt;/tr&gt;
&lt;tr&gt;&lt;td&gt;Altitude: 12.119 ft &lt;/td&gt;&lt;/tr&gt;
&lt;tr&gt;&lt;td&gt;Heading: 17.5 &lt;/td&gt;&lt;/tr&gt;
&lt;/table&gt;</desc>
        <sym>https://earth.google.com/images/kml-icons/track-directional/track-none.png</sym>
    </wpt>
    <wpt lat="38.08633" lon="128.66439">
        <ele>10.4</ele>
        <name>GPX-40</name>
        <desc>&lt;table&gt;
&lt;tr&gt;&lt;td&gt;Longitude: 128.664390 &lt;/td&gt;&lt;/tr&gt;
&lt;tr&gt;&lt;td&gt;Latitude: 38.086330 &lt;/td&gt;&lt;/tr&gt;
&lt;tr&gt;&lt;td&gt;Altitude: 33.046 ft &lt;/td&gt;&lt;/tr&gt;
&lt;tr&gt;&lt;td&gt;Heading: 338.5 &lt;/td&gt;&lt;/tr&gt;
&lt;/table&gt;</desc>
        <sym>https://earth.google.com/images/kml-icons/track-directional/track-none.png</sym>
    </wpt>
    <wpt lat="38.136845" lon="128.617515">
        <ele>4.3</ele>
        <name>GPX-296</name>
        <desc>&lt;table&gt;
&lt;tr&gt;&lt;td&gt;Longitude: 128.617515 &lt;/td&gt;&lt;/tr&gt;
&lt;tr&gt;&lt;td&gt;Latitude: 38.136845 &lt;/td&gt;&lt;/tr&gt;
&lt;tr&gt;&lt;td&gt;Altitude: 15.041 ft &lt;/td&gt;&lt;/tr&gt;
&lt;tr&gt;&lt;td&gt;Heading: 318.4 &lt;/td&gt;&lt;/tr&gt;
&lt;/table&gt;</desc>
        <sym>https://earth.google.com/images/kml-icons/track-directional/track-none.png</sym>
    </wpt>
    <wpt lat="38.15553" lon="128.609265">
        <ele>4.7</ele>
        <name>GPX-373</name>
        <desc>&lt;table&gt;
&lt;tr&gt;&lt;td&gt;Longitude: 128.609265 &lt;/td&gt;&lt;/tr&gt;
&lt;tr&gt;&lt;td&gt;Latitude: 38.155530 &lt;/td&gt;&lt;/tr&gt;
&lt;tr&gt;&lt;td&gt;Altitude: 16.798 ft &lt;/td&gt;&lt;/tr&gt;
&lt;tr&gt;&lt;td&gt;Heading: 27.4 &lt;/td&gt;&lt;/tr&gt;
&lt;/table&gt;</desc>
        <sym>https://earth.google.com/images/kml-icons/track-directional/track-none.png</sym>
    </wpt>
    <wpt lat="38.08847" lon="128.66255">
        <ele>3.4</ele>
        <name>GPX-49</name>
        <desc>&lt;table&gt;
&lt;tr&gt;&lt;td&gt;Longitude: 128.662550 &lt;/td&gt;&lt;/tr&gt;
&lt;tr&gt;&lt;td&gt;Latitude: 38.088470 &lt;/td&gt;&lt;/tr&gt;
&lt;tr&gt;&lt;td&gt;Altitude: 11.076 ft &lt;/td&gt;&lt;/tr&gt;
&lt;tr&gt;&lt;td&gt;Heading: 0.0 &lt;/td&gt;&lt;/tr&gt;
&lt;/table&gt;</desc>
        <sym>https://earth.google.com/images/kml-icons/track-directional/track-none.png</sym>
    </wpt>
    <wpt lat="38.16127" lon="128.60831">
        <ele>1.8</ele>
        <name>GPX-393</name>
        <desc>&lt;table&gt;
&lt;tr&gt;&lt;td&gt;Longitude: 128.608310 &lt;/td&gt;&lt;/tr&gt;
&lt;tr&gt;&lt;td&gt;Latitude: 38.161270 &lt;/td&gt;&lt;/tr&gt;
&lt;tr&gt;&lt;td&gt;Altitude: 6.063 ft &lt;/td&gt;&lt;/tr&gt;
&lt;tr&gt;&lt;td&gt;Heading: 2.2 &lt;/td&gt;&lt;/tr&gt;
&lt;/table&gt;</desc>
        <sym>https://earth.google.com/images/kml-icons/track-directional/track-none.png</sym>
    </wpt>
    <wpt lat="38.10287" lon="128.64022">
        <ele>2.1</ele>
        <name>GPX-121</name>
        <desc>&lt;table&gt;
&lt;tr&gt;&lt;td&gt;Longitude: 128.640220 &lt;/td&gt;&lt;/tr&gt;
&lt;tr&gt;&lt;td&gt;Latitude: 38.102870 &lt;/td&gt;&lt;/tr&gt;
&lt;tr&gt;&lt;td&gt;Altitude: 7.018 ft &lt;/td&gt;&lt;/tr&gt;
&lt;tr&gt;&lt;td&gt;Heading: 310.3 &lt;/td&gt;&lt;/tr&gt;
&lt;/table&gt;</desc>
        <sym>https://earth.google.com/images/kml-icons/track-directional/track-none.png</sym>
    </wpt>
    <wpt lat="38.113995" lon="128.63715">
        <ele>2.5</ele>
        <name>GPX-165</name>
        <desc>&lt;table&gt;
&lt;tr&gt;&lt;td&gt;Longitude: 128.637150 &lt;/td&gt;&lt;/tr&gt;
&lt;tr&gt;&lt;td&gt;Latitude: 38.113995 &lt;/td&gt;&lt;/tr&gt;
&lt;tr&gt;&lt;td&gt;Altitude: 8.225 ft &lt;/td&gt;&lt;/tr&gt;
&lt;tr&gt;&lt;td&gt;Heading: 325.5 &lt;/td&gt;&lt;/tr&gt;
&lt;/table&gt;</desc>
        <sym>https://earth.google.com/images/kml-icons/track-directional/track-none.png</sym>
    </wpt>
    <wpt lat="38.120401" lon="128.629764">
        <ele>5.2</ele>
        <name>GPX-203</name>
        <desc>&lt;table&gt;
&lt;tr&gt;&lt;td&gt;Longitude: 128.629764 &lt;/td&gt;&lt;/tr&gt;
&lt;tr&gt;&lt;td&gt;Latitude: 38.120401 &lt;/td&gt;&lt;/tr&gt;
&lt;tr&gt;&lt;td&gt;Altitude: 16.903 ft &lt;/td&gt;&lt;/tr&gt;
&lt;tr&gt;&lt;td&gt;Heading: 199.8 &lt;/td&gt;&lt;/tr&gt;
&lt;/table&gt;</desc>
        <sym>https://earth.google.com/images/kml-icons/track-directional/track-none.png</sym>
    </wpt>
    <wpt lat="38.08875" lon="128.66218">
        <ele>1.1</ele>
        <name>GPX-50</name>
        <desc>&lt;table&gt;
&lt;tr&gt;&lt;td&gt;Longitude: 128.662180 &lt;/td&gt;&lt;/tr&gt;
&lt;tr&gt;&lt;td&gt;Latitude: 38.088750 &lt;/td&gt;&lt;/tr&gt;
&lt;tr&gt;&lt;td&gt;Altitude: 3.530 ft &lt;/td&gt;&lt;/tr&gt;
&lt;tr&gt;&lt;td&gt;Heading: 313.9 &lt;/td&gt;&lt;/tr&gt;
&lt;/table&gt;</desc>
        <sym>https://earth.google.com/images/kml-icons/track-directional/track-none.png</sym>
    </wpt>
    <wpt lat="38.12239" lon="128.62212">
        <ele>29.2</ele>
        <name>GPX-230</name>
        <desc>&lt;table&gt;
&lt;tr&gt;&lt;td&gt;Longitude: 128.622120 &lt;/td&gt;&lt;/tr&gt;
&lt;tr&gt;&lt;td&gt;Latitude: 38.122390 &lt;/td&gt;&lt;/tr&gt;
&lt;tr&gt;&lt;td&gt;Altitude: 95.823 ft &lt;/td&gt;&lt;/tr&gt;
&lt;tr&gt;&lt;td&gt;Heading: 330.0 &lt;/td&gt;&lt;/tr&gt;
&lt;/table&gt;</desc>
        <sym>https://earth.google.com/images/kml-icons/track-directional/track-none.png</sym>
    </wpt>
    <wpt lat="38.162405" lon="128.608405">
        <ele>3.4</ele>
        <name>GPX-402</name>
        <desc>&lt;table&gt;
&lt;tr&gt;&lt;td&gt;Longitude: 128.608405 &lt;/td&gt;&lt;/tr&gt;
&lt;tr&gt;&lt;td&gt;Latitude: 38.162405 &lt;/td&gt;&lt;/tr&gt;
&lt;tr&gt;&lt;td&gt;Altitude: 11.890 ft &lt;/td&gt;&lt;/tr&gt;
&lt;tr&gt;&lt;td&gt;Heading: 359.1 &lt;/td&gt;&lt;/tr&gt;
&lt;/table&gt;</desc>
        <sym>https://earth.google.com/images/kml-icons/track-directional/track-none.png</sym>
    </wpt>
    <wpt lat="38.09271" lon="128.65838">
        <ele>2.1</ele>
        <name>GPX-66</name>
        <desc>&lt;table&gt;
&lt;tr&gt;&lt;td&gt;Longitude: 128.658380 &lt;/td&gt;&lt;/tr&gt;
&lt;tr&gt;&lt;td&gt;Latitude: 38.092710 &lt;/td&gt;&lt;/tr&gt;
&lt;tr&gt;&lt;td&gt;Altitude: 6.811 ft &lt;/td&gt;&lt;/tr&gt;
&lt;tr&gt;&lt;td&gt;Heading: 313.8 &lt;/td&gt;&lt;/tr&gt;
&lt;/table&gt;</desc>
        <sym>https://earth.google.com/images/kml-icons/track-directional/track-none.png</sym>
    </wpt>
    <wpt lat="38.12712" lon="128.62214">
        <ele>7.0</ele>
        <name>GPX-246</name>
        <desc>&lt;table&gt;
&lt;tr&gt;&lt;td&gt;Longitude: 128.622140 &lt;/td&gt;&lt;/tr&gt;
&lt;tr&gt;&lt;td&gt;Latitude: 38.127120 &lt;/td&gt;&lt;/tr&gt;
&lt;tr&gt;&lt;td&gt;Altitude: 22.976 ft &lt;/td&gt;&lt;/tr&gt;
&lt;tr&gt;&lt;td&gt;Heading: 21.1 &lt;/td&gt;&lt;/tr&gt;
&lt;/table&gt;</desc>
        <sym>https://earth.google.com/images/kml-icons/track-directional/track-none.png</sym>
    </wpt>
    <wpt lat="38.12869" lon="128.623218">
        <ele>4.8</ele>
        <name>GPX-259</name>
        <desc>&lt;table&gt;
&lt;tr&gt;&lt;td&gt;Longitude: 128.623218 &lt;/td&gt;&lt;/tr&gt;
&lt;tr&gt;&lt;td&gt;Latitude: 38.128690 &lt;/td&gt;&lt;/tr&gt;
&lt;tr&gt;&lt;td&gt;Altitude: 15.860 ft &lt;/td&gt;&lt;/tr&gt;
&lt;tr&gt;&lt;td&gt;Heading: 318.5 &lt;/td&gt;&lt;/tr&gt;
&lt;/table&gt;</desc>
        <sym>https://earth.google.com/images/kml-icons/track-directional/track-none.png</sym>
    </wpt>
    <wpt lat="38.098215861" lon="128.653676841">
        <ele>2.7</ele>
        <name>GPX-83</name>
        <desc>&lt;table&gt;
&lt;tr&gt;&lt;td&gt;Longitude: 128.653650 &lt;/td&gt;&lt;/tr&gt;
&lt;tr&gt;&lt;td&gt;Latitude: 38.097680 &lt;/td&gt;&lt;/tr&gt;
&lt;tr&gt;&lt;td&gt;Altitude: 22.110 ft &lt;/td&gt;&lt;/tr&gt;
&lt;tr&gt;&lt;td&gt;Heading: 326.8 &lt;/td&gt;&lt;/tr&gt;
&lt;/table&gt;</desc>
        <sym>https://earth.google.com/images/kml-icons/track-directional/track-none.png</sym>
    </wpt>
    <wpt lat="38.143897" lon="128.612077">
        <ele>2.5</ele>
        <name>GPX-327</name>
        <desc>&lt;table&gt;
&lt;tr&gt;&lt;td&gt;Longitude: 128.612077 &lt;/td&gt;&lt;/tr&gt;
&lt;tr&gt;&lt;td&gt;Latitude: 38.143897 &lt;/td&gt;&lt;/tr&gt;
&lt;tr&gt;&lt;td&gt;Altitude: 10.436 ft &lt;/td&gt;&lt;/tr&gt;
&lt;tr&gt;&lt;td&gt;Heading: 340.3 &lt;/td&gt;&lt;/tr&gt;
&lt;/table&gt;</desc>
        <sym>https://earth.google.com/images/kml-icons/track-directional/track-none.png</sym>
    </wpt>
    <wpt lat="38.08976" lon="128.66123">
        <ele>2.2</ele>
        <name>GPX-54</name>
        <desc>&lt;table&gt;
&lt;tr&gt;&lt;td&gt;Longitude: 128.661230 &lt;/td&gt;&lt;/tr&gt;
&lt;tr&gt;&lt;td&gt;Latitude: 38.089760 &lt;/td&gt;&lt;/tr&gt;
&lt;tr&gt;&lt;td&gt;Altitude: 7.198 ft &lt;/td&gt;&lt;/tr&gt;
&lt;tr&gt;&lt;td&gt;Heading: 328.0 &lt;/td&gt;&lt;/tr&gt;
&lt;/table&gt;</desc>
        <sym>https://earth.google.com/images/kml-icons/track-directional/track-none.png</sym>
    </wpt>
    <wpt lat="38.098282195" lon="128.654065076">
        <ele>4.1</ele>
        <name>GPX-83</name>
        <desc>&lt;table&gt;
&lt;tr&gt;&lt;td&gt;Longitude: 128.653650 &lt;/td&gt;&lt;/tr&gt;
&lt;tr&gt;&lt;td&gt;Latitude: 38.097680 &lt;/td&gt;&lt;/tr&gt;
&lt;tr&gt;&lt;td&gt;Altitude: 22.110 ft &lt;/td&gt;&lt;/tr&gt;
&lt;tr&gt;&lt;td&gt;Heading: 326.8 &lt;/td&gt;&lt;/tr&gt;
&lt;/table&gt;</desc>
        <sym>https://earth.google.com/images/kml-icons/track-directional/track-none.png</sym>
    </wpt>
    <wpt lat="38.118795" lon="128.63248">
        <ele>5.5</ele>
        <name>GPX-184</name>
        <desc>&lt;table&gt;
&lt;tr&gt;&lt;td&gt;Longitude: 128.632480 &lt;/td&gt;&lt;/tr&gt;
&lt;tr&gt;&lt;td&gt;Latitude: 38.118795 &lt;/td&gt;&lt;/tr&gt;
&lt;tr&gt;&lt;td&gt;Altitude: 17.897 ft &lt;/td&gt;&lt;/tr&gt;
&lt;tr&gt;&lt;td&gt;Heading: 328.6 &lt;/td&gt;&lt;/tr&gt;
&lt;/table&gt;</desc>
        <sym>https://earth.google.com/images/kml-icons/track-directional/track-none.png</sym>
    </wpt>
    <wpt lat="38.12769" lon="128.62301">
        <ele>4.9</ele>
        <name>GPX-250</name>
        <desc>&lt;table&gt;
&lt;tr&gt;&lt;td&gt;Longitude: 128.623010 &lt;/td&gt;&lt;/tr&gt;
&lt;tr&gt;&lt;td&gt;Latitude: 38.127690 &lt;/td&gt;&lt;/tr&gt;
&lt;tr&gt;&lt;td&gt;Altitude: 16.234 ft &lt;/td&gt;&lt;/tr&gt;
&lt;tr&gt;&lt;td&gt;Heading: 101.4 &lt;/td&gt;&lt;/tr&gt;
&lt;/table&gt;</desc>
        <sym>https://earth.google.com/images/kml-icons/track-directional/track-none.png</sym>
    </wpt>
    <wpt lat="38.15161" lon="128.60773">
        <ele>2.8</ele>
        <name>GPX-359</name>
        <desc>&lt;table&gt;
&lt;tr&gt;&lt;td&gt;Longitude: 128.607730 &lt;/td&gt;&lt;/tr&gt;
&lt;tr&gt;&lt;td&gt;Latitude: 38.151610 &lt;/td&gt;&lt;/tr&gt;
&lt;tr&gt;&lt;td&gt;Altitude: 9.173 ft &lt;/td&gt;&lt;/tr&gt;
&lt;tr&gt;&lt;td&gt;Heading: 352.1 &lt;/td&gt;&lt;/tr&gt;
&lt;/table&gt;</desc>
        <sym>https://earth.google.com/images/kml-icons/track-directional/track-none.png</sym>
    </wpt>
    <wpt lat="38.10098" lon="128.64934">
        <ele>2.5</ele>
        <name>GPX-98</name>
        <desc>&lt;table&gt;
&lt;tr&gt;&lt;td&gt;Longitude: 128.649340 &lt;/td&gt;&lt;/tr&gt;
&lt;tr&gt;&lt;td&gt;Latitude: 38.100980 &lt;/td&gt;&lt;/tr&gt;
&lt;tr&gt;&lt;td&gt;Altitude: 9.997 ft &lt;/td&gt;&lt;/tr&gt;
&lt;tr&gt;&lt;td&gt;Heading: 291.0 &lt;/td&gt;&lt;/tr&gt;
&lt;/table&gt;</desc>
        <sym>https://earth.google.com/images/kml-icons/track-directional/track-none.png</sym>
    </wpt>
    <wpt lat="38.14877" lon="128.60907">
        <ele>3.0</ele>
        <name>GPX-346</name>
        <desc>&lt;table&gt;
&lt;tr&gt;&lt;td&gt;Longitude: 128.609070 &lt;/td&gt;&lt;/tr&gt;
&lt;tr&gt;&lt;td&gt;Latitude: 38.148770 &lt;/td&gt;&lt;/tr&gt;
&lt;tr&gt;&lt;td&gt;Altitude: 10.912 ft &lt;/td&gt;&lt;/tr&gt;
&lt;tr&gt;&lt;td&gt;Heading: 336.9 &lt;/td&gt;&lt;/tr&gt;
&lt;/table&gt;</desc>
        <sym>https://earth.google.com/images/kml-icons/track-directional/track-none.png</sym>
    </wpt>
    <wpt lat="38.15615" lon="128.60956">
        <ele>4.2</ele>
        <name>GPX-375</name>
        <desc>&lt;table&gt;
&lt;tr&gt;&lt;td&gt;Longitude: 128.609560 &lt;/td&gt;&lt;/tr&gt;
&lt;tr&gt;&lt;td&gt;Latitude: 38.156150 &lt;/td&gt;&lt;/tr&gt;
&lt;tr&gt;&lt;td&gt;Altitude: 13.661 ft &lt;/td&gt;&lt;/tr&gt;
&lt;tr&gt;&lt;td&gt;Heading: 15.4 &lt;/td&gt;&lt;/tr&gt;
&lt;/table&gt;</desc>
        <sym>https://earth.google.com/images/kml-icons/track-directional/track-none.png</sym>
    </wpt>
    <wpt lat="38.152930818" lon="128.608148885">
        <ele>0.0</ele>
        <name>GPX-364</name>
        <desc>&lt;table&gt;
&lt;tr&gt;&lt;td&gt;Longitude: 128.607800 &lt;/td&gt;&lt;/tr&gt;
&lt;tr&gt;&lt;td&gt;Latitude: 38.153040 &lt;/td&gt;&lt;/tr&gt;
&lt;tr&gt;&lt;td&gt;Altitude: 3.018 ft &lt;/td&gt;&lt;/tr&gt;
&lt;tr&gt;&lt;td&gt;Heading: 7.0 &lt;/td&gt;&lt;/tr&gt;
&lt;/table&gt;</desc>
        <sym>https://earth.google.com/images/kml-icons/track-directional/track-none.png</sym>
    </wpt>
    <wpt lat="38.12582" lon="128.62142">
        <ele>9.0</ele>
        <name>GPX-242</name>
        <desc>&lt;table&gt;
&lt;tr&gt;&lt;td&gt;Longitude: 128.621420 &lt;/td&gt;&lt;/tr&gt;
&lt;tr&gt;&lt;td&gt;Latitude: 38.125820 &lt;/td&gt;&lt;/tr&gt;
&lt;tr&gt;&lt;td&gt;Altitude: 29.439 ft &lt;/td&gt;&lt;/tr&gt;
&lt;tr&gt;&lt;td&gt;Heading: 14.7 &lt;/td&gt;&lt;/tr&gt;
&lt;/table&gt;</desc>
        <sym>https://earth.google.com/images/kml-icons/track-directional/track-none.png</sym>
    </wpt>
    <wpt lat="38.120337" lon="128.623871">
        <ele>7.9</ele>
        <name>GPX-223</name>
        <desc>&lt;table&gt;
&lt;tr&gt;&lt;td&gt;Longitude: 128.623871 &lt;/td&gt;&lt;/tr&gt;
&lt;tr&gt;&lt;td&gt;Latitude: 38.120337 &lt;/td&gt;&lt;/tr&gt;
&lt;tr&gt;&lt;td&gt;Altitude: 26.957 ft &lt;/td&gt;&lt;/tr&gt;
&lt;tr&gt;&lt;td&gt;Heading: 322.9 &lt;/td&gt;&lt;/tr&gt;
&lt;/table&gt;</desc>
        <sym>https://earth.google.com/images/kml-icons/track-directional/track-none.png</sym>
    </wpt>
    <wpt lat="38.14558" lon="128.6111">
        <ele>3.0</ele>
        <name>GPX-334</name>
        <desc>&lt;table&gt;
&lt;tr&gt;&lt;td&gt;Longitude: 128.611100 &lt;/td&gt;&lt;/tr&gt;
&lt;tr&gt;&lt;td&gt;Latitude: 38.145580 &lt;/td&gt;&lt;/tr&gt;
&lt;tr&gt;&lt;td&gt;Altitude: 9.803 ft &lt;/td&gt;&lt;/tr&gt;
&lt;tr&gt;&lt;td&gt;Heading: 327.7 &lt;/td&gt;&lt;/tr&gt;
&lt;/table&gt;</desc>
        <sym>https://earth.google.com/images/kml-icons/track-directional/track-none.png</sym>
    </wpt>
    <wpt lat="38.09848" lon="128.65293">
        <ele>1.2</ele>
        <name>GPX-86</name>
        <desc>&lt;table&gt;
&lt;tr&gt;&lt;td&gt;Longitude: 128.652930 &lt;/td&gt;&lt;/tr&gt;
&lt;tr&gt;&lt;td&gt;Latitude: 38.098480 &lt;/td&gt;&lt;/tr&gt;
&lt;tr&gt;&lt;td&gt;Altitude: 3.980 ft &lt;/td&gt;&lt;/tr&gt;
&lt;tr&gt;&lt;td&gt;Heading: 324.7 &lt;/td&gt;&lt;/tr&gt;
&lt;/table&gt;</desc>
        <sym>https://earth.google.com/images/kml-icons/track-directional/track-none.png</sym>
    </wpt>
    <wpt lat="38.15809" lon="128.6092">
        <ele>7.1</ele>
        <name>GPX-382</name>
        <desc>&lt;table&gt;
&lt;tr&gt;&lt;td&gt;Longitude: 128.609200 &lt;/td&gt;&lt;/tr&gt;
&lt;tr&gt;&lt;td&gt;Latitude: 38.158090 &lt;/td&gt;&lt;/tr&gt;
&lt;tr&gt;&lt;td&gt;Altitude: 23.373 ft &lt;/td&gt;&lt;/tr&gt;
&lt;tr&gt;&lt;td&gt;Heading: 343.8 &lt;/td&gt;&lt;/tr&gt;
&lt;/table&gt;</desc>
        <sym>https://earth.google.com/images/kml-icons/track-directional/track-none.png</sym>
    </wpt>
    <wpt lat="38.10303" lon="128.64014">
        <ele>2.0</ele>
        <name>GPX-122</name>
        <desc>&lt;table&gt;
&lt;tr&gt;&lt;td&gt;Longitude: 128.640140 &lt;/td&gt;&lt;/tr&gt;
&lt;tr&gt;&lt;td&gt;Latitude: 38.103030 &lt;/td&gt;&lt;/tr&gt;
&lt;tr&gt;&lt;td&gt;Altitude: 6.713 ft &lt;/td&gt;&lt;/tr&gt;
&lt;tr&gt;&lt;td&gt;Heading: 338.5 &lt;/td&gt;&lt;/tr&gt;
&lt;/table&gt;</desc>
        <sym>https://earth.google.com/images/kml-icons/track-directional/track-none.png</sym>
    </wpt>
    <wpt lat="38.08599" lon="128.66456">
        <ele>9.2</ele>
        <name>GPX-39</name>
        <desc>&lt;table&gt;
&lt;tr&gt;&lt;td&gt;Longitude: 128.664560 &lt;/td&gt;&lt;/tr&gt;
&lt;tr&gt;&lt;td&gt;Latitude: 38.085990 &lt;/td&gt;&lt;/tr&gt;
&lt;tr&gt;&lt;td&gt;Altitude: 30.102 ft &lt;/td&gt;&lt;/tr&gt;
&lt;tr&gt;&lt;td&gt;Heading: 343.8 &lt;/td&gt;&lt;/tr&gt;
&lt;/table&gt;</desc>
        <sym>https://earth.google.com/images/kml-icons/track-directional/track-none.png</sym>
    </wpt>
    <wpt lat="38.15663" lon="128.6096">
        <ele>6.2</ele>
        <name>GPX-377</name>
        <desc>&lt;table&gt;
&lt;tr&gt;&lt;td&gt;Longitude: 128.609600 &lt;/td&gt;&lt;/tr&gt;
&lt;tr&gt;&lt;td&gt;Latitude: 38.156630 &lt;/td&gt;&lt;/tr&gt;
&lt;tr&gt;&lt;td&gt;Altitude: 20.453 ft &lt;/td&gt;&lt;/tr&gt;
&lt;tr&gt;&lt;td&gt;Heading: 3.8 &lt;/td&gt;&lt;/tr&gt;
&lt;/table&gt;</desc>
        <sym>https://earth.google.com/images/kml-icons/track-directional/track-none.png</sym>
    </wpt>
    <wpt lat="38.110959704" lon="128.640364941">
        <ele>0.7</ele>
        <name>GPX-152</name>
        <desc>&lt;table&gt;
&lt;tr&gt;&lt;td&gt;Longitude: 128.639330 &lt;/td&gt;&lt;/tr&gt;
&lt;tr&gt;&lt;td&gt;Latitude: 38.111780 &lt;/td&gt;&lt;/tr&gt;
&lt;tr&gt;&lt;td&gt;Altitude: 8.504 ft &lt;/td&gt;&lt;/tr&gt;
&lt;tr&gt;&lt;td&gt;Heading: 325.8 &lt;/td&gt;&lt;/tr&gt;
&lt;/table&gt;</desc>
        <sym>https://earth.google.com/images/kml-icons/track-directional/track-none.png</sym>
    </wpt>
    <wpt lat="38.12398" lon="128.62135">
        <ele>33.6</ele>
        <name>GPX-235</name>
        <desc>&lt;table&gt;
&lt;tr&gt;&lt;td&gt;Longitude: 128.621350 &lt;/td&gt;&lt;/tr&gt;
&lt;tr&gt;&lt;td&gt;Latitude: 38.123980 &lt;/td&gt;&lt;/tr&gt;
&lt;tr&gt;&lt;td&gt;Altitude: 110.223 ft &lt;/td&gt;&lt;/tr&gt;
&lt;tr&gt;&lt;td&gt;Heading: 348.7 &lt;/td&gt;&lt;/tr&gt;
&lt;/table&gt;</desc>
        <sym>https://earth.google.com/images/kml-icons/track-directional/track-none.png</sym>
    </wpt>
    <wpt lat="38.082708" lon="128.666287">
        <ele>9.2</ele>
        <name>GPX-27</name>
        <desc>&lt;table&gt;
&lt;tr&gt;&lt;td&gt;Longitude: 128.666287 &lt;/td&gt;&lt;/tr&gt;
&lt;tr&gt;&lt;td&gt;Latitude: 38.082708 &lt;/td&gt;&lt;/tr&gt;
&lt;tr&gt;&lt;td&gt;Altitude: 30.344 ft &lt;/td&gt;&lt;/tr&gt;
&lt;tr&gt;&lt;td&gt;Heading: 325.6 &lt;/td&gt;&lt;/tr&gt;
&lt;/table&gt;</desc>
        <sym>https://earth.google.com/images/kml-icons/track-directional/track-none.png</sym>
    </wpt>
    <wpt lat="38.12123" lon="128.62302">
        <ele>14.6</ele>
        <name>GPX-226</name>
        <desc>&lt;table&gt;
&lt;tr&gt;&lt;td&gt;Longitude: 128.623020 &lt;/td&gt;&lt;/tr&gt;
&lt;tr&gt;&lt;td&gt;Latitude: 38.121230 &lt;/td&gt;&lt;/tr&gt;
&lt;tr&gt;&lt;td&gt;Altitude: 47.995 ft &lt;/td&gt;&lt;/tr&gt;
&lt;tr&gt;&lt;td&gt;Heading: 323.3 &lt;/td&gt;&lt;/tr&gt;
&lt;/table&gt;</desc>
        <sym>https://earth.google.com/images/kml-icons/track-directional/track-none.png</sym>
    </wpt>
    <wpt lat="38.13308" lon="128.62124">
        <ele>7.4</ele>
        <name>GPX-278</name>
        <desc>&lt;table&gt;
&lt;tr&gt;&lt;td&gt;Longitude: 128.621240 &lt;/td&gt;&lt;/tr&gt;
&lt;tr&gt;&lt;td&gt;Latitude: 38.133080 &lt;/td&gt;&lt;/tr&gt;
&lt;tr&gt;&lt;td&gt;Altitude: 24.157 ft &lt;/td&gt;&lt;/tr&gt;
&lt;tr&gt;&lt;td&gt;Heading: 312.2 &lt;/td&gt;&lt;/tr&gt;
&lt;/table&gt;</desc>
        <sym>https://earth.google.com/images/kml-icons/track-directional/track-none.png</sym>
    </wpt>
    <wpt lat="38.0903" lon="128.66081">
        <ele>3.9</ele>
        <name>GPX-56</name>
        <desc>&lt;table&gt;
&lt;tr&gt;&lt;td&gt;Longitude: 128.660810 &lt;/td&gt;&lt;/tr&gt;
&lt;tr&gt;&lt;td&gt;Latitude: 38.090300 &lt;/td&gt;&lt;/tr&gt;
&lt;tr&gt;&lt;td&gt;Altitude: 12.871 ft &lt;/td&gt;&lt;/tr&gt;
&lt;tr&gt;&lt;td&gt;Heading: 328.5 &lt;/td&gt;&lt;/tr&gt;
&lt;/table&gt;</desc>
        <sym>https://earth.google.com/images/kml-icons/track-directional/track-none.png</sym>
    </wpt>
    <wpt lat="38.118305" lon="128.63286">
        <ele>2.2</ele>
        <name>GPX-182</name>
        <desc>&lt;table&gt;
&lt;tr&gt;&lt;td&gt;Longitude: 128.632860 &lt;/td&gt;&lt;/tr&gt;
&lt;tr&gt;&lt;td&gt;Latitude: 38.118305 &lt;/td&gt;&lt;/tr&gt;
&lt;tr&gt;&lt;td&gt;Altitude: 7.149 ft &lt;/td&gt;&lt;/tr&gt;
&lt;tr&gt;&lt;td&gt;Heading: 330.7 &lt;/td&gt;&lt;/tr&gt;
&lt;/table&gt;</desc>
        <sym>https://earth.google.com/images/kml-icons/track-directional/track-none.png</sym>
    </wpt>
    <wpt lat="38.133877" lon="128.621203">
        <ele>0.3</ele>
        <name>GPX-281</name>
        <desc>&lt;table&gt;
&lt;tr&gt;&lt;td&gt;Longitude: 128.621203 &lt;/td&gt;&lt;/tr&gt;
&lt;tr&gt;&lt;td&gt;Latitude: 38.133877 &lt;/td&gt;&lt;/tr&gt;
&lt;tr&gt;&lt;td&gt;Altitude: 0.856 ft &lt;/td&gt;&lt;/tr&gt;
&lt;tr&gt;&lt;td&gt;Heading: 354.2 &lt;/td&gt;&lt;/tr&gt;
&lt;/table&gt;</desc>
        <sym>https://earth.google.com/images/kml-icons/track-directional/track-none.png</sym>
    </wpt>
    <wpt lat="38.145375" lon="128.611265">
        <ele>3.9</ele>
        <name>GPX-333</name>
        <desc>&lt;table&gt;
&lt;tr&gt;&lt;td&gt;Longitude: 128.611265 &lt;/td&gt;&lt;/tr&gt;
&lt;tr&gt;&lt;td&gt;Latitude: 38.145375 &lt;/td&gt;&lt;/tr&gt;
&lt;tr&gt;&lt;td&gt;Altitude: 12.400 ft &lt;/td&gt;&lt;/tr&gt;
&lt;tr&gt;&lt;td&gt;Heading: 327.7 &lt;/td&gt;&lt;/tr&gt;
&lt;/table&gt;</desc>
        <sym>https://earth.google.com/images/kml-icons/track-directional/track-none.png</sym>
    </wpt>
    <wpt lat="38.078141744" lon="128.673453803">
        <ele>0.4</ele>
        <name>GPX-3</name>
        <desc>&lt;table&gt;
&lt;tr&gt;&lt;td&gt;Longitude: 128.673367 &lt;/td&gt;&lt;/tr&gt;
&lt;tr&gt;&lt;td&gt;Latitude: 38.077946 &lt;/td&gt;&lt;/tr&gt;
&lt;tr&gt;&lt;td&gt;Altitude: 3.041 ft &lt;/td&gt;&lt;/tr&gt;
&lt;tr&gt;&lt;td&gt;Heading: 294.8 &lt;/td&gt;&lt;/tr&gt;
&lt;/table&gt;</desc>
        <sym>https://earth.google.com/images/kml-icons/track-directional/track-none.png</sym>
    </wpt>
    <wpt lat="38.11877" lon="128.62774">
        <ele>2.4</ele>
        <name>GPX-212</name>
        <desc>&lt;table&gt;
&lt;tr&gt;&lt;td&gt;Longitude: 128.627740 &lt;/td&gt;&lt;/tr&gt;
&lt;tr&gt;&lt;td&gt;Latitude: 38.118770 &lt;/td&gt;&lt;/tr&gt;
&lt;tr&gt;&lt;td&gt;Altitude: 7.966 ft &lt;/td&gt;&lt;/tr&gt;
&lt;tr&gt;&lt;td&gt;Heading: 241.0 &lt;/td&gt;&lt;/tr&gt;
&lt;/table&gt;</desc>
        <sym>https://earth.google.com/images/kml-icons/track-directional/track-none.png</sym>
    </wpt>
    <wpt lat="38.091125" lon="128.66013">
        <ele>3.0</ele>
        <name>GPX-59</name>
        <desc>&lt;table&gt;
&lt;tr&gt;&lt;td&gt;Longitude: 128.660130 &lt;/td&gt;&lt;/tr&gt;
&lt;tr&gt;&lt;td&gt;Latitude: 38.091125 &lt;/td&gt;&lt;/tr&gt;
&lt;tr&gt;&lt;td&gt;Altitude: 10.937 ft &lt;/td&gt;&lt;/tr&gt;
&lt;tr&gt;&lt;td&gt;Heading: 328.1 &lt;/td&gt;&lt;/tr&gt;
&lt;/table&gt;</desc>
        <sym>https://earth.google.com/images/kml-icons/track-directional/track-none.png</sym>
    </wpt>
    <wpt lat="38.126195" lon="128.621645">
        <ele>7.9</ele>
        <name>GPX-243</name>
        <desc>&lt;table&gt;
&lt;tr&gt;&lt;td&gt;Longitude: 128.621645 &lt;/td&gt;&lt;/tr&gt;
&lt;tr&gt;&lt;td&gt;Latitude: 38.126195 &lt;/td&gt;&lt;/tr&gt;
&lt;tr&gt;&lt;td&gt;Altitude: 26.037 ft &lt;/td&gt;&lt;/tr&gt;
&lt;tr&gt;&lt;td&gt;Heading: 25.3 &lt;/td&gt;&lt;/tr&gt;
&lt;/table&gt;</desc>
        <sym>https://earth.google.com/images/kml-icons/track-directional/track-none.png</sym>
    </wpt>
    <wpt lat="38.09003" lon="128.66102">
        <ele>2.9</ele>
        <name>GPX-55</name>
        <desc>&lt;table&gt;
&lt;tr&gt;&lt;td&gt;Longitude: 128.661020 &lt;/td&gt;&lt;/tr&gt;
&lt;tr&gt;&lt;td&gt;Latitude: 38.090030 &lt;/td&gt;&lt;/tr&gt;
&lt;tr&gt;&lt;td&gt;Altitude: 10.034 ft &lt;/td&gt;&lt;/tr&gt;
&lt;tr&gt;&lt;td&gt;Heading: 328.5 &lt;/td&gt;&lt;/tr&gt;
&lt;/table&gt;</desc>
        <sym>https://earth.google.com/images/kml-icons/track-directional/track-none.png</sym>
    </wpt>
    <wpt lat="38.121797531" lon="128.630865169">
        <ele>4.8</ele>
        <name>GPX-198</name>
        <desc>&lt;table&gt;
&lt;tr&gt;&lt;td&gt;Longitude: 128.630457 &lt;/td&gt;&lt;/tr&gt;
&lt;tr&gt;&lt;td&gt;Latitude: 38.120613 &lt;/td&gt;&lt;/tr&gt;
&lt;tr&gt;&lt;td&gt;Altitude: 24.131 ft &lt;/td&gt;&lt;/tr&gt;
&lt;tr&gt;&lt;td&gt;Heading: 319.1 &lt;/td&gt;&lt;/tr&gt;
&lt;/table&gt;</desc>
        <sym>https://earth.google.com/images/kml-icons/track-directional/track-none.png</sym>
    </wpt>
    <wpt lat="38.136375" lon="128.61807">
        <ele>5.1</ele>
        <name>GPX-294</name>
        <desc>&lt;table&gt;
&lt;tr&gt;&lt;td&gt;Longitude: 128.618070 &lt;/td&gt;&lt;/tr&gt;
&lt;tr&gt;&lt;td&gt;Latitude: 38.136375 &lt;/td&gt;&lt;/tr&gt;
&lt;tr&gt;&lt;td&gt;Altitude: 17.818 ft &lt;/td&gt;&lt;/tr&gt;
&lt;tr&gt;&lt;td&gt;Heading: 315.9 &lt;/td&gt;&lt;/tr&gt;
&lt;/table&gt;</desc>
        <sym>https://earth.google.com/images/kml-icons/track-directional/track-none.png</sym>
    </wpt>
    <wpt lat="38.16102" lon="128.60822">
        <ele>-0.4</ele>
        <name>GPX-391</name>
        <desc>&lt;table&gt;
&lt;tr&gt;&lt;td&gt;Longitude: 128.608220 &lt;/td&gt;&lt;/tr&gt;
&lt;tr&gt;&lt;td&gt;Latitude: 38.161020 &lt;/td&gt;&lt;/tr&gt;
&lt;tr&gt;&lt;td&gt;Altitude: -1.253 ft &lt;/td&gt;&lt;/tr&gt;
&lt;tr&gt;&lt;td&gt;Heading: 347.5 &lt;/td&gt;&lt;/tr&gt;
&lt;/table&gt;</desc>
        <sym>https://earth.google.com/images/kml-icons/track-directional/track-none.png</sym>
    </wpt>
    <wpt lat="38.092155" lon="128.6591">
        <ele>2.0</ele>
        <name>GPX-63</name>
        <desc>&lt;table&gt;
&lt;tr&gt;&lt;td&gt;Longitude: 128.659100 &lt;/td&gt;&lt;/tr&gt;
&lt;tr&gt;&lt;td&gt;Latitude: 38.092155 &lt;/td&gt;&lt;/tr&gt;
&lt;tr&gt;&lt;td&gt;Altitude: 5.052 ft &lt;/td&gt;&lt;/tr&gt;
&lt;tr&gt;&lt;td&gt;Heading: 315.6 &lt;/td&gt;&lt;/tr&gt;
&lt;/table&gt;</desc>
        <sym>https://earth.google.com/images/kml-icons/track-directional/track-none.png</sym>
    </wpt>
    <wpt lat="38.138555" lon="128.61594">
        <ele>2.8</ele>
        <name>GPX-303</name>
        <desc>&lt;table&gt;
&lt;tr&gt;&lt;td&gt;Longitude: 128.615940 &lt;/td&gt;&lt;/tr&gt;
&lt;tr&gt;&lt;td&gt;Latitude: 38.138555 &lt;/td&gt;&lt;/tr&gt;
&lt;tr&gt;&lt;td&gt;Altitude: 8.642 ft &lt;/td&gt;&lt;/tr&gt;
&lt;tr&gt;&lt;td&gt;Heading: 323.4 &lt;/td&gt;&lt;/tr&gt;
&lt;/table&gt;</desc>
        <sym>https://earth.google.com/images/kml-icons/track-directional/track-none.png</sym>
    </wpt>
    <wpt lat="38.080065" lon="128.668854">
        <ele>6.9</ele>
        <name>GPX-18</name>
        <desc>&lt;table&gt;
&lt;tr&gt;&lt;td&gt;Longitude: 128.668854 &lt;/td&gt;&lt;/tr&gt;
&lt;tr&gt;&lt;td&gt;Latitude: 38.080065 &lt;/td&gt;&lt;/tr&gt;
&lt;tr&gt;&lt;td&gt;Altitude: 22.548 ft &lt;/td&gt;&lt;/tr&gt;
&lt;tr&gt;&lt;td&gt;Heading: 322.1 &lt;/td&gt;&lt;/tr&gt;
&lt;/table&gt;</desc>
        <sym>https://earth.google.com/images/kml-icons/track-directional/track-none.png</sym>
    </wpt>
    <wpt lat="38.14071" lon="128.61401">
        <ele>3.8</ele>
        <name>GPX-315</name>
        <desc>&lt;table&gt;
&lt;tr&gt;&lt;td&gt;Longitude: 128.614010 &lt;/td&gt;&lt;/tr&gt;
&lt;tr&gt;&lt;td&gt;Latitude: 38.140710 &lt;/td&gt;&lt;/tr&gt;
&lt;tr&gt;&lt;td&gt;Altitude: 12.329 ft &lt;/td&gt;&lt;/tr&gt;
&lt;tr&gt;&lt;td&gt;Heading: 331.6 &lt;/td&gt;&lt;/tr&gt;
&lt;/table&gt;</desc>
        <sym>https://earth.google.com/images/kml-icons/track-directional/track-none.png</sym>
    </wpt>
    <wpt lat="38.088035" lon="128.663115">
        <ele>9.3</ele>
        <name>GPX-46</name>
        <desc>&lt;table&gt;
&lt;tr&gt;&lt;td&gt;Longitude: 128.663115 &lt;/td&gt;&lt;/tr&gt;
&lt;tr&gt;&lt;td&gt;Latitude: 38.088035 &lt;/td&gt;&lt;/tr&gt;
&lt;tr&gt;&lt;td&gt;Altitude: 25.799 ft &lt;/td&gt;&lt;/tr&gt;
&lt;tr&gt;&lt;td&gt;Heading: 319.1 &lt;/td&gt;&lt;/tr&gt;
&lt;/table&gt;</desc>
        <sym>https://earth.google.com/images/kml-icons/track-directional/track-none.png</sym>
    </wpt>
    <wpt lat="38.13514" lon="128.6197">
        <ele>6.5</ele>
        <name>GPX-288</name>
        <desc>&lt;table&gt;
&lt;tr&gt;&lt;td&gt;Longitude: 128.619700 &lt;/td&gt;&lt;/tr&gt;
&lt;tr&gt;&lt;td&gt;Latitude: 38.135140 &lt;/td&gt;&lt;/tr&gt;
&lt;tr&gt;&lt;td&gt;Altitude: 21.368 ft &lt;/td&gt;&lt;/tr&gt;
&lt;tr&gt;&lt;td&gt;Heading: 307.3 &lt;/td&gt;&lt;/tr&gt;
&lt;/table&gt;</desc>
        <sym>https://earth.google.com/images/kml-icons/track-directional/track-none.png</sym>
    </wpt>
    <wpt lat="38.149767" lon="128.608633">
        <ele>1.8</ele>
        <name>GPX-349</name>
        <desc>&lt;table&gt;
&lt;tr&gt;&lt;td&gt;Longitude: 128.608633 &lt;/td&gt;&lt;/tr&gt;
&lt;tr&gt;&lt;td&gt;Latitude: 38.149767 &lt;/td&gt;&lt;/tr&gt;
&lt;tr&gt;&lt;td&gt;Altitude: 7.649 ft &lt;/td&gt;&lt;/tr&gt;
&lt;tr&gt;&lt;td&gt;Heading: 346.1 &lt;/td&gt;&lt;/tr&gt;
&lt;/table&gt;</desc>
        <sym>https://earth.google.com/images/kml-icons/track-directional/track-none.png</sym>
    </wpt>
    <wpt lat="38.081198" lon="128.667737">
        <ele>6.9</ele>
        <name>GPX-22</name>
        <desc>&lt;table&gt;
&lt;tr&gt;&lt;td&gt;Longitude: 128.667737 &lt;/td&gt;&lt;/tr&gt;
&lt;tr&gt;&lt;td&gt;Latitude: 38.081198 &lt;/td&gt;&lt;/tr&gt;
&lt;tr&gt;&lt;td&gt;Altitude: 22.484 ft &lt;/td&gt;&lt;/tr&gt;
&lt;tr&gt;&lt;td&gt;Heading: 322.3 &lt;/td&gt;&lt;/tr&gt;
&lt;/table&gt;</desc>
        <sym>https://earth.google.com/images/kml-icons/track-directional/track-none.png</sym>
    </wpt>
    <wpt lat="38.10124" lon="128.64848">
        <ele>4.0</ele>
        <name>GPX-100</name>
        <desc>&lt;table&gt;
&lt;tr&gt;&lt;td&gt;Longitude: 128.648480 &lt;/td&gt;&lt;/tr&gt;
&lt;tr&gt;&lt;td&gt;Latitude: 38.101240 &lt;/td&gt;&lt;/tr&gt;
&lt;tr&gt;&lt;td&gt;Altitude: 13.038 ft &lt;/td&gt;&lt;/tr&gt;
&lt;tr&gt;&lt;td&gt;Heading: 291.0 &lt;/td&gt;&lt;/tr&gt;
&lt;/table&gt;</desc>
        <sym>https://earth.google.com/images/kml-icons/track-directional/track-none.png</sym>
    </wpt>
    <wpt lat="38.081793" lon="128.667137">
        <ele>6.8</ele>
        <name>GPX-24</name>
        <desc>&lt;table&gt;
&lt;tr&gt;&lt;td&gt;Longitude: 128.667137 &lt;/td&gt;&lt;/tr&gt;
&lt;tr&gt;&lt;td&gt;Latitude: 38.081793 &lt;/td&gt;&lt;/tr&gt;
&lt;tr&gt;&lt;td&gt;Altitude: 19.337 ft &lt;/td&gt;&lt;/tr&gt;
&lt;tr&gt;&lt;td&gt;Heading: 320.4 &lt;/td&gt;&lt;/tr&gt;
&lt;/table&gt;</desc>
        <sym>https://earth.google.com/images/kml-icons/track-directional/track-none.png</sym>
    </wpt>
    <wpt lat="38.098004255" lon="128.653352457">
        <ele>2.9</ele>
        <name>GPX-84</name>
        <desc>&lt;table&gt;
&lt;tr&gt;&lt;td&gt;Longitude: 128.653410 &lt;/td&gt;&lt;/tr&gt;
&lt;tr&gt;&lt;td&gt;Latitude: 38.097947 &lt;/td&gt;&lt;/tr&gt;
&lt;tr&gt;&lt;td&gt;Altitude: 13.045 ft &lt;/td&gt;&lt;/tr&gt;
&lt;tr&gt;&lt;td&gt;Heading: 324.7 &lt;/td&gt;&lt;/tr&gt;
&lt;/table&gt;</desc>
        <sym>https://earth.google.com/images/kml-icons/track-directional/track-none.png</sym>
    </wpt>
    <wpt lat="38.119578" lon="128.624905">
        <ele>11.1</ele>
        <name>GPX-220</name>
        <desc>&lt;table&gt;
&lt;tr&gt;&lt;td&gt;Longitude: 128.624905 &lt;/td&gt;&lt;/tr&gt;
&lt;tr&gt;&lt;td&gt;Latitude: 38.119578 &lt;/td&gt;&lt;/tr&gt;
&lt;tr&gt;&lt;td&gt;Altitude: 36.378 ft &lt;/td&gt;&lt;/tr&gt;
&lt;tr&gt;&lt;td&gt;Heading: 300.2 &lt;/td&gt;&lt;/tr&gt;
&lt;/table&gt;</desc>
        <sym>https://earth.google.com/images/kml-icons/track-directional/track-none.png</sym>
    </wpt>
    <wpt lat="38.10629" lon="128.641025">
        <ele>1.9</ele>
        <name>GPX-132</name>
        <desc>&lt;table&gt;
&lt;tr&gt;&lt;td&gt;Longitude: 128.641025 &lt;/td&gt;&lt;/tr&gt;
&lt;tr&gt;&lt;td&gt;Latitude: 38.106290 &lt;/td&gt;&lt;/tr&gt;
&lt;tr&gt;&lt;td&gt;Altitude: 6.332 ft &lt;/td&gt;&lt;/tr&gt;
&lt;tr&gt;&lt;td&gt;Heading: 6.5 &lt;/td&gt;&lt;/tr&gt;
&lt;/table&gt;</desc>
        <sym>https://earth.google.com/images/kml-icons/track-directional/track-none.png</sym>
    </wpt>
    <wpt lat="38.121407658" lon="128.631025985">
        <ele>3.0</ele>
        <name>GPX-196</name>
        <desc>&lt;table&gt;
&lt;tr&gt;&lt;td&gt;Longitude: 128.630720 &lt;/td&gt;&lt;/tr&gt;
&lt;tr&gt;&lt;td&gt;Latitude: 38.120650 &lt;/td&gt;&lt;/tr&gt;
&lt;tr&gt;&lt;td&gt;Altitude: 21.024 ft &lt;/td&gt;&lt;/tr&gt;
&lt;tr&gt;&lt;td&gt;Heading: 218.2 &lt;/td&gt;&lt;/tr&gt;
&lt;/table&gt;</desc>
        <sym>https://earth.google.com/images/kml-icons/track-directional/track-none.png</sym>
    </wpt>
    <wpt lat="38.16107" lon="128.6083">
        <ele>-0.2</ele>
        <name>GPX-392</name>
        <desc>&lt;table&gt;
&lt;tr&gt;&lt;td&gt;Longitude: 128.608300 &lt;/td&gt;&lt;/tr&gt;
&lt;tr&gt;&lt;td&gt;Latitude: 38.161070 &lt;/td&gt;&lt;/tr&gt;
&lt;tr&gt;&lt;td&gt;Altitude: -0.636 ft &lt;/td&gt;&lt;/tr&gt;
&lt;tr&gt;&lt;td&gt;Heading: 51.5 &lt;/td&gt;&lt;/tr&gt;
&lt;/table&gt;</desc>
        <sym>https://earth.google.com/images/kml-icons/track-directional/track-none.png</sym>
    </wpt>
    <wpt lat="38.120035" lon="128.624161">
        <ele>7.0</ele>
        <name>GPX-222</name>
        <desc>&lt;table&gt;
&lt;tr&gt;&lt;td&gt;Longitude: 128.624161 &lt;/td&gt;&lt;/tr&gt;
&lt;tr&gt;&lt;td&gt;Latitude: 38.120035 &lt;/td&gt;&lt;/tr&gt;
&lt;tr&gt;&lt;td&gt;Altitude: 23.028 ft &lt;/td&gt;&lt;/tr&gt;
&lt;tr&gt;&lt;td&gt;Heading: 308.0 &lt;/td&gt;&lt;/tr&gt;
&lt;/table&gt;</desc>
        <sym>https://earth.google.com/images/kml-icons/track-directional/track-none.png</sym>
    </wpt>
    <wpt lat="38.1049" lon="128.64068">
        <ele>1.3</ele>
        <name>GPX-128</name>
        <desc>&lt;table&gt;
&lt;tr&gt;&lt;td&gt;Longitude: 128.640680 &lt;/td&gt;&lt;/tr&gt;
&lt;tr&gt;&lt;td&gt;Latitude: 38.104900 &lt;/td&gt;&lt;/tr&gt;
&lt;tr&gt;&lt;td&gt;Altitude: 4.222 ft &lt;/td&gt;&lt;/tr&gt;
&lt;tr&gt;&lt;td&gt;Heading: 13.6 &lt;/td&gt;&lt;/tr&gt;
&lt;/table&gt;</desc>
        <sym>https://earth.google.com/images/kml-icons/track-directional/track-none.png</sym>
    </wpt>
    <wpt lat="38.10085" lon="128.64977">
        <ele>2.1</ele>
        <name>GPX-97</name>
        <desc>&lt;table&gt;
&lt;tr&gt;&lt;td&gt;Longitude: 128.649770 &lt;/td&gt;&lt;/tr&gt;
&lt;tr&gt;&lt;td&gt;Latitude: 38.100850 &lt;/td&gt;&lt;/tr&gt;
&lt;tr&gt;&lt;td&gt;Altitude: 6.955 ft &lt;/td&gt;&lt;/tr&gt;
&lt;tr&gt;&lt;td&gt;Heading: 298.4 &lt;/td&gt;&lt;/tr&gt;
&lt;/table&gt;</desc>
        <sym>https://earth.google.com/images/kml-icons/track-directional/track-none.png</sym>
    </wpt>
    <wpt lat="38.160755" lon="128.608295">
        <ele>-1.9</ele>
        <name>GPX-390</name>
        <desc>&lt;table&gt;
&lt;tr&gt;&lt;td&gt;Longitude: 128.608295 &lt;/td&gt;&lt;/tr&gt;
&lt;tr&gt;&lt;td&gt;Latitude: 38.160755 &lt;/td&gt;&lt;/tr&gt;
&lt;tr&gt;&lt;td&gt;Heading: 347.4 &lt;/td&gt;&lt;/tr&gt;
&lt;/table&gt;</desc>
        <sym>https://earth.google.com/images/kml-icons/track-directional/track-none.png</sym>
    </wpt>
    <wpt lat="38.093219037" lon="128.65767987">
        <ele>2.0</ele>
        <name>GPX-68</name>
        <desc>&lt;table&gt;
&lt;tr&gt;&lt;td&gt;Longitude: 128.657770 &lt;/td&gt;&lt;/tr&gt;
&lt;tr&gt;&lt;td&gt;Latitude: 38.093160 &lt;/td&gt;&lt;/tr&gt;
&lt;tr&gt;&lt;td&gt;Altitude: 6.562 ft &lt;/td&gt;&lt;/tr&gt;
&lt;tr&gt;&lt;td&gt;Heading: 313.2 &lt;/td&gt;&lt;/tr&gt;
&lt;/table&gt;</desc>
        <sym>https://earth.google.com/images/kml-icons/track-directional/track-none.png</sym>
    </wpt>
    <wpt lat="38.12764" lon="128.62331">
        <ele>7.3</ele>
        <name>GPX-251</name>
        <desc>&lt;table&gt;
&lt;tr&gt;&lt;td&gt;Longitude: 128.623310 &lt;/td&gt;&lt;/tr&gt;
&lt;tr&gt;&lt;td&gt;Latitude: 38.127640 &lt;/td&gt;&lt;/tr&gt;
&lt;tr&gt;&lt;td&gt;Altitude: 23.904 ft &lt;/td&gt;&lt;/tr&gt;
&lt;tr&gt;&lt;td&gt;Heading: 102.0 &lt;/td&gt;&lt;/tr&gt;
&lt;/table&gt;</desc>
        <sym>https://earth.google.com/images/kml-icons/track-directional/track-none.png</sym>
    </wpt>
    <wpt lat="38.12761" lon="128.62343">
        <ele>8.4</ele>
        <name>GPX-252</name>
        <desc>&lt;table&gt;
&lt;tr&gt;&lt;td&gt;Longitude: 128.623430 &lt;/td&gt;&lt;/tr&gt;
&lt;tr&gt;&lt;td&gt;Latitude: 38.127610 &lt;/td&gt;&lt;/tr&gt;
&lt;tr&gt;&lt;td&gt;Altitude: 27.467 ft &lt;/td&gt;&lt;/tr&gt;
&lt;tr&gt;&lt;td&gt;Heading: 107.6 &lt;/td&gt;&lt;/tr&gt;
&lt;/table&gt;</desc>
        <sym>https://earth.google.com/images/kml-icons/track-directional/track-none.png</sym>
    </wpt>
    <wpt lat="38.092935" lon="128.658075">
        <ele>1.5</ele>
        <name>GPX-67</name>
        <desc>&lt;table&gt;
&lt;tr&gt;&lt;td&gt;Longitude: 128.658075 &lt;/td&gt;&lt;/tr&gt;
&lt;tr&gt;&lt;td&gt;Latitude: 38.092935 &lt;/td&gt;&lt;/tr&gt;
&lt;tr&gt;&lt;td&gt;Altitude: 6.686 ft &lt;/td&gt;&lt;/tr&gt;
&lt;tr&gt;&lt;td&gt;Heading: 313.1 &lt;/td&gt;&lt;/tr&gt;
&lt;/table&gt;</desc>
        <sym>https://earth.google.com/images/kml-icons/track-directional/track-none.png</sym>
    </wpt>
    <wpt lat="38.122708" lon="128.621917">
        <ele>32.7</ele>
        <name>GPX-231</name>
        <desc>&lt;table&gt;
&lt;tr&gt;&lt;td&gt;Longitude: 128.621917 &lt;/td&gt;&lt;/tr&gt;
&lt;tr&gt;&lt;td&gt;Latitude: 38.122708 &lt;/td&gt;&lt;/tr&gt;
&lt;tr&gt;&lt;td&gt;Altitude: 107.538 ft &lt;/td&gt;&lt;/tr&gt;
&lt;tr&gt;&lt;td&gt;Heading: 333.4 &lt;/td&gt;&lt;/tr&gt;
&lt;/table&gt;</desc>
        <sym>https://earth.google.com/images/kml-icons/track-directional/track-none.png</sym>
    </wpt>
    <wpt lat="38.10245" lon="128.64207">
        <ele>0.0</ele>
        <name>GPX-116</name>
        <desc>&lt;table&gt;
&lt;tr&gt;&lt;td&gt;Longitude: 128.642070 &lt;/td&gt;&lt;/tr&gt;
&lt;tr&gt;&lt;td&gt;Latitude: 38.102450 &lt;/td&gt;&lt;/tr&gt;
&lt;tr&gt;&lt;td&gt;Heading: 286.0 &lt;/td&gt;&lt;/tr&gt;
&lt;/table&gt;</desc>
        <sym>https://earth.google.com/images/kml-icons/track-directional/track-none.png</sym>
    </wpt>
    <wpt lat="38.14786" lon="128.60956">
        <ele>2.2</ele>
        <name>GPX-343</name>
        <desc>&lt;table&gt;
&lt;tr&gt;&lt;td&gt;Longitude: 128.609560 &lt;/td&gt;&lt;/tr&gt;
&lt;tr&gt;&lt;td&gt;Latitude: 38.147860 &lt;/td&gt;&lt;/tr&gt;
&lt;tr&gt;&lt;td&gt;Altitude: 8.624 ft &lt;/td&gt;&lt;/tr&gt;
&lt;tr&gt;&lt;td&gt;Heading: 337.2 &lt;/td&gt;&lt;/tr&gt;
&lt;/table&gt;</desc>
        <sym>https://earth.google.com/images/kml-icons/track-directional/track-none.png</sym>
    </wpt>
    <wpt lat="38.10214" lon="128.64367">
        <ele>0.0</ele>
        <name>GPX-112</name>
        <desc>&lt;table&gt;
&lt;tr&gt;&lt;td&gt;Longitude: 128.643670 &lt;/td&gt;&lt;/tr&gt;
&lt;tr&gt;&lt;td&gt;Latitude: 38.102140 &lt;/td&gt;&lt;/tr&gt;
&lt;tr&gt;&lt;td&gt;Heading: 283.5 &lt;/td&gt;&lt;/tr&gt;
&lt;/table&gt;</desc>
        <sym>https://earth.google.com/images/kml-icons/track-directional/track-none.png</sym>
    </wpt>
    <wpt lat="38.101393" lon="128.64772">
        <ele>2.8</ele>
        <name>GPX-102</name>
        <desc>&lt;table&gt;
&lt;tr&gt;&lt;td&gt;Longitude: 128.647720 &lt;/td&gt;&lt;/tr&gt;
&lt;tr&gt;&lt;td&gt;Latitude: 38.101393 &lt;/td&gt;&lt;/tr&gt;
&lt;tr&gt;&lt;td&gt;Altitude: 8.652 ft &lt;/td&gt;&lt;/tr&gt;
&lt;tr&gt;&lt;td&gt;Heading: 284.4 &lt;/td&gt;&lt;/tr&gt;
&lt;/table&gt;</desc>
        <sym>https://earth.google.com/images/kml-icons/track-directional/track-none.png</sym>
    </wpt>
    <wpt lat="38.128491" lon="128.623442">
        <ele>5.0</ele>
        <name>GPX-258</name>
        <desc>&lt;table&gt;
&lt;tr&gt;&lt;td&gt;Longitude: 128.623442 &lt;/td&gt;&lt;/tr&gt;
&lt;tr&gt;&lt;td&gt;Latitude: 38.128491 &lt;/td&gt;&lt;/tr&gt;
&lt;tr&gt;&lt;td&gt;Altitude: 16.404 ft &lt;/td&gt;&lt;/tr&gt;
&lt;tr&gt;&lt;td&gt;Heading: 4.7 &lt;/td&gt;&lt;/tr&gt;
&lt;/table&gt;</desc>
        <sym>https://earth.google.com/images/kml-icons/track-directional/track-none.png</sym>
    </wpt>
    <wpt lat="38.13359" lon="128.62124">
        <ele>4.8</ele>
        <name>GPX-280</name>
        <desc>&lt;table&gt;
&lt;tr&gt;&lt;td&gt;Longitude: 128.621240 &lt;/td&gt;&lt;/tr&gt;
&lt;tr&gt;&lt;td&gt;Latitude: 38.133590 &lt;/td&gt;&lt;/tr&gt;
&lt;tr&gt;&lt;td&gt;Altitude: 15.827 ft &lt;/td&gt;&lt;/tr&gt;
&lt;tr&gt;&lt;td&gt;Heading: 7.2 &lt;/td&gt;&lt;/tr&gt;
&lt;/table&gt;</desc>
        <sym>https://earth.google.com/images/kml-icons/track-directional/track-none.png</sym>
    </wpt>
    <wpt lat="38.123026" lon="128.621715">
        <ele>36.9</ele>
        <name>GPX-232</name>
        <desc>&lt;table&gt;
&lt;tr&gt;&lt;td&gt;Longitude: 128.621715 &lt;/td&gt;&lt;/tr&gt;
&lt;tr&gt;&lt;td&gt;Latitude: 38.123026 &lt;/td&gt;&lt;/tr&gt;
&lt;tr&gt;&lt;td&gt;Altitude: 107.538 ft &lt;/td&gt;&lt;/tr&gt;
&lt;tr&gt;&lt;td&gt;Heading: 333.4 &lt;/td&gt;&lt;/tr&gt;
&lt;/table&gt;</desc>
        <sym>https://earth.google.com/images/kml-icons/track-directional/track-none.png</sym>
    </wpt>
    <wpt lat="38.114655" lon="128.63648">
        <ele>4.0</ele>
        <name>GPX-168</name>
        <desc>&lt;table&gt;
&lt;tr&gt;&lt;td&gt;Longitude: 128.636480 &lt;/td&gt;&lt;/tr&gt;
&lt;tr&gt;&lt;td&gt;Latitude: 38.114655 &lt;/td&gt;&lt;/tr&gt;
&lt;tr&gt;&lt;td&gt;Altitude: 13.100 ft &lt;/td&gt;&lt;/tr&gt;
&lt;tr&gt;&lt;td&gt;Heading: 319.5 &lt;/td&gt;&lt;/tr&gt;
&lt;/table&gt;</desc>
        <sym>https://earth.google.com/images/kml-icons/track-directional/track-none.png</sym>
    </wpt>
    <wpt lat="38.08846" lon="128.66255">
        <ele>3.4</ele>
        <name>GPX-48</name>
        <desc>&lt;table&gt;
&lt;tr&gt;&lt;td&gt;Longitude: 128.662550 &lt;/td&gt;&lt;/tr&gt;
&lt;tr&gt;&lt;td&gt;Latitude: 38.088460 &lt;/td&gt;&lt;/tr&gt;
&lt;tr&gt;&lt;td&gt;Altitude: 11.312 ft &lt;/td&gt;&lt;/tr&gt;
&lt;tr&gt;&lt;td&gt;Heading: 304.5 &lt;/td&gt;&lt;/tr&gt;
&lt;/table&gt;</desc>
        <sym>https://earth.google.com/images/kml-icons/track-directional/track-none.png</sym>
    </wpt>
    <wpt lat="38.14274" lon="128.61264">
        <ele>2.2</ele>
        <name>GPX-323</name>
        <desc>&lt;table&gt;
&lt;tr&gt;&lt;td&gt;Longitude: 128.612640 &lt;/td&gt;&lt;/tr&gt;
&lt;tr&gt;&lt;td&gt;Latitude: 38.142740 &lt;/td&gt;&lt;/tr&gt;
&lt;tr&gt;&lt;td&gt;Altitude: 7.208 ft &lt;/td&gt;&lt;/tr&gt;
&lt;tr&gt;&lt;td&gt;Heading: 329.5 &lt;/td&gt;&lt;/tr&gt;
&lt;/table&gt;</desc>
        <sym>https://earth.google.com/images/kml-icons/track-directional/track-none.png</sym>
    </wpt>
    <wpt lat="38.12775" lon="128.62263">
        <ele>4.4</ele>
        <name>GPX-249</name>
        <desc>&lt;table&gt;
&lt;tr&gt;&lt;td&gt;Longitude: 128.622630 &lt;/td&gt;&lt;/tr&gt;
&lt;tr&gt;&lt;td&gt;Latitude: 38.127750 &lt;/td&gt;&lt;/tr&gt;
&lt;tr&gt;&lt;td&gt;Altitude: 14.505 ft &lt;/td&gt;&lt;/tr&gt;
&lt;tr&gt;&lt;td&gt;Heading: 96.8 &lt;/td&gt;&lt;/tr&gt;
&lt;/table&gt;</desc>
        <sym>https://earth.google.com/images/kml-icons/track-directional/track-none.png</sym>
    </wpt>
    <wpt lat="38.11965" lon="128.62935">
        <ele>4.7</ele>
        <name>GPX-206</name>
        <desc>&lt;table&gt;
&lt;tr&gt;&lt;td&gt;Longitude: 128.629350 &lt;/td&gt;&lt;/tr&gt;
&lt;tr&gt;&lt;td&gt;Latitude: 38.119650 &lt;/td&gt;&lt;/tr&gt;
&lt;tr&gt;&lt;td&gt;Altitude: 15.551 ft &lt;/td&gt;&lt;/tr&gt;
&lt;tr&gt;&lt;td&gt;Heading: 198.2 &lt;/td&gt;&lt;/tr&gt;
&lt;/table&gt;</desc>
        <sym>https://earth.google.com/images/kml-icons/track-directional/track-none.png</sym>
    </wpt>
    <wpt lat="38.12991" lon="128.62289">
        <ele>0.2</ele>
        <name>GPX-265</name>
        <desc>&lt;table&gt;
&lt;tr&gt;&lt;td&gt;Longitude: 128.622890 &lt;/td&gt;&lt;/tr&gt;
&lt;tr&gt;&lt;td&gt;Latitude: 38.129910 &lt;/td&gt;&lt;/tr&gt;
&lt;tr&gt;&lt;td&gt;Altitude: 0.633 ft &lt;/td&gt;&lt;/tr&gt;
&lt;tr&gt;&lt;td&gt;Heading: 43.3 &lt;/td&gt;&lt;/tr&gt;
&lt;/table&gt;</desc>
        <sym>https://earth.google.com/images/kml-icons/track-directional/track-none.png</sym>
    </wpt>
    <wpt lat="38.10206" lon="128.644093">
        <ele>0.0</ele>
        <name>GPX-111</name>
        <desc>&lt;table&gt;
&lt;tr&gt;&lt;td&gt;Longitude: 128.644093 &lt;/td&gt;&lt;/tr&gt;
&lt;tr&gt;&lt;td&gt;Latitude: 38.102060 &lt;/td&gt;&lt;/tr&gt;
&lt;tr&gt;&lt;td&gt;Heading: 283.5 &lt;/td&gt;&lt;/tr&gt;
&lt;/table&gt;</desc>
        <sym>https://earth.google.com/images/kml-icons/track-directional/track-none.png</sym>
    </wpt>
    <wpt lat="38.11855" lon="128.63267">
        <ele>2.6</ele>
        <name>GPX-183</name>
        <desc>&lt;table&gt;
&lt;tr&gt;&lt;td&gt;Longitude: 128.632670 &lt;/td&gt;&lt;/tr&gt;
&lt;tr&gt;&lt;td&gt;Latitude: 38.118550 &lt;/td&gt;&lt;/tr&gt;
&lt;tr&gt;&lt;td&gt;Altitude: 12.523 ft &lt;/td&gt;&lt;/tr&gt;
&lt;tr&gt;&lt;td&gt;Heading: 328.6 &lt;/td&gt;&lt;/tr&gt;
&lt;/table&gt;</desc>
        <sym>https://earth.google.com/images/kml-icons/track-directional/track-none.png</sym>
    </wpt>
    <wpt lat="38.11233" lon="128.63913">
        <ele>2.9</ele>
        <name>GPX-156</name>
        <desc>&lt;table&gt;
&lt;tr&gt;&lt;td&gt;Longitude: 128.639130 &lt;/td&gt;&lt;/tr&gt;
&lt;tr&gt;&lt;td&gt;Latitude: 38.112330 &lt;/td&gt;&lt;/tr&gt;
&lt;tr&gt;&lt;td&gt;Altitude: 9.577 ft &lt;/td&gt;&lt;/tr&gt;
&lt;tr&gt;&lt;td&gt;Heading: 58.9 &lt;/td&gt;&lt;/tr&gt;
&lt;/table&gt;</desc>
        <sym>https://earth.google.com/images/kml-icons/track-directional/track-none.png</sym>
    </wpt>
    <wpt lat="38.120876" lon="128.630015">
        <ele>5.9</ele>
        <name>GPX-201</name>
        <desc>&lt;table&gt;
&lt;tr&gt;&lt;td&gt;Longitude: 128.630015 &lt;/td&gt;&lt;/tr&gt;
&lt;tr&gt;&lt;td&gt;Latitude: 38.120876 &lt;/td&gt;&lt;/tr&gt;
&lt;tr&gt;&lt;td&gt;Altitude: 19.505 ft &lt;/td&gt;&lt;/tr&gt;
&lt;tr&gt;&lt;td&gt;Heading: 301.6 &lt;/td&gt;&lt;/tr&gt;
&lt;/table&gt;</desc>
        <sym>https://earth.google.com/images/kml-icons/track-directional/track-none.png</sym>
    </wpt>
    <wpt lat="38.08908" lon="128.66181">
        <ele>2.2</ele>
        <name>GPX-51</name>
        <desc>&lt;table&gt;
&lt;tr&gt;&lt;td&gt;Longitude: 128.661810 &lt;/td&gt;&lt;/tr&gt;
&lt;tr&gt;&lt;td&gt;Latitude: 38.089080 &lt;/td&gt;&lt;/tr&gt;
&lt;tr&gt;&lt;td&gt;Altitude: 7.057 ft &lt;/td&gt;&lt;/tr&gt;
&lt;tr&gt;&lt;td&gt;Heading: 318.6 &lt;/td&gt;&lt;/tr&gt;
&lt;/table&gt;</desc>
        <sym>https://earth.google.com/images/kml-icons/track-directional/track-none.png</sym>
    </wpt>
    <wpt lat="38.14076" lon="128.61411">
        <ele>3.4</ele>
        <name>GPX-316</name>
        <desc>&lt;table&gt;
&lt;tr&gt;&lt;td&gt;Longitude: 128.614110 &lt;/td&gt;&lt;/tr&gt;
&lt;tr&gt;&lt;td&gt;Latitude: 38.140760 &lt;/td&gt;&lt;/tr&gt;
&lt;tr&gt;&lt;td&gt;Altitude: 11.201 ft &lt;/td&gt;&lt;/tr&gt;
&lt;tr&gt;&lt;td&gt;Heading: 57.6 &lt;/td&gt;&lt;/tr&gt;
&lt;/table&gt;</desc>
        <sym>https://earth.google.com/images/kml-icons/track-directional/track-none.png</sym>
    </wpt>
    <wpt lat="38.16158" lon="128.60829">
        <ele>4.6</ele>
        <name>GPX-396</name>
        <desc>&lt;table&gt;
&lt;tr&gt;&lt;td&gt;Longitude: 128.608290 &lt;/td&gt;&lt;/tr&gt;
&lt;tr&gt;&lt;td&gt;Latitude: 38.161580 &lt;/td&gt;&lt;/tr&gt;
&lt;tr&gt;&lt;td&gt;Altitude: 15.030 ft &lt;/td&gt;&lt;/tr&gt;
&lt;tr&gt;&lt;td&gt;Heading: 14.6 &lt;/td&gt;&lt;/tr&gt;
&lt;/table&gt;</desc>
        <sym>https://earth.google.com/images/kml-icons/track-directional/track-none.png</sym>
    </wpt>
    <wpt lat="38.16336" lon="128.60818">
        <ele>4.9</ele>
        <name>GPX-410</name>
        <desc>&lt;table&gt;
&lt;tr&gt;&lt;td&gt;Longitude: 128.608180 &lt;/td&gt;&lt;/tr&gt;
&lt;tr&gt;&lt;td&gt;Latitude: 38.163360 &lt;/td&gt;&lt;/tr&gt;
&lt;tr&gt;&lt;td&gt;Altitude: 16.089 ft &lt;/td&gt;&lt;/tr&gt;
&lt;tr&gt;&lt;td&gt;Heading: 41.1 &lt;/td&gt;&lt;/tr&gt;
&lt;/table&gt;</desc>
        <sym>https://earth.google.com/images/kml-icons/track-directional/track-none.png</sym>
    </wpt>
    <wpt lat="38.094781985" lon="128.657566934">
        <ele>2.1</ele>
        <name>GPX-73</name>
        <desc>&lt;table&gt;
&lt;tr&gt;&lt;td&gt;Longitude: 128.656445 &lt;/td&gt;&lt;/tr&gt;
&lt;tr&gt;&lt;td&gt;Latitude: 38.094475 &lt;/td&gt;&lt;/tr&gt;
&lt;tr&gt;&lt;td&gt;Heading: 326.8 &lt;/td&gt;&lt;/tr&gt;
&lt;/table&gt;</desc>
        <sym>https://earth.google.com/images/kml-icons/track-directional/track-none.png</sym>
    </wpt>
    <wpt lat="38.1219" lon="128.62248">
        <ele>24.4</ele>
        <name>GPX-228</name>
        <desc>&lt;table&gt;
&lt;tr&gt;&lt;td&gt;Longitude: 128.622480 &lt;/td&gt;&lt;/tr&gt;
&lt;tr&gt;&lt;td&gt;Latitude: 38.121900 &lt;/td&gt;&lt;/tr&gt;
&lt;tr&gt;&lt;td&gt;Altitude: 80.072 ft &lt;/td&gt;&lt;/tr&gt;
&lt;tr&gt;&lt;td&gt;Heading: 327.6 &lt;/td&gt;&lt;/tr&gt;
&lt;/table&gt;</desc>
        <sym>https://earth.google.com/images/kml-icons/track-directional/track-none.png</sym>
    </wpt>
    <wpt lat="38.08699" lon="128.66405">
        <ele>9.6</ele>
        <name>GPX-42</name>
        <desc>&lt;table&gt;
&lt;tr&gt;&lt;td&gt;Longitude: 128.664050 &lt;/td&gt;&lt;/tr&gt;
&lt;tr&gt;&lt;td&gt;Latitude: 38.086990 &lt;/td&gt;&lt;/tr&gt;
&lt;tr&gt;&lt;td&gt;Altitude: 31.332 ft &lt;/td&gt;&lt;/tr&gt;
&lt;tr&gt;&lt;td&gt;Heading: 337.3 &lt;/td&gt;&lt;/tr&gt;
&lt;/table&gt;</desc>
        <sym>https://earth.google.com/images/kml-icons/track-directional/track-none.png</sym>
    </wpt>
    <wpt lat="38.09604" lon="128.65508">
        <ele>2.3</ele>
        <name>GPX-78</name>
        <desc>&lt;table&gt;
&lt;tr&gt;&lt;td&gt;Longitude: 128.655080 &lt;/td&gt;&lt;/tr&gt;
&lt;tr&gt;&lt;td&gt;Latitude: 38.096040 &lt;/td&gt;&lt;/tr&gt;
&lt;tr&gt;&lt;td&gt;Altitude: 14.956 ft &lt;/td&gt;&lt;/tr&gt;
&lt;tr&gt;&lt;td&gt;Heading: 323.9 &lt;/td&gt;&lt;/tr&gt;
&lt;/table&gt;</desc>
        <sym>https://earth.google.com/images/kml-icons/track-directional/track-none.png</sym>
    </wpt>
    <wpt lat="38.10198" lon="128.644517">
        <ele>0.0</ele>
        <name>GPX-110</name>
        <desc>&lt;table&gt;
&lt;tr&gt;&lt;td&gt;Longitude: 128.644517 &lt;/td&gt;&lt;/tr&gt;
&lt;tr&gt;&lt;td&gt;Latitude: 38.101980 &lt;/td&gt;&lt;/tr&gt;
&lt;tr&gt;&lt;td&gt;Heading: 283.5 &lt;/td&gt;&lt;/tr&gt;
&lt;/table&gt;</desc>
        <sym>https://earth.google.com/images/kml-icons/track-directional/track-none.png</sym>
    </wpt>
    <wpt lat="38.077796132" lon="128.674070643">
        <ele>0.0</ele>
        <name>GPX-2</name>
        <desc>&lt;table&gt;
&lt;tr&gt;&lt;td&gt;Longitude: 128.673880 &lt;/td&gt;&lt;/tr&gt;
&lt;tr&gt;&lt;td&gt;Latitude: 38.077759 &lt;/td&gt;&lt;/tr&gt;
&lt;tr&gt;&lt;td&gt;Altitude: 2.730 ft &lt;/td&gt;&lt;/tr&gt;
&lt;tr&gt;&lt;td&gt;Heading: 294.7 &lt;/td&gt;&lt;/tr&gt;
&lt;/table&gt;</desc>
        <sym>https://earth.google.com/images/kml-icons/track-directional/track-none.png</sym>
    </wpt>
    <wpt lat="38.077941695" lon="128.672866717">
        <ele>2.1</ele>
        <name>GPX-4</name>
        <desc>&lt;table&gt;
&lt;tr&gt;&lt;td&gt;Longitude: 128.673058 &lt;/td&gt;&lt;/tr&gt;
&lt;tr&gt;&lt;td&gt;Latitude: 38.077991 &lt;/td&gt;&lt;/tr&gt;
&lt;tr&gt;&lt;td&gt;Altitude: 5.085 ft &lt;/td&gt;&lt;/tr&gt;
&lt;tr&gt;&lt;td&gt;Heading: 280.5 &lt;/td&gt;&lt;/tr&gt;
&lt;/table&gt;</desc>
        <sym>https://earth.google.com/images/kml-icons/track-directional/track-none.png</sym>
    </wpt>
    <wpt lat="38.12936" lon="128.62311">
        <ele>2.9</ele>
        <name>GPX-262</name>
        <desc>&lt;table&gt;
&lt;tr&gt;&lt;td&gt;Longitude: 128.623110 &lt;/td&gt;&lt;/tr&gt;
&lt;tr&gt;&lt;td&gt;Latitude: 38.129360 &lt;/td&gt;&lt;/tr&gt;
&lt;tr&gt;&lt;td&gt;Altitude: 9.498 ft &lt;/td&gt;&lt;/tr&gt;
&lt;tr&gt;&lt;td&gt;Heading: 20.1 &lt;/td&gt;&lt;/tr&gt;
&lt;/table&gt;</desc>
        <sym>https://earth.google.com/images/kml-icons/track-directional/track-none.png</sym>
    </wpt>
    <wpt lat="38.09091" lon="128.6603">
        <ele>4.1</ele>
        <name>GPX-58</name>
        <desc>&lt;table&gt;
&lt;tr&gt;&lt;td&gt;Longitude: 128.660300 &lt;/td&gt;&lt;/tr&gt;
&lt;tr&gt;&lt;td&gt;Latitude: 38.090910 &lt;/td&gt;&lt;/tr&gt;
&lt;tr&gt;&lt;td&gt;Altitude: 13.386 ft &lt;/td&gt;&lt;/tr&gt;
&lt;tr&gt;&lt;td&gt;Heading: 326.7 &lt;/td&gt;&lt;/tr&gt;
&lt;/table&gt;</desc>
        <sym>https://earth.google.com/images/kml-icons/track-directional/track-none.png</sym>
    </wpt>
    <wpt lat="38.101547" lon="128.64695">
        <ele>0.4</ele>
        <name>GPX-104</name>
        <desc>&lt;table&gt;
&lt;tr&gt;&lt;td&gt;Longitude: 128.646950 &lt;/td&gt;&lt;/tr&gt;
&lt;tr&gt;&lt;td&gt;Latitude: 38.101547 &lt;/td&gt;&lt;/tr&gt;
&lt;tr&gt;&lt;td&gt;Altitude: 4.910 ft &lt;/td&gt;&lt;/tr&gt;
&lt;tr&gt;&lt;td&gt;Heading: 284.0 &lt;/td&gt;&lt;/tr&gt;
&lt;/table&gt;</desc>
        <sym>https://earth.google.com/images/kml-icons/track-directional/track-none.png</sym>
    </wpt>
    <wpt lat="38.109876806" lon="128.64146486">
        <ele>0.3</ele>
        <name>GPX-148</name>
        <desc>&lt;table&gt;
&lt;tr&gt;&lt;td&gt;Longitude: 128.640303 &lt;/td&gt;&lt;/tr&gt;
&lt;tr&gt;&lt;td&gt;Latitude: 38.110590 &lt;/td&gt;&lt;/tr&gt;
&lt;tr&gt;&lt;td&gt;Altitude: 7.298 ft &lt;/td&gt;&lt;/tr&gt;
&lt;tr&gt;&lt;td&gt;Heading: 328.3 &lt;/td&gt;&lt;/tr&gt;
&lt;/table&gt;</desc>
        <sym>https://earth.google.com/images/kml-icons/track-directional/track-none.png</sym>
    </wpt>
    <wpt lat="38.15253" lon="128.60772">
        <ele>1.0</ele>
        <name>GPX-362</name>
        <desc>&lt;table&gt;
&lt;tr&gt;&lt;td&gt;Longitude: 128.607720 &lt;/td&gt;&lt;/tr&gt;
&lt;tr&gt;&lt;td&gt;Latitude: 38.152530 &lt;/td&gt;&lt;/tr&gt;
&lt;tr&gt;&lt;td&gt;Altitude: 3.353 ft &lt;/td&gt;&lt;/tr&gt;
&lt;tr&gt;&lt;td&gt;Heading: 0.0 &lt;/td&gt;&lt;/tr&gt;
&lt;/table&gt;</desc>
        <sym>https://earth.google.com/images/kml-icons/track-directional/track-none.png</sym>
    </wpt>
    <wpt lat="38.152505017" lon="128.608144073">
        <ele>0.0</ele>
        <name>GPX-363</name>
        <desc>&lt;table&gt;
&lt;tr&gt;&lt;td&gt;Longitude: 128.607760 &lt;/td&gt;&lt;/tr&gt;
&lt;tr&gt;&lt;td&gt;Latitude: 38.152785 &lt;/td&gt;&lt;/tr&gt;
&lt;tr&gt;&lt;td&gt;Altitude: 3.186 ft &lt;/td&gt;&lt;/tr&gt;
&lt;tr&gt;&lt;td&gt;Heading: 7.0 &lt;/td&gt;&lt;/tr&gt;
&lt;/table&gt;</desc>
        <sym>https://earth.google.com/images/kml-icons/track-directional/track-none.png</sym>
    </wpt>
    <wpt lat="38.116885" lon="128.63414">
        <ele>0.0</ele>
        <name>GPX-177</name>
        <desc>&lt;table&gt;
&lt;tr&gt;&lt;td&gt;Longitude: 128.634140 &lt;/td&gt;&lt;/tr&gt;
&lt;tr&gt;&lt;td&gt;Latitude: 38.116885 &lt;/td&gt;&lt;/tr&gt;
&lt;tr&gt;&lt;td&gt;Heading: 320.8 &lt;/td&gt;&lt;/tr&gt;
&lt;/table&gt;</desc>
        <sym>https://earth.google.com/images/kml-icons/track-directional/track-none.png</sym>
    </wpt>
    <wpt lat="38.15187" lon="128.60772">
        <ele>2.3</ele>
        <name>GPX-360</name>
        <desc>&lt;table&gt;
&lt;tr&gt;&lt;td&gt;Longitude: 128.607720 &lt;/td&gt;&lt;/tr&gt;
&lt;tr&gt;&lt;td&gt;Latitude: 38.151870 &lt;/td&gt;&lt;/tr&gt;
&lt;tr&gt;&lt;td&gt;Altitude: 7.441 ft &lt;/td&gt;&lt;/tr&gt;
&lt;tr&gt;&lt;td&gt;Heading: 358.3 &lt;/td&gt;&lt;/tr&gt;
&lt;/table&gt;</desc>
        <sym>https://earth.google.com/images/kml-icons/track-directional/track-none.png</sym>
    </wpt>
    <wpt lat="38.101767" lon="128.64576">
        <ele>1.6</ele>
        <name>GPX-107</name>
        <desc>&lt;table&gt;
&lt;tr&gt;&lt;td&gt;Longitude: 128.645760 &lt;/td&gt;&lt;/tr&gt;
&lt;tr&gt;&lt;td&gt;Latitude: 38.101767 &lt;/td&gt;&lt;/tr&gt;
&lt;tr&gt;&lt;td&gt;Heading: 281.7 &lt;/td&gt;&lt;/tr&gt;
&lt;/table&gt;</desc>
        <sym>https://earth.google.com/images/kml-icons/track-directional/track-none.png</sym>
    </wpt>
    <wpt lat="38.108305" lon="128.641395">
        <ele>2.0</ele>
        <name>GPX-140</name>
        <desc>&lt;table&gt;
&lt;tr&gt;&lt;td&gt;Longitude: 128.641395 &lt;/td&gt;&lt;/tr&gt;
&lt;tr&gt;&lt;td&gt;Latitude: 38.108305 &lt;/td&gt;&lt;/tr&gt;
&lt;tr&gt;&lt;td&gt;Altitude: 5.553 ft &lt;/td&gt;&lt;/tr&gt;
&lt;tr&gt;&lt;td&gt;Heading: 26.5 &lt;/td&gt;&lt;/tr&gt;
&lt;/table&gt;</desc>
        <sym>https://earth.google.com/images/kml-icons/track-directional/track-none.png</sym>
    </wpt>
    <wpt lat="38.115535" lon="128.63554">
        <ele>0.7</ele>
        <name>GPX-171</name>
        <desc>&lt;table&gt;
&lt;tr&gt;&lt;td&gt;Longitude: 128.635540 &lt;/td&gt;&lt;/tr&gt;
&lt;tr&gt;&lt;td&gt;Latitude: 38.115535 &lt;/td&gt;&lt;/tr&gt;
&lt;tr&gt;&lt;td&gt;Altitude: 2.057 ft &lt;/td&gt;&lt;/tr&gt;
&lt;tr&gt;&lt;td&gt;Heading: 320.7 &lt;/td&gt;&lt;/tr&gt;
&lt;/table&gt;</desc>
        <sym>https://earth.google.com/images/kml-icons/track-directional/track-none.png</sym>
    </wpt>
    <wpt lat="38.15144" lon="128.60776">
        <ele>2.2</ele>
        <name>GPX-358</name>
        <desc>&lt;table&gt;
&lt;tr&gt;&lt;td&gt;Longitude: 128.607760 &lt;/td&gt;&lt;/tr&gt;
&lt;tr&gt;&lt;td&gt;Latitude: 38.151440 &lt;/td&gt;&lt;/tr&gt;
&lt;tr&gt;&lt;td&gt;Altitude: 7.165 ft &lt;/td&gt;&lt;/tr&gt;
&lt;tr&gt;&lt;td&gt;Heading: 354.7 &lt;/td&gt;&lt;/tr&gt;
&lt;/table&gt;</desc>
        <sym>https://earth.google.com/images/kml-icons/track-directional/track-none.png</sym>
    </wpt>
    <wpt lat="38.111731765" lon="128.639657081">
        <ele>1.4</ele>
        <name>GPX-154</name>
        <desc>&lt;table&gt;
&lt;tr&gt;&lt;td&gt;Longitude: 128.638990 &lt;/td&gt;&lt;/tr&gt;
&lt;tr&gt;&lt;td&gt;Latitude: 38.112160 &lt;/td&gt;&lt;/tr&gt;
&lt;tr&gt;&lt;td&gt;Altitude: 7.487 ft &lt;/td&gt;&lt;/tr&gt;
&lt;tr&gt;&lt;td&gt;Heading: 324.8 &lt;/td&gt;&lt;/tr&gt;
&lt;/table&gt;</desc>
        <sym>https://earth.google.com/images/kml-icons/track-directional/track-none.png</sym>
    </wpt>
    <wpt lat="38.103655" lon="128.640295">
        <ele>4.2</ele>
        <name>GPX-124</name>
        <desc>&lt;table&gt;
&lt;tr&gt;&lt;td&gt;Longitude: 128.640295 &lt;/td&gt;&lt;/tr&gt;
&lt;tr&gt;&lt;td&gt;Latitude: 38.103655 &lt;/td&gt;&lt;/tr&gt;
&lt;tr&gt;&lt;td&gt;Altitude: 13.058 ft &lt;/td&gt;&lt;/tr&gt;
&lt;tr&gt;&lt;td&gt;Heading: 14.2 &lt;/td&gt;&lt;/tr&gt;
&lt;/table&gt;</desc>
        <sym>https://earth.google.com/images/kml-icons/track-directional/track-none.png</sym>
    </wpt>
    <wpt lat="38.098213" lon="128.65317">
        <ele>1.5</ele>
        <name>GPX-85</name>
        <desc>&lt;table&gt;
&lt;tr&gt;&lt;td&gt;Longitude: 128.653170 &lt;/td&gt;&lt;/tr&gt;
&lt;tr&gt;&lt;td&gt;Latitude: 38.098213 &lt;/td&gt;&lt;/tr&gt;
&lt;tr&gt;&lt;td&gt;Altitude: 13.045 ft &lt;/td&gt;&lt;/tr&gt;
&lt;tr&gt;&lt;td&gt;Heading: 324.7 &lt;/td&gt;&lt;/tr&gt;
&lt;/table&gt;</desc>
        <sym>https://earth.google.com/images/kml-icons/track-directional/track-none.png</sym>
    </wpt>
    <wpt lat="38.13988" lon="128.61463">
        <ele>5.4</ele>
        <name>GPX-311</name>
        <desc>&lt;table&gt;
&lt;tr&gt;&lt;td&gt;Longitude: 128.614630 &lt;/td&gt;&lt;/tr&gt;
&lt;tr&gt;&lt;td&gt;Latitude: 38.139880 &lt;/td&gt;&lt;/tr&gt;
&lt;tr&gt;&lt;td&gt;Altitude: 17.799 ft &lt;/td&gt;&lt;/tr&gt;
&lt;tr&gt;&lt;td&gt;Heading: 329.5 &lt;/td&gt;&lt;/tr&gt;
&lt;/table&gt;</desc>
        <sym>https://earth.google.com/images/kml-icons/track-directional/track-none.png</sym>
    </wpt>
    <wpt lat="38.10147" lon="128.64734">
        <ele>1.3</ele>
        <name>GPX-103</name>
        <desc>&lt;table&gt;
&lt;tr&gt;&lt;td&gt;Longitude: 128.647340 &lt;/td&gt;&lt;/tr&gt;
&lt;tr&gt;&lt;td&gt;Latitude: 38.101470 &lt;/td&gt;&lt;/tr&gt;
&lt;tr&gt;&lt;td&gt;Altitude: 4.265 ft &lt;/td&gt;&lt;/tr&gt;
&lt;tr&gt;&lt;td&gt;Heading: 284.4 &lt;/td&gt;&lt;/tr&gt;
&lt;/table&gt;</desc>
        <sym>https://earth.google.com/images/kml-icons/track-directional/track-none.png</sym>
    </wpt>
    <wpt lat="38.095941325" lon="128.655793997">
        <ele>5.2</ele>
        <name>GPX-77</name>
        <desc>&lt;table&gt;
&lt;tr&gt;&lt;td&gt;Longitude: 128.655395 &lt;/td&gt;&lt;/tr&gt;
&lt;tr&gt;&lt;td&gt;Latitude: 38.095700 &lt;/td&gt;&lt;/tr&gt;
&lt;tr&gt;&lt;td&gt;Altitude: 14.956 ft &lt;/td&gt;&lt;/tr&gt;
&lt;tr&gt;&lt;td&gt;Heading: 323.9 &lt;/td&gt;&lt;/tr&gt;
&lt;/table&gt;</desc>
        <sym>https://earth.google.com/images/kml-icons/track-directional/track-none.png</sym>
    </wpt>
    <wpt lat="38.156925" lon="128.609525">
        <ele>7.6</ele>
        <name>GPX-378</name>
        <desc>&lt;table&gt;
&lt;tr&gt;&lt;td&gt;Longitude: 128.609525 &lt;/td&gt;&lt;/tr&gt;
&lt;tr&gt;&lt;td&gt;Latitude: 38.156925 &lt;/td&gt;&lt;/tr&gt;
&lt;tr&gt;&lt;td&gt;Altitude: 23.317 ft &lt;/td&gt;&lt;/tr&gt;
&lt;tr&gt;&lt;td&gt;Heading: 348.7 &lt;/td&gt;&lt;/tr&gt;
&lt;/table&gt;</desc>
        <sym>https://earth.google.com/images/kml-icons/track-directional/track-none.png</sym>
    </wpt>
    <wpt lat="38.080372" lon="128.668551">
        <ele>6.3</ele>
        <name>GPX-19</name>
        <desc>&lt;table&gt;
&lt;tr&gt;&lt;td&gt;Longitude: 128.668551 &lt;/td&gt;&lt;/tr&gt;
&lt;tr&gt;&lt;td&gt;Latitude: 38.080372 &lt;/td&gt;&lt;/tr&gt;
&lt;tr&gt;&lt;td&gt;Altitude: 22.548 ft &lt;/td&gt;&lt;/tr&gt;
&lt;tr&gt;&lt;td&gt;Heading: 322.1 &lt;/td&gt;&lt;/tr&gt;
&lt;/table&gt;</desc>
        <sym>https://earth.google.com/images/kml-icons/track-directional/track-none.png</sym>
    </wpt>
    <wpt lat="38.1171" lon="128.63392">
        <ele>0.0</ele>
        <name>GPX-178</name>
        <desc>&lt;table&gt;
&lt;tr&gt;&lt;td&gt;Longitude: 128.633920 &lt;/td&gt;&lt;/tr&gt;
&lt;tr&gt;&lt;td&gt;Latitude: 38.117100 &lt;/td&gt;&lt;/tr&gt;
&lt;tr&gt;&lt;td&gt;Heading: 321.2 &lt;/td&gt;&lt;/tr&gt;
&lt;/table&gt;</desc>
        <sym>https://earth.google.com/images/kml-icons/track-directional/track-none.png</sym>
    </wpt>
    <wpt lat="38.10263" lon="128.64127">
        <ele>0.0</ele>
        <name>GPX-118</name>
        <desc>&lt;table&gt;
&lt;tr&gt;&lt;td&gt;Longitude: 128.641270 &lt;/td&gt;&lt;/tr&gt;
&lt;tr&gt;&lt;td&gt;Latitude: 38.102630 &lt;/td&gt;&lt;/tr&gt;
&lt;tr&gt;&lt;td&gt;Heading: 286.0 &lt;/td&gt;&lt;/tr&gt;
&lt;/table&gt;</desc>
        <sym>https://earth.google.com/images/kml-icons/track-directional/track-none.png</sym>
    </wpt>
    <wpt lat="38.12102313" lon="128.631198554">
        <ele>3.2</ele>
        <name>GPX-194</name>
        <desc>&lt;table&gt;
&lt;tr&gt;&lt;td&gt;Longitude: 128.630890 &lt;/td&gt;&lt;/tr&gt;
&lt;tr&gt;&lt;td&gt;Latitude: 38.120750 &lt;/td&gt;&lt;/tr&gt;
&lt;tr&gt;&lt;td&gt;Altitude: 18.547 ft &lt;/td&gt;&lt;/tr&gt;
&lt;tr&gt;&lt;td&gt;Heading: 313.7 &lt;/td&gt;&lt;/tr&gt;
&lt;/table&gt;</desc>
        <sym>https://earth.google.com/images/kml-icons/track-directional/track-none.png</sym>
    </wpt>
    <wpt lat="38.12996" lon="128.62286">
        <ele>0.1</ele>
        <name>GPX-266</name>
        <desc>&lt;table&gt;
&lt;tr&gt;&lt;td&gt;Longitude: 128.622860 &lt;/td&gt;&lt;/tr&gt;
&lt;tr&gt;&lt;td&gt;Latitude: 38.129960 &lt;/td&gt;&lt;/tr&gt;
&lt;tr&gt;&lt;td&gt;Altitude: 0.331 ft &lt;/td&gt;&lt;/tr&gt;
&lt;tr&gt;&lt;td&gt;Heading: 334.7 &lt;/td&gt;&lt;/tr&gt;
&lt;/table&gt;</desc>
        <sym>https://earth.google.com/images/kml-icons/track-directional/track-none.png</sym>
    </wpt>
    <wpt lat="38.11382" lon="128.63777">
        <ele>0.3</ele>
        <name>GPX-161</name>
        <desc>&lt;table&gt;
&lt;tr&gt;&lt;td&gt;Longitude: 128.637770 &lt;/td&gt;&lt;/tr&gt;
&lt;tr&gt;&lt;td&gt;Latitude: 38.113820 &lt;/td&gt;&lt;/tr&gt;
&lt;tr&gt;&lt;td&gt;Altitude: 0.837 ft &lt;/td&gt;&lt;/tr&gt;
&lt;tr&gt;&lt;td&gt;Heading: 323.5 &lt;/td&gt;&lt;/tr&gt;
&lt;/table&gt;</desc>
        <sym>https://earth.google.com/images/kml-icons/track-directional/track-none.png</sym>
    </wpt>
    <wpt lat="38.12451" lon="128.62122">
        <ele>26.7</ele>
        <name>GPX-237</name>
        <desc>&lt;table&gt;
&lt;tr&gt;&lt;td&gt;Longitude: 128.621220 &lt;/td&gt;&lt;/tr&gt;
&lt;tr&gt;&lt;td&gt;Latitude: 38.124510 &lt;/td&gt;&lt;/tr&gt;
&lt;tr&gt;&lt;td&gt;Altitude: 87.612 ft &lt;/td&gt;&lt;/tr&gt;
&lt;tr&gt;&lt;td&gt;Heading: 349.1 &lt;/td&gt;&lt;/tr&gt;
&lt;/table&gt;</desc>
        <sym>https://earth.google.com/images/kml-icons/track-directional/track-none.png</sym>
    </wpt>
    <wpt lat="38.09773932" lon="128.654655361">
        <ele>4.5</ele>
        <name>GPX-83</name>
        <desc>&lt;table&gt;
&lt;tr&gt;&lt;td&gt;Longitude: 128.653650 &lt;/td&gt;&lt;/tr&gt;
&lt;tr&gt;&lt;td&gt;Latitude: 38.097680 &lt;/td&gt;&lt;/tr&gt;
&lt;tr&gt;&lt;td&gt;Altitude: 22.110 ft &lt;/td&gt;&lt;/tr&gt;
&lt;tr&gt;&lt;td&gt;Heading: 326.8 &lt;/td&gt;&lt;/tr&gt;
&lt;/table&gt;</desc>
        <sym>https://earth.google.com/images/kml-icons/track-directional/track-none.png</sym>
    </wpt>
    <wpt lat="38.120785801" lon="128.631331779">
        <ele>1.4</ele>
        <name>GPX-193</name>
        <desc>&lt;table&gt;
&lt;tr&gt;&lt;td&gt;Longitude: 128.630930 &lt;/td&gt;&lt;/tr&gt;
&lt;tr&gt;&lt;td&gt;Latitude: 38.120720 &lt;/td&gt;&lt;/tr&gt;
&lt;tr&gt;&lt;td&gt;Altitude: 17.867 ft &lt;/td&gt;&lt;/tr&gt;
&lt;tr&gt;&lt;td&gt;Heading: 318.7 &lt;/td&gt;&lt;/tr&gt;
&lt;/table&gt;</desc>
        <sym>https://earth.google.com/images/kml-icons/track-directional/track-none.png</sym>
    </wpt>
    <wpt lat="38.15752" lon="128.609375">
        <ele>8.2</ele>
        <name>GPX-380</name>
        <desc>&lt;table&gt;
&lt;tr&gt;&lt;td&gt;Longitude: 128.609375 &lt;/td&gt;&lt;/tr&gt;
&lt;tr&gt;&lt;td&gt;Latitude: 38.157520 &lt;/td&gt;&lt;/tr&gt;
&lt;tr&gt;&lt;td&gt;Altitude: 25.965 ft &lt;/td&gt;&lt;/tr&gt;
&lt;tr&gt;&lt;td&gt;Heading: 348.9 &lt;/td&gt;&lt;/tr&gt;
&lt;/table&gt;</desc>
        <sym>https://earth.google.com/images/kml-icons/track-directional/track-none.png</sym>
    </wpt>
    <wpt lat="38.0873" lon="128.66383">
        <ele>7.8</ele>
        <name>GPX-43</name>
        <desc>&lt;table&gt;
&lt;tr&gt;&lt;td&gt;Longitude: 128.663830 &lt;/td&gt;&lt;/tr&gt;
&lt;tr&gt;&lt;td&gt;Latitude: 38.087300 &lt;/td&gt;&lt;/tr&gt;
&lt;tr&gt;&lt;td&gt;Altitude: 25.719 ft &lt;/td&gt;&lt;/tr&gt;
&lt;tr&gt;&lt;td&gt;Heading: 330.8 &lt;/td&gt;&lt;/tr&gt;
&lt;/table&gt;</desc>
        <sym>https://earth.google.com/images/kml-icons/track-directional/track-none.png</sym>
    </wpt>
    <wpt lat="38.14321" lon="128.61239">
        <ele>2.8</ele>
        <name>GPX-325</name>
        <desc>&lt;table&gt;
&lt;tr&gt;&lt;td&gt;Longitude: 128.612390 &lt;/td&gt;&lt;/tr&gt;
&lt;tr&gt;&lt;td&gt;Latitude: 38.143210 &lt;/td&gt;&lt;/tr&gt;
&lt;tr&gt;&lt;td&gt;Altitude: 9.160 ft &lt;/td&gt;&lt;/tr&gt;
&lt;tr&gt;&lt;td&gt;Heading: 337.3 &lt;/td&gt;&lt;/tr&gt;
&lt;/table&gt;</desc>
        <sym>https://earth.google.com/images/kml-icons/track-directional/track-none.png</sym>
    </wpt>
    <wpt lat="38.121240479" lon="128.631113781">
        <ele>4.0</ele>
        <name>GPX-195</name>
        <desc>&lt;table&gt;
&lt;tr&gt;&lt;td&gt;Longitude: 128.630850 &lt;/td&gt;&lt;/tr&gt;
&lt;tr&gt;&lt;td&gt;Latitude: 38.120780 &lt;/td&gt;&lt;/tr&gt;
&lt;tr&gt;&lt;td&gt;Altitude: 19.331 ft &lt;/td&gt;&lt;/tr&gt;
&lt;tr&gt;&lt;td&gt;Heading: 313.7 &lt;/td&gt;&lt;/tr&gt;
&lt;/table&gt;</desc>
        <sym>https://earth.google.com/images/kml-icons/track-directional/track-none.png</sym>
    </wpt>
    <wpt lat="38.16356763" lon="128.60844611">
        <ele>4.1</ele>
        <name>GPX-412</name>
        <desc>&lt;table&gt;
&lt;tr&gt;&lt;td&gt;Longitude: 128.608170 &lt;/td&gt;&lt;/tr&gt;
&lt;tr&gt;&lt;td&gt;Latitude: 38.163660 &lt;/td&gt;&lt;/tr&gt;
&lt;tr&gt;&lt;td&gt;Altitude: 13.123 ft &lt;/td&gt;&lt;/tr&gt;
&lt;tr&gt;&lt;td&gt;Heading: 350.4 &lt;/td&gt;&lt;/tr&gt;
&lt;/table&gt;</desc>
        <sym>https://earth.google.com/images/kml-icons/track-directional/track-none.png</sym>
    </wpt>
    <wpt lat="38.09921" lon="128.65224">
        <ele>1.4</ele>
        <name>GPX-89</name>
        <desc>&lt;table&gt;
&lt;tr&gt;&lt;td&gt;Longitude: 128.652240 &lt;/td&gt;&lt;/tr&gt;
&lt;tr&gt;&lt;td&gt;Latitude: 38.099210 &lt;/td&gt;&lt;/tr&gt;
&lt;tr&gt;&lt;td&gt;Altitude: 4.547 ft &lt;/td&gt;&lt;/tr&gt;
&lt;tr&gt;&lt;td&gt;Heading: 323.4 &lt;/td&gt;&lt;/tr&gt;
&lt;/table&gt;</desc>
        <sym>https://earth.google.com/images/kml-icons/track-directional/track-none.png</sym>
    </wpt>
    <wpt lat="38.101833" lon="128.64535">
        <ele>1.1</ele>
        <name>GPX-108</name>
        <desc>&lt;table&gt;
&lt;tr&gt;&lt;td&gt;Longitude: 128.645350 &lt;/td&gt;&lt;/tr&gt;
&lt;tr&gt;&lt;td&gt;Latitude: 38.101833 &lt;/td&gt;&lt;/tr&gt;
&lt;tr&gt;&lt;td&gt;Heading: 281.7 &lt;/td&gt;&lt;/tr&gt;
&lt;/table&gt;</desc>
        <sym>https://earth.google.com/images/kml-icons/track-directional/track-none.png</sym>
    </wpt>
    <wpt lat="38.13536" lon="128.61941">
        <ele>6.8</ele>
        <name>GPX-290</name>
        <desc>&lt;table&gt;
&lt;tr&gt;&lt;td&gt;Longitude: 128.619410 &lt;/td&gt;&lt;/tr&gt;
&lt;tr&gt;&lt;td&gt;Latitude: 38.135360 &lt;/td&gt;&lt;/tr&gt;
&lt;tr&gt;&lt;td&gt;Altitude: 22.205 ft &lt;/td&gt;&lt;/tr&gt;
&lt;tr&gt;&lt;td&gt;Heading: 308.1 &lt;/td&gt;&lt;/tr&gt;
&lt;/table&gt;</desc>
        <sym>https://earth.google.com/images/kml-icons/track-directional/track-none.png</sym>
    </wpt>
    <wpt lat="38.10068" lon="128.65017">
        <ele>1.5</ele>
        <name>GPX-96</name>
        <desc>&lt;table&gt;
&lt;tr&gt;&lt;td&gt;Longitude: 128.650170 &lt;/td&gt;&lt;/tr&gt;
&lt;tr&gt;&lt;td&gt;Latitude: 38.100680 &lt;/td&gt;&lt;/tr&gt;
&lt;tr&gt;&lt;td&gt;Altitude: 8.584 ft &lt;/td&gt;&lt;/tr&gt;
&lt;tr&gt;&lt;td&gt;Heading: 298.4 &lt;/td&gt;&lt;/tr&gt;
&lt;/table&gt;</desc>
        <sym>https://earth.google.com/images/kml-icons/track-directional/track-none.png</sym>
    </wpt>
    <wpt lat="38.11907" lon="128.628427">
        <ele>3.2</ele>
        <name>GPX-210</name>
        <desc>&lt;table&gt;
&lt;tr&gt;&lt;td&gt;Longitude: 128.628427 &lt;/td&gt;&lt;/tr&gt;
&lt;tr&gt;&lt;td&gt;Latitude: 38.119070 &lt;/td&gt;&lt;/tr&gt;
&lt;tr&gt;&lt;td&gt;Altitude: 10.545 ft &lt;/td&gt;&lt;/tr&gt;
&lt;tr&gt;&lt;td&gt;Heading: 241.0 &lt;/td&gt;&lt;/tr&gt;
&lt;/table&gt;</desc>
        <sym>https://earth.google.com/images/kml-icons/track-directional/track-none.png</sym>
    </wpt>
    <wpt lat="38.1003" lon="128.65101">
        <ele>6.6</ele>
        <name>GPX-94</name>
        <desc>&lt;table&gt;
&lt;tr&gt;&lt;td&gt;Longitude: 128.651010 &lt;/td&gt;&lt;/tr&gt;
&lt;tr&gt;&lt;td&gt;Latitude: 38.100300 &lt;/td&gt;&lt;/tr&gt;
&lt;tr&gt;&lt;td&gt;Altitude: 21.509 ft &lt;/td&gt;&lt;/tr&gt;
&lt;tr&gt;&lt;td&gt;Heading: 310.0 &lt;/td&gt;&lt;/tr&gt;
&lt;/table&gt;</desc>
        <sym>https://earth.google.com/images/kml-icons/track-directional/track-none.png</sym>
    </wpt>
    <wpt lat="38.15578" lon="128.60943">
        <ele>4.0</ele>
        <name>GPX-374</name>
        <desc>&lt;table&gt;
&lt;tr&gt;&lt;td&gt;Longitude: 128.609430 &lt;/td&gt;&lt;/tr&gt;
&lt;tr&gt;&lt;td&gt;Latitude: 38.155780 &lt;/td&gt;&lt;/tr&gt;
&lt;tr&gt;&lt;td&gt;Altitude: 13.156 ft &lt;/td&gt;&lt;/tr&gt;
&lt;tr&gt;&lt;td&gt;Heading: 27.4 &lt;/td&gt;&lt;/tr&gt;
&lt;/table&gt;</desc>
        <sym>https://earth.google.com/images/kml-icons/track-directional/track-none.png</sym>
    </wpt>
    <wpt lat="38.120935" lon="128.6233">
        <ele>12.4</ele>
        <name>GPX-225</name>
        <desc>&lt;table&gt;
&lt;tr&gt;&lt;td&gt;Longitude: 128.623300 &lt;/td&gt;&lt;/tr&gt;
&lt;tr&gt;&lt;td&gt;Latitude: 38.120935 &lt;/td&gt;&lt;/tr&gt;
&lt;tr&gt;&lt;td&gt;Altitude: 39.441 ft &lt;/td&gt;&lt;/tr&gt;
&lt;tr&gt;&lt;td&gt;Heading: 323.2 &lt;/td&gt;&lt;/tr&gt;
&lt;/table&gt;</desc>
        <sym>https://earth.google.com/images/kml-icons/track-directional/track-none.png</sym>
    </wpt>
    <wpt lat="38.121565" lon="128.62275">
        <ele>18.1</ele>
        <name>GPX-227</name>
        <desc>&lt;table&gt;
&lt;tr&gt;&lt;td&gt;Longitude: 128.622750 &lt;/td&gt;&lt;/tr&gt;
&lt;tr&gt;&lt;td&gt;Latitude: 38.121565 &lt;/td&gt;&lt;/tr&gt;
&lt;tr&gt;&lt;td&gt;Altitude: 64.034 ft &lt;/td&gt;&lt;/tr&gt;
&lt;tr&gt;&lt;td&gt;Heading: 327.6 &lt;/td&gt;&lt;/tr&gt;
&lt;/table&gt;</desc>
        <sym>https://earth.google.com/images/kml-icons/track-directional/track-none.png</sym>
    </wpt>
    <wpt lat="38.11876" lon="128.62739">
        <ele>2.9</ele>
        <name>GPX-213</name>
        <desc>&lt;table&gt;
&lt;tr&gt;&lt;td&gt;Longitude: 128.627390 &lt;/td&gt;&lt;/tr&gt;
&lt;tr&gt;&lt;td&gt;Latitude: 38.118760 &lt;/td&gt;&lt;/tr&gt;
&lt;tr&gt;&lt;td&gt;Altitude: 9.383 ft &lt;/td&gt;&lt;/tr&gt;
&lt;tr&gt;&lt;td&gt;Heading: 267.9 &lt;/td&gt;&lt;/tr&gt;
&lt;/table&gt;</desc>
        <sym>https://earth.google.com/images/kml-icons/track-directional/track-none.png</sym>
    </wpt>
    <wpt lat="38.080938" lon="128.667992">
        <ele>7.5</ele>
        <name>GPX-21</name>
        <desc>&lt;table&gt;
&lt;tr&gt;&lt;td&gt;Longitude: 128.667992 &lt;/td&gt;&lt;/tr&gt;
&lt;tr&gt;&lt;td&gt;Latitude: 38.080938 &lt;/td&gt;&lt;/tr&gt;
&lt;tr&gt;&lt;td&gt;Altitude: 23.734 ft &lt;/td&gt;&lt;/tr&gt;
&lt;tr&gt;&lt;td&gt;Heading: 322.3 &lt;/td&gt;&lt;/tr&gt;
&lt;/table&gt;</desc>
        <sym>https://earth.google.com/images/kml-icons/track-directional/track-none.png</sym>
    </wpt>
    <wpt lat="38.094578813" lon="128.658056012">
        <ele>0.0</ele>
        <name>GPX-72</name>
        <desc>&lt;table&gt;
&lt;tr&gt;&lt;td&gt;Longitude: 128.656690 &lt;/td&gt;&lt;/tr&gt;
&lt;tr&gt;&lt;td&gt;Latitude: 38.094180 &lt;/td&gt;&lt;/tr&gt;
&lt;tr&gt;&lt;td&gt;Altitude: -0.105 ft &lt;/td&gt;&lt;/tr&gt;
&lt;tr&gt;&lt;td&gt;Heading: 320.9 &lt;/td&gt;&lt;/tr&gt;
&lt;/table&gt;</desc>
        <sym>https://earth.google.com/images/kml-icons/track-directional/track-none.png</sym>
    </wpt>
    <wpt lat="38.116255" lon="128.63479">
        <ele>0.0</ele>
        <name>GPX-174</name>
        <desc>&lt;table&gt;
&lt;tr&gt;&lt;td&gt;Longitude: 128.634790 &lt;/td&gt;&lt;/tr&gt;
&lt;tr&gt;&lt;td&gt;Latitude: 38.116255 &lt;/td&gt;&lt;/tr&gt;
&lt;tr&gt;&lt;td&gt;Heading: 320.4 &lt;/td&gt;&lt;/tr&gt;
&lt;/table&gt;</desc>
        <sym>https://earth.google.com/images/kml-icons/track-directional/track-none.png</sym>
    </wpt>
    <wpt lat="38.13328" lon="128.62119">
        <ele>6.8</ele>
        <name>GPX-279</name>
        <desc>&lt;table&gt;
&lt;tr&gt;&lt;td&gt;Longitude: 128.621190 &lt;/td&gt;&lt;/tr&gt;
&lt;tr&gt;&lt;td&gt;Latitude: 38.133280 &lt;/td&gt;&lt;/tr&gt;
&lt;tr&gt;&lt;td&gt;Altitude: 22.215 ft &lt;/td&gt;&lt;/tr&gt;
&lt;tr&gt;&lt;td&gt;Heading: 348.9 &lt;/td&gt;&lt;/tr&gt;
&lt;/table&gt;</desc>
        <sym>https://earth.google.com/images/kml-icons/track-directional/track-none.png</sym>
    </wpt>
    <wpt lat="38.14711" lon="128.610005">
        <ele>3.4</ele>
        <name>GPX-340</name>
        <desc>&lt;table&gt;
&lt;tr&gt;&lt;td&gt;Longitude: 128.610005 &lt;/td&gt;&lt;/tr&gt;
&lt;tr&gt;&lt;td&gt;Latitude: 38.147110 &lt;/td&gt;&lt;/tr&gt;
&lt;tr&gt;&lt;td&gt;Altitude: 9.716 ft &lt;/td&gt;&lt;/tr&gt;
&lt;tr&gt;&lt;td&gt;Heading: 331.0 &lt;/td&gt;&lt;/tr&gt;
&lt;/table&gt;</desc>
        <sym>https://earth.google.com/images/kml-icons/track-directional/track-none.png</sym>
    </wpt>
    <wpt lat="38.16289" lon="128.60802">
        <ele>5.1</ele>
        <name>GPX-407</name>
        <desc>&lt;table&gt;
&lt;tr&gt;&lt;td&gt;Longitude: 128.608020 &lt;/td&gt;&lt;/tr&gt;
&lt;tr&gt;&lt;td&gt;Latitude: 38.162890 &lt;/td&gt;&lt;/tr&gt;
&lt;tr&gt;&lt;td&gt;Altitude: 16.824 ft &lt;/td&gt;&lt;/tr&gt;
&lt;tr&gt;&lt;td&gt;Heading: 327.8 &lt;/td&gt;&lt;/tr&gt;
&lt;/table&gt;</desc>
        <sym>https://earth.google.com/images/kml-icons/track-directional/track-none.png</sym>
    </wpt>
    <wpt lat="38.12558" lon="128.62134">
        <ele>12.7</ele>
        <name>GPX-241</name>
        <desc>&lt;table&gt;
&lt;tr&gt;&lt;td&gt;Longitude: 128.621340 &lt;/td&gt;&lt;/tr&gt;
&lt;tr&gt;&lt;td&gt;Latitude: 38.125580 &lt;/td&gt;&lt;/tr&gt;
&lt;tr&gt;&lt;td&gt;Altitude: 41.545 ft &lt;/td&gt;&lt;/tr&gt;
&lt;tr&gt;&lt;td&gt;Heading: 8.6 &lt;/td&gt;&lt;/tr&gt;
&lt;/table&gt;</desc>
        <sym>https://earth.google.com/images/kml-icons/track-directional/track-none.png</sym>
    </wpt>
    <wpt lat="38.14424" lon="128.61192">
        <ele>3.6</ele>
        <name>GPX-328</name>
        <desc>&lt;table&gt;
&lt;tr&gt;&lt;td&gt;Longitude: 128.611920 &lt;/td&gt;&lt;/tr&gt;
&lt;tr&gt;&lt;td&gt;Latitude: 38.144240 &lt;/td&gt;&lt;/tr&gt;
&lt;tr&gt;&lt;td&gt;Altitude: 11.713 ft &lt;/td&gt;&lt;/tr&gt;
&lt;tr&gt;&lt;td&gt;Heading: 340.3 &lt;/td&gt;&lt;/tr&gt;
&lt;/table&gt;</desc>
        <sym>https://earth.google.com/images/kml-icons/track-directional/track-none.png</sym>
    </wpt>
    <wpt lat="38.12778" lon="128.62231">
        <ele>4.7</ele>
        <name>GPX-248</name>
        <desc>&lt;table&gt;
&lt;tr&gt;&lt;td&gt;Longitude: 128.622310 &lt;/td&gt;&lt;/tr&gt;
&lt;tr&gt;&lt;td&gt;Latitude: 38.127780 &lt;/td&gt;&lt;/tr&gt;
&lt;tr&gt;&lt;td&gt;Altitude: 15.404 ft &lt;/td&gt;&lt;/tr&gt;
&lt;tr&gt;&lt;td&gt;Heading: 11.5 &lt;/td&gt;&lt;/tr&gt;
&lt;/table&gt;</desc>
        <sym>https://earth.google.com/images/kml-icons/track-directional/track-none.png</sym>
    </wpt>
    <wpt lat="38.11397" lon="128.63759">
        <ele>0.0</ele>
        <name>GPX-162</name>
        <desc>&lt;table&gt;
&lt;tr&gt;&lt;td&gt;Longitude: 128.637590 &lt;/td&gt;&lt;/tr&gt;
&lt;tr&gt;&lt;td&gt;Latitude: 38.113970 &lt;/td&gt;&lt;/tr&gt;
&lt;tr&gt;&lt;td&gt;Heading: 316.6 &lt;/td&gt;&lt;/tr&gt;
&lt;/table&gt;</desc>
        <sym>https://earth.google.com/images/kml-icons/track-directional/track-none.png</sym>
    </wpt>
    <wpt lat="38.119694" lon="128.631823">
        <ele>3.2</ele>
        <name>GPX-188</name>
        <desc>&lt;table&gt;
&lt;tr&gt;&lt;td&gt;Longitude: 128.631823 &lt;/td&gt;&lt;/tr&gt;
&lt;tr&gt;&lt;td&gt;Latitude: 38.119694 &lt;/td&gt;&lt;/tr&gt;
&lt;tr&gt;&lt;td&gt;Altitude: 10.518 ft &lt;/td&gt;&lt;/tr&gt;
&lt;tr&gt;&lt;td&gt;Heading: 324.1 &lt;/td&gt;&lt;/tr&gt;
&lt;/table&gt;</desc>
        <sym>https://earth.google.com/images/kml-icons/track-directional/track-none.png</sym>
    </wpt>
    <wpt lat="38.16197" lon="128.6084">
        <ele>3.5</ele>
        <name>GPX-399</name>
        <desc>&lt;table&gt;
&lt;tr&gt;&lt;td&gt;Longitude: 128.608400 &lt;/td&gt;&lt;/tr&gt;
&lt;tr&gt;&lt;td&gt;Latitude: 38.161970 &lt;/td&gt;&lt;/tr&gt;
&lt;tr&gt;&lt;td&gt;Altitude: 11.476 ft &lt;/td&gt;&lt;/tr&gt;
&lt;tr&gt;&lt;td&gt;Heading: 356.3 &lt;/td&gt;&lt;/tr&gt;
&lt;/table&gt;</desc>
        <sym>https://earth.google.com/images/kml-icons/track-directional/track-none.png</sym>
    </wpt>
    <wpt lat="38.15903" lon="128.60883">
        <ele>3.2</ele>
        <name>GPX-385</name>
        <desc>&lt;table&gt;
&lt;tr&gt;&lt;td&gt;Longitude: 128.608830 &lt;/td&gt;&lt;/tr&gt;
&lt;tr&gt;&lt;td&gt;Latitude: 38.159030 &lt;/td&gt;&lt;/tr&gt;
&lt;tr&gt;&lt;td&gt;Altitude: 10.486 ft &lt;/td&gt;&lt;/tr&gt;
&lt;tr&gt;&lt;td&gt;Heading: 340.9 &lt;/td&gt;&lt;/tr&gt;
&lt;/table&gt;</desc>
        <sym>https://earth.google.com/images/kml-icons/track-directional/track-none.png</sym>
    </wpt>
    <wpt lat="38.14491" lon="128.611595">
        <ele>5.2</ele>
        <name>GPX-331</name>
        <desc>&lt;table&gt;
&lt;tr&gt;&lt;td&gt;Longitude: 128.611595 &lt;/td&gt;&lt;/tr&gt;
&lt;tr&gt;&lt;td&gt;Latitude: 38.144910 &lt;/td&gt;&lt;/tr&gt;
&lt;tr&gt;&lt;td&gt;Altitude: 15.830 ft &lt;/td&gt;&lt;/tr&gt;
&lt;tr&gt;&lt;td&gt;Heading: 333.5 &lt;/td&gt;&lt;/tr&gt;
&lt;/table&gt;</desc>
        <sym>https://earth.google.com/images/kml-icons/track-directional/track-none.png</sym>
    </wpt>
    <wpt lat="38.12177478" lon="128.630582291">
        <ele>4.4</ele>
        <name>GPX-199</name>
        <desc>&lt;table&gt;
&lt;tr&gt;&lt;td&gt;Longitude: 128.630207 &lt;/td&gt;&lt;/tr&gt;
&lt;tr&gt;&lt;td&gt;Latitude: 38.120835 &lt;/td&gt;&lt;/tr&gt;
&lt;tr&gt;&lt;td&gt;Altitude: 24.541 ft &lt;/td&gt;&lt;/tr&gt;
&lt;tr&gt;&lt;td&gt;Heading: 318.6 &lt;/td&gt;&lt;/tr&gt;
&lt;/table&gt;</desc>
        <sym>https://earth.google.com/images/kml-icons/track-directional/track-none.png</sym>
    </wpt>
    <wpt lat="38.10591" lon="128.64097">
        <ele>1.9</ele>
        <name>GPX-131</name>
        <desc>&lt;table&gt;
&lt;tr&gt;&lt;td&gt;Longitude: 128.640970 &lt;/td&gt;&lt;/tr&gt;
&lt;tr&gt;&lt;td&gt;Latitude: 38.105910 &lt;/td&gt;&lt;/tr&gt;
&lt;tr&gt;&lt;td&gt;Altitude: 6.102 ft &lt;/td&gt;&lt;/tr&gt;
&lt;tr&gt;&lt;td&gt;Heading: 12.7 &lt;/td&gt;&lt;/tr&gt;
&lt;/table&gt;</desc>
        <sym>https://earth.google.com/images/kml-icons/track-directional/track-none.png</sym>
    </wpt>
    <wpt lat="38.12775" lon="128.62367">
        <ele>8.7</ele>
        <name>GPX-255</name>
        <desc>&lt;table&gt;
&lt;tr&gt;&lt;td&gt;Longitude: 128.623670 &lt;/td&gt;&lt;/tr&gt;
&lt;tr&gt;&lt;td&gt;Latitude: 38.127750 &lt;/td&gt;&lt;/tr&gt;
&lt;tr&gt;&lt;td&gt;Altitude: 28.553 ft &lt;/td&gt;&lt;/tr&gt;
&lt;tr&gt;&lt;td&gt;Heading: 38.2 &lt;/td&gt;&lt;/tr&gt;
&lt;/table&gt;</desc>
        <sym>https://earth.google.com/images/kml-icons/track-directional/track-none.png</sym>
    </wpt>
    <wpt lat="38.114425" lon="128.63673">
        <ele>4.7</ele>
        <name>GPX-167</name>
        <desc>&lt;table&gt;
&lt;tr&gt;&lt;td&gt;Longitude: 128.636730 &lt;/td&gt;&lt;/tr&gt;
&lt;tr&gt;&lt;td&gt;Latitude: 38.114425 &lt;/td&gt;&lt;/tr&gt;
&lt;tr&gt;&lt;td&gt;Altitude: 15.430 ft &lt;/td&gt;&lt;/tr&gt;
&lt;tr&gt;&lt;td&gt;Heading: 319.8 &lt;/td&gt;&lt;/tr&gt;
&lt;/table&gt;</desc>
        <sym>https://earth.google.com/images/kml-icons/track-directional/track-none.png</sym>
    </wpt>
    <wpt lat="38.12657" lon="128.62187">
        <ele>6.9</ele>
        <name>GPX-244</name>
        <desc>&lt;table&gt;
&lt;tr&gt;&lt;td&gt;Longitude: 128.621870 &lt;/td&gt;&lt;/tr&gt;
&lt;tr&gt;&lt;td&gt;Latitude: 38.126570 &lt;/td&gt;&lt;/tr&gt;
&lt;tr&gt;&lt;td&gt;Altitude: 22.635 ft &lt;/td&gt;&lt;/tr&gt;
&lt;tr&gt;&lt;td&gt;Heading: 25.3 &lt;/td&gt;&lt;/tr&gt;
&lt;/table&gt;</desc>
        <sym>https://earth.google.com/images/kml-icons/track-directional/track-none.png</sym>
    </wpt>
    <wpt lat="38.13925" lon="128.61528">
        <ele>3.7</ele>
        <name>GPX-306</name>
        <desc>&lt;table&gt;
&lt;tr&gt;&lt;td&gt;Longitude: 128.615280 &lt;/td&gt;&lt;/tr&gt;
&lt;tr&gt;&lt;td&gt;Latitude: 38.139250 &lt;/td&gt;&lt;/tr&gt;
&lt;tr&gt;&lt;td&gt;Altitude: 12.116 ft &lt;/td&gt;&lt;/tr&gt;
&lt;tr&gt;&lt;td&gt;Heading: 323.1 &lt;/td&gt;&lt;/tr&gt;
&lt;/table&gt;</desc>
        <sym>https://earth.google.com/images/kml-icons/track-directional/track-none.png</sym>
    </wpt>
    <wpt lat="38.117655" lon="128.63336">
        <ele>0.0</ele>
        <name>GPX-180</name>
        <desc>&lt;table&gt;
&lt;tr&gt;&lt;td&gt;Longitude: 128.633360 &lt;/td&gt;&lt;/tr&gt;
&lt;tr&gt;&lt;td&gt;Latitude: 38.117655 &lt;/td&gt;&lt;/tr&gt;
&lt;tr&gt;&lt;td&gt;Heading: 321.8 &lt;/td&gt;&lt;/tr&gt;
&lt;/table&gt;</desc>
        <sym>https://earth.google.com/images/kml-icons/track-directional/track-none.png</sym>
    </wpt>
    <wpt lat="38.154376571" lon="128.608543251">
        <ele>6.1</ele>
        <name>GPX-368</name>
        <desc>&lt;table&gt;
&lt;tr&gt;&lt;td&gt;Longitude: 128.608070 &lt;/td&gt;&lt;/tr&gt;
&lt;tr&gt;&lt;td&gt;Latitude: 38.154050 &lt;/td&gt;&lt;/tr&gt;
&lt;tr&gt;&lt;td&gt;Altitude: 11.247 ft &lt;/td&gt;&lt;/tr&gt;
&lt;tr&gt;&lt;td&gt;Heading: 14.7 &lt;/td&gt;&lt;/tr&gt;
&lt;/table&gt;</desc>
        <sym>https://earth.google.com/images/kml-icons/track-directional/track-none.png</sym>
    </wpt>
    <wpt lat="38.118025" lon="128.63306">
        <ele>0.6</ele>
        <name>GPX-181</name>
        <desc>&lt;table&gt;
&lt;tr&gt;&lt;td&gt;Longitude: 128.633060 &lt;/td&gt;&lt;/tr&gt;
&lt;tr&gt;&lt;td&gt;Latitude: 38.118025 &lt;/td&gt;&lt;/tr&gt;
&lt;tr&gt;&lt;td&gt;Altitude: 2.129 ft &lt;/td&gt;&lt;/tr&gt;
&lt;tr&gt;&lt;td&gt;Heading: 327.5 &lt;/td&gt;&lt;/tr&gt;
&lt;/table&gt;</desc>
        <sym>https://earth.google.com/images/kml-icons/track-directional/track-none.png</sym>
    </wpt>
    <wpt lat="38.13971" lon="128.61482">
        <ele>4.2</ele>
        <name>GPX-309</name>
        <desc>&lt;table&gt;
&lt;tr&gt;&lt;td&gt;Longitude: 128.614820 &lt;/td&gt;&lt;/tr&gt;
&lt;tr&gt;&lt;td&gt;Latitude: 38.139710 &lt;/td&gt;&lt;/tr&gt;
&lt;tr&gt;&lt;td&gt;Altitude: 13.907 ft &lt;/td&gt;&lt;/tr&gt;
&lt;tr&gt;&lt;td&gt;Heading: 284.3 &lt;/td&gt;&lt;/tr&gt;
&lt;/table&gt;</desc>
        <sym>https://earth.google.com/images/kml-icons/track-directional/track-none.png</sym>
    </wpt>
    <wpt lat="38.145825" lon="128.610925">
        <ele>2.7</ele>
        <name>GPX-335</name>
        <desc>&lt;table&gt;
&lt;tr&gt;&lt;td&gt;Longitude: 128.610925 &lt;/td&gt;&lt;/tr&gt;
&lt;tr&gt;&lt;td&gt;Latitude: 38.145825 &lt;/td&gt;&lt;/tr&gt;
&lt;tr&gt;&lt;td&gt;Altitude: 7.520 ft &lt;/td&gt;&lt;/tr&gt;
&lt;tr&gt;&lt;td&gt;Heading: 330.7 &lt;/td&gt;&lt;/tr&gt;
&lt;/table&gt;</desc>
        <sym>https://earth.google.com/images/kml-icons/track-directional/track-none.png</sym>
    </wpt>
    <wpt lat="38.153892059" lon="128.608438043">
        <ele>1.9</ele>
        <name>GPX-367</name>
        <desc>&lt;table&gt;
&lt;tr&gt;&lt;td&gt;Longitude: 128.607985 &lt;/td&gt;&lt;/tr&gt;
&lt;tr&gt;&lt;td&gt;Latitude: 38.153795 &lt;/td&gt;&lt;/tr&gt;
&lt;tr&gt;&lt;td&gt;Altitude: 10.125 ft &lt;/td&gt;&lt;/tr&gt;
&lt;tr&gt;&lt;td&gt;Heading: 14.7 &lt;/td&gt;&lt;/tr&gt;
&lt;/table&gt;</desc>
        <sym>https://earth.google.com/images/kml-icons/track-directional/track-none.png</sym>
    </wpt>
    <wpt lat="38.082938" lon="128.666142">
        <ele>12.3</ele>
        <name>GPX-28</name>
        <desc>&lt;table&gt;
&lt;tr&gt;&lt;td&gt;Longitude: 128.666142 &lt;/td&gt;&lt;/tr&gt;
&lt;tr&gt;&lt;td&gt;Latitude: 38.082938 &lt;/td&gt;&lt;/tr&gt;
&lt;tr&gt;&lt;td&gt;Altitude: 37.456 ft &lt;/td&gt;&lt;/tr&gt;
&lt;tr&gt;&lt;td&gt;Heading: 333.6 &lt;/td&gt;&lt;/tr&gt;
&lt;/table&gt;</desc>
        <sym>https://earth.google.com/images/kml-icons/track-directional/track-none.png</sym>
    </wpt>
    <wpt lat="38.110102792" lon="128.641200896">
        <ele>0.4</ele>
        <name>GPX-149</name>
        <desc>&lt;table&gt;
&lt;tr&gt;&lt;td&gt;Longitude: 128.640037 &lt;/td&gt;&lt;/tr&gt;
&lt;tr&gt;&lt;td&gt;Latitude: 38.110930 &lt;/td&gt;&lt;/tr&gt;
&lt;tr&gt;&lt;td&gt;Altitude: 7.298 ft &lt;/td&gt;&lt;/tr&gt;
&lt;tr&gt;&lt;td&gt;Heading: 328.3 &lt;/td&gt;&lt;/tr&gt;
&lt;/table&gt;</desc>
        <sym>https://earth.google.com/images/kml-icons/track-directional/track-none.png</sym>
    </wpt>
    <wpt lat="38.132333" lon="128.621466">
        <ele>0.0</ele>
        <name>GPX-275</name>
        <desc>&lt;table&gt;
&lt;tr&gt;&lt;td&gt;Longitude: 128.621466 &lt;/td&gt;&lt;/tr&gt;
&lt;tr&gt;&lt;td&gt;Latitude: 38.132333 &lt;/td&gt;&lt;/tr&gt;
&lt;tr&gt;&lt;td&gt;Heading: 346.0 &lt;/td&gt;&lt;/tr&gt;
&lt;/table&gt;</desc>
        <sym>https://earth.google.com/images/kml-icons/track-directional/track-none.png</sym>
    </wpt>
    <wpt lat="38.13661" lon="128.61778">
        <ele>5.2</ele>
        <name>GPX-295</name>
        <desc>&lt;table&gt;
&lt;tr&gt;&lt;td&gt;Longitude: 128.617780 &lt;/td&gt;&lt;/tr&gt;
&lt;tr&gt;&lt;td&gt;Latitude: 38.136610 &lt;/td&gt;&lt;/tr&gt;
&lt;tr&gt;&lt;td&gt;Altitude: 17.047 ft &lt;/td&gt;&lt;/tr&gt;
&lt;tr&gt;&lt;td&gt;Heading: 315.9 &lt;/td&gt;&lt;/tr&gt;
&lt;/table&gt;</desc>
        <sym>https://earth.google.com/images/kml-icons/track-directional/track-none.png</sym>
    </wpt>
    <wpt lat="38.146617" lon="128.610357">
        <ele>2.1</ele>
        <name>GPX-338</name>
        <desc>&lt;table&gt;
&lt;tr&gt;&lt;td&gt;Longitude: 128.610357 &lt;/td&gt;&lt;/tr&gt;
&lt;tr&gt;&lt;td&gt;Latitude: 38.146617 &lt;/td&gt;&lt;/tr&gt;
&lt;tr&gt;&lt;td&gt;Altitude: 8.050 ft &lt;/td&gt;&lt;/tr&gt;
&lt;tr&gt;&lt;td&gt;Heading: 330.5 &lt;/td&gt;&lt;/tr&gt;
&lt;/table&gt;</desc>
        <sym>https://earth.google.com/images/kml-icons/track-directional/track-none.png</sym>
    </wpt>
    <wpt lat="38.079534" lon="128.669363">
        <ele>6.7</ele>
        <name>GPX-16</name>
        <desc>&lt;table&gt;
&lt;tr&gt;&lt;td&gt;Longitude: 128.669363 &lt;/td&gt;&lt;/tr&gt;
&lt;tr&gt;&lt;td&gt;Latitude: 38.079534 &lt;/td&gt;&lt;/tr&gt;
&lt;tr&gt;&lt;td&gt;Altitude: 23.360 ft &lt;/td&gt;&lt;/tr&gt;
&lt;tr&gt;&lt;td&gt;Heading: 324.3 &lt;/td&gt;&lt;/tr&gt;
&lt;/table&gt;</desc>
        <sym>https://earth.google.com/images/kml-icons/track-directional/track-none.png</sym>
    </wpt>
    <wpt lat="38.14134" lon="128.61369">
        <ele>5.6</ele>
        <name>GPX-318</name>
        <desc>&lt;table&gt;
&lt;tr&gt;&lt;td&gt;Longitude: 128.613690 &lt;/td&gt;&lt;/tr&gt;
&lt;tr&gt;&lt;td&gt;Latitude: 38.141340 &lt;/td&gt;&lt;/tr&gt;
&lt;tr&gt;&lt;td&gt;Altitude: 12.047 ft &lt;/td&gt;&lt;/tr&gt;
&lt;tr&gt;&lt;td&gt;Heading: 330.3 &lt;/td&gt;&lt;/tr&gt;
&lt;/table&gt;</desc>
        <sym>https://earth.google.com/images/kml-icons/track-directional/track-none.png</sym>
    </wpt>
    <wpt lat="38.108845395" lon="128.642336965">
        <ele>0.6</ele>
        <name>GPX-145</name>
        <desc>&lt;table&gt;
&lt;tr&gt;&lt;td&gt;Longitude: 128.641160 &lt;/td&gt;&lt;/tr&gt;
&lt;tr&gt;&lt;td&gt;Latitude: 38.109550 &lt;/td&gt;&lt;/tr&gt;
&lt;tr&gt;&lt;td&gt;Altitude: 7.661 ft &lt;/td&gt;&lt;/tr&gt;
&lt;tr&gt;&lt;td&gt;Heading: 331.3 &lt;/td&gt;&lt;/tr&gt;
&lt;/table&gt;</desc>
        <sym>https://earth.google.com/images/kml-icons/track-directional/track-none.png</sym>
    </wpt>
    <wpt lat="38.117315" lon="128.6337">
        <ele>0.0</ele>
        <name>GPX-179</name>
        <desc>&lt;table&gt;
&lt;tr&gt;&lt;td&gt;Longitude: 128.633700 &lt;/td&gt;&lt;/tr&gt;
&lt;tr&gt;&lt;td&gt;Latitude: 38.117315 &lt;/td&gt;&lt;/tr&gt;
&lt;tr&gt;&lt;td&gt;Heading: 321.2 &lt;/td&gt;&lt;/tr&gt;
&lt;/table&gt;</desc>
        <sym>https://earth.google.com/images/kml-icons/track-directional/track-none.png</sym>
    </wpt>
    <wpt lat="38.15038" lon="128.60844">
        <ele>2.1</ele>
        <name>GPX-351</name>
        <desc>&lt;table&gt;
&lt;tr&gt;&lt;td&gt;Longitude: 128.608440 &lt;/td&gt;&lt;/tr&gt;
&lt;tr&gt;&lt;td&gt;Latitude: 38.150380 &lt;/td&gt;&lt;/tr&gt;
&lt;tr&gt;&lt;td&gt;Altitude: 7.044 ft &lt;/td&gt;&lt;/tr&gt;
&lt;tr&gt;&lt;td&gt;Heading: 346.1 &lt;/td&gt;&lt;/tr&gt;
&lt;/table&gt;</desc>
        <sym>https://earth.google.com/images/kml-icons/track-directional/track-none.png</sym>
    </wpt>
    <wpt lat="38.119956" lon="128.631639">
        <ele>2.3</ele>
        <name>GPX-189</name>
        <desc>&lt;table&gt;
&lt;tr&gt;&lt;td&gt;Longitude: 128.631639 &lt;/td&gt;&lt;/tr&gt;
&lt;tr&gt;&lt;td&gt;Latitude: 38.119956 &lt;/td&gt;&lt;/tr&gt;
&lt;tr&gt;&lt;td&gt;Altitude: 7.411 ft &lt;/td&gt;&lt;/tr&gt;
&lt;tr&gt;&lt;td&gt;Heading: 331.0 &lt;/td&gt;&lt;/tr&gt;
&lt;/table&gt;</desc>
        <sym>https://earth.google.com/images/kml-icons/track-directional/track-none.png</sym>
    </wpt>
    <wpt lat="38.08774" lon="128.66344">
        <ele>9.6</ele>
        <name>GPX-45</name>
        <desc>&lt;table&gt;
&lt;tr&gt;&lt;td&gt;Longitude: 128.663440 &lt;/td&gt;&lt;/tr&gt;
&lt;tr&gt;&lt;td&gt;Latitude: 38.087740 &lt;/td&gt;&lt;/tr&gt;
&lt;tr&gt;&lt;td&gt;Altitude: 31.549 ft &lt;/td&gt;&lt;/tr&gt;
&lt;tr&gt;&lt;td&gt;Heading: 325.1 &lt;/td&gt;&lt;/tr&gt;
&lt;/table&gt;</desc>
        <sym>https://earth.google.com/images/kml-icons/track-directional/track-none.png</sym>
    </wpt>
    <wpt lat="38.1587" lon="128.608975">
        <ele>5.3</ele>
        <name>GPX-384</name>
        <desc>&lt;table&gt;
&lt;tr&gt;&lt;td&gt;Longitude: 128.608975 &lt;/td&gt;&lt;/tr&gt;
&lt;tr&gt;&lt;td&gt;Latitude: 38.158700 &lt;/td&gt;&lt;/tr&gt;
&lt;tr&gt;&lt;td&gt;Altitude: 17.694 ft &lt;/td&gt;&lt;/tr&gt;
&lt;tr&gt;&lt;td&gt;Heading: 340.9 &lt;/td&gt;&lt;/tr&gt;
&lt;/table&gt;</desc>
        <sym>https://earth.google.com/images/kml-icons/track-directional/track-none.png</sym>
    </wpt>
    <wpt lat="38.089275" lon="128.661635">
        <ele>2.1</ele>
        <name>GPX-52</name>
        <desc>&lt;table&gt;
&lt;tr&gt;&lt;td&gt;Longitude: 128.661635 &lt;/td&gt;&lt;/tr&gt;
&lt;tr&gt;&lt;td&gt;Latitude: 38.089275 &lt;/td&gt;&lt;/tr&gt;
&lt;tr&gt;&lt;td&gt;Altitude: 6.809 ft &lt;/td&gt;&lt;/tr&gt;
&lt;tr&gt;&lt;td&gt;Heading: 324.8 &lt;/td&gt;&lt;/tr&gt;
&lt;/table&gt;</desc>
        <sym>https://earth.google.com/images/kml-icons/track-directional/track-none.png</sym>
    </wpt>
    <wpt lat="38.12838" lon="128.62343">
        <ele>5.0</ele>
        <name>GPX-257</name>
        <desc>&lt;table&gt;
&lt;tr&gt;&lt;td&gt;Longitude: 128.623430 &lt;/td&gt;&lt;/tr&gt;
&lt;tr&gt;&lt;td&gt;Latitude: 38.128380 &lt;/td&gt;&lt;/tr&gt;
&lt;tr&gt;&lt;td&gt;Altitude: 16.404 ft &lt;/td&gt;&lt;/tr&gt;
&lt;tr&gt;&lt;td&gt;Heading: 343.3 &lt;/td&gt;&lt;/tr&gt;
&lt;/table&gt;</desc>
        <sym>https://earth.google.com/images/kml-icons/track-directional/track-none.png</sym>
    </wpt>
    <wpt lat="38.15094" lon="128.60806">
        <ele>2.0</ele>
        <name>GPX-354</name>
        <desc>&lt;table&gt;
&lt;tr&gt;&lt;td&gt;Longitude: 128.608060 &lt;/td&gt;&lt;/tr&gt;
&lt;tr&gt;&lt;td&gt;Latitude: 38.150940 &lt;/td&gt;&lt;/tr&gt;
&lt;tr&gt;&lt;td&gt;Altitude: 6.522 ft &lt;/td&gt;&lt;/tr&gt;
&lt;tr&gt;&lt;td&gt;Heading: 300.4 &lt;/td&gt;&lt;/tr&gt;
&lt;/table&gt;</desc>
        <sym>https://earth.google.com/images/kml-icons/track-directional/track-none.png</sym>
    </wpt>
    <wpt lat="38.16207" lon="128.60841">
        <ele>3.3</ele>
        <name>GPX-400</name>
        <desc>&lt;table&gt;
&lt;tr&gt;&lt;td&gt;Longitude: 128.608410 &lt;/td&gt;&lt;/tr&gt;
&lt;tr&gt;&lt;td&gt;Latitude: 38.162070 &lt;/td&gt;&lt;/tr&gt;
&lt;tr&gt;&lt;td&gt;Altitude: 10.902 ft &lt;/td&gt;&lt;/tr&gt;
&lt;tr&gt;&lt;td&gt;Heading: 4.5 &lt;/td&gt;&lt;/tr&gt;
&lt;/table&gt;</desc>
        <sym>https://earth.google.com/images/kml-icons/track-directional/track-none.png</sym>
    </wpt>
    <wpt lat="38.130958" lon="128.622239">
        <ele>1.0</ele>
        <name>GPX-269</name>
        <desc>&lt;table&gt;
&lt;tr&gt;&lt;td&gt;Longitude: 128.622239 &lt;/td&gt;&lt;/tr&gt;
&lt;tr&gt;&lt;td&gt;Latitude: 38.130958 &lt;/td&gt;&lt;/tr&gt;
&lt;tr&gt;&lt;td&gt;Altitude: 3.991 ft &lt;/td&gt;&lt;/tr&gt;
&lt;tr&gt;&lt;td&gt;Heading: 328.2 &lt;/td&gt;&lt;/tr&gt;
&lt;/table&gt;</desc>
        <sym>https://earth.google.com/images/kml-icons/track-directional/track-none.png</sym>
    </wpt>
    <wpt lat="38.16217" lon="128.60841">
        <ele>3.2</ele>
        <name>GPX-401</name>
        <desc>&lt;table&gt;
&lt;tr&gt;&lt;td&gt;Longitude: 128.608410 &lt;/td&gt;&lt;/tr&gt;
&lt;tr&gt;&lt;td&gt;Latitude: 38.162170 &lt;/td&gt;&lt;/tr&gt;
&lt;tr&gt;&lt;td&gt;Altitude: 10.577 ft &lt;/td&gt;&lt;/tr&gt;
&lt;tr&gt;&lt;td&gt;Heading: 0.0 &lt;/td&gt;&lt;/tr&gt;
&lt;/table&gt;</desc>
        <sym>https://earth.google.com/images/kml-icons/track-directional/track-none.png</sym>
    </wpt>
    <wpt lat="38.13074" lon="128.62241">
        <ele>0.8</ele>
        <name>GPX-268</name>
        <desc>&lt;table&gt;
&lt;tr&gt;&lt;td&gt;Longitude: 128.622410 &lt;/td&gt;&lt;/tr&gt;
&lt;tr&gt;&lt;td&gt;Latitude: 38.130740 &lt;/td&gt;&lt;/tr&gt;
&lt;tr&gt;&lt;td&gt;Altitude: 2.484 ft &lt;/td&gt;&lt;/tr&gt;
&lt;tr&gt;&lt;td&gt;Heading: 333.0 &lt;/td&gt;&lt;/tr&gt;
&lt;/table&gt;</desc>
        <sym>https://earth.google.com/images/kml-icons/track-directional/track-none.png</sym>
    </wpt>
    <wpt lat="38.079026" lon="128.669767">
        <ele>9.4</ele>
        <name>GPX-14</name>
        <desc>&lt;table&gt;
&lt;tr&gt;&lt;td&gt;Longitude: 128.669767 &lt;/td&gt;&lt;/tr&gt;
&lt;tr&gt;&lt;td&gt;Latitude: 38.079026 &lt;/td&gt;&lt;/tr&gt;
&lt;tr&gt;&lt;td&gt;Altitude: 28.753 ft &lt;/td&gt;&lt;/tr&gt;
&lt;tr&gt;&lt;td&gt;Heading: 331.0 &lt;/td&gt;&lt;/tr&gt;
&lt;/table&gt;</desc>
        <sym>https://earth.google.com/images/kml-icons/track-directional/track-none.png</sym>
    </wpt>
    <wpt lat="38.10051" lon="128.65057">
        <ele>3.1</ele>
        <name>GPX-95</name>
        <desc>&lt;table&gt;
&lt;tr&gt;&lt;td&gt;Longitude: 128.650570 &lt;/td&gt;&lt;/tr&gt;
&lt;tr&gt;&lt;td&gt;Latitude: 38.100510 &lt;/td&gt;&lt;/tr&gt;
&lt;tr&gt;&lt;td&gt;Altitude: 10.213 ft &lt;/td&gt;&lt;/tr&gt;
&lt;tr&gt;&lt;td&gt;Heading: 301.2 &lt;/td&gt;&lt;/tr&gt;
&lt;/table&gt;</desc>
        <sym>https://earth.google.com/images/kml-icons/track-directional/track-none.png</sym>
    </wpt>
    <wpt lat="38.153222513" lon="128.608160352">
        <ele>0.7</ele>
        <name>GPX-365</name>
        <desc>&lt;table&gt;
&lt;tr&gt;&lt;td&gt;Longitude: 128.607850 &lt;/td&gt;&lt;/tr&gt;
&lt;tr&gt;&lt;td&gt;Latitude: 38.153290 &lt;/td&gt;&lt;/tr&gt;
&lt;tr&gt;&lt;td&gt;Altitude: 6.010 ft &lt;/td&gt;&lt;/tr&gt;
&lt;tr&gt;&lt;td&gt;Heading: 8.9 &lt;/td&gt;&lt;/tr&gt;
&lt;/table&gt;</desc>
        <sym>https://earth.google.com/images/kml-icons/track-directional/track-none.png</sym>
    </wpt>
    <wpt lat="38.15837" lon="128.60912">
        <ele>7.6</ele>
        <name>GPX-383</name>
        <desc>&lt;table&gt;
&lt;tr&gt;&lt;td&gt;Longitude: 128.609120 &lt;/td&gt;&lt;/tr&gt;
&lt;tr&gt;&lt;td&gt;Latitude: 38.158370 &lt;/td&gt;&lt;/tr&gt;
&lt;tr&gt;&lt;td&gt;Altitude: 24.902 ft &lt;/td&gt;&lt;/tr&gt;
&lt;tr&gt;&lt;td&gt;Heading: 347.3 &lt;/td&gt;&lt;/tr&gt;
&lt;/table&gt;</desc>
        <sym>https://earth.google.com/images/kml-icons/track-directional/track-none.png</sym>
    </wpt>
    <wpt lat="38.11922" lon="128.62877">
        <ele>4.0</ele>
        <name>GPX-209</name>
        <desc>&lt;table&gt;
&lt;tr&gt;&lt;td&gt;Longitude: 128.628770 &lt;/td&gt;&lt;/tr&gt;
&lt;tr&gt;&lt;td&gt;Latitude: 38.119220 &lt;/td&gt;&lt;/tr&gt;
&lt;tr&gt;&lt;td&gt;Altitude: 13.123 ft &lt;/td&gt;&lt;/tr&gt;
&lt;tr&gt;&lt;td&gt;Heading: 243.4 &lt;/td&gt;&lt;/tr&gt;
&lt;/table&gt;</desc>
        <sym>https://earth.google.com/images/kml-icons/track-directional/track-none.png</sym>
    </wpt>
    <wpt lat="38.140085" lon="128.614465">
        <ele>5.7</ele>
        <name>GPX-312</name>
        <desc>&lt;table&gt;
&lt;tr&gt;&lt;td&gt;Longitude: 128.614465 &lt;/td&gt;&lt;/tr&gt;
&lt;tr&gt;&lt;td&gt;Latitude: 38.140085 &lt;/td&gt;&lt;/tr&gt;
&lt;tr&gt;&lt;td&gt;Altitude: 17.029 ft &lt;/td&gt;&lt;/tr&gt;
&lt;tr&gt;&lt;td&gt;Heading: 327.7 &lt;/td&gt;&lt;/tr&gt;
&lt;/table&gt;</desc>
        <sym>https://earth.google.com/images/kml-icons/track-directional/track-none.png</sym>
    </wpt>
    <wpt lat="38.12946" lon="128.62301">
        <ele>2.8</ele>
        <name>GPX-263</name>
        <desc>&lt;table&gt;
&lt;tr&gt;&lt;td&gt;Longitude: 128.623010 &lt;/td&gt;&lt;/tr&gt;
&lt;tr&gt;&lt;td&gt;Latitude: 38.129460 &lt;/td&gt;&lt;/tr&gt;
&lt;tr&gt;&lt;td&gt;Altitude: 9.321 ft &lt;/td&gt;&lt;/tr&gt;
&lt;tr&gt;&lt;td&gt;Heading: 321.8 &lt;/td&gt;&lt;/tr&gt;
&lt;/table&gt;</desc>
        <sym>https://earth.google.com/images/kml-icons/track-directional/track-none.png</sym>
    </wpt>
    <wpt lat="38.102213" lon="128.64327">
        <ele>0.0</ele>
        <name>GPX-113</name>
        <desc>&lt;table&gt;
&lt;tr&gt;&lt;td&gt;Longitude: 128.643270 &lt;/td&gt;&lt;/tr&gt;
&lt;tr&gt;&lt;td&gt;Latitude: 38.102213 &lt;/td&gt;&lt;/tr&gt;
&lt;tr&gt;&lt;td&gt;Heading: 283.1 &lt;/td&gt;&lt;/tr&gt;
&lt;/table&gt;</desc>
        <sym>https://earth.google.com/images/kml-icons/track-directional/track-none.png</sym>
    </wpt>
    <wpt lat="38.14912" lon="128.60888">
        <ele>3.2</ele>
        <name>GPX-347</name>
        <desc>&lt;table&gt;
&lt;tr&gt;&lt;td&gt;Longitude: 128.608880 &lt;/td&gt;&lt;/tr&gt;
&lt;tr&gt;&lt;td&gt;Latitude: 38.149120 &lt;/td&gt;&lt;/tr&gt;
&lt;tr&gt;&lt;td&gt;Altitude: 10.482 ft &lt;/td&gt;&lt;/tr&gt;
&lt;tr&gt;&lt;td&gt;Heading: 336.9 &lt;/td&gt;&lt;/tr&gt;
&lt;/table&gt;</desc>
        <sym>https://earth.google.com/images/kml-icons/track-directional/track-none.png</sym>
    </wpt>
    <wpt lat="38.078709" lon="128.671661">
        <ele>6.4</ele>
        <name>GPX-8</name>
        <desc>&lt;table&gt;
&lt;tr&gt;&lt;td&gt;Longitude: 128.671661 &lt;/td&gt;&lt;/tr&gt;
&lt;tr&gt;&lt;td&gt;Latitude: 38.078709 &lt;/td&gt;&lt;/tr&gt;
&lt;tr&gt;&lt;td&gt;Altitude: 20.906 ft &lt;/td&gt;&lt;/tr&gt;
&lt;tr&gt;&lt;td&gt;Heading: 318.3 &lt;/td&gt;&lt;/tr&gt;
&lt;/table&gt;</desc>
        <sym>https://earth.google.com/images/kml-icons/track-directional/track-none.png</sym>
    </wpt>
    <wpt lat="38.122145" lon="128.6223">
        <ele>27.1</ele>
        <name>GPX-229</name>
        <desc>&lt;table&gt;
&lt;tr&gt;&lt;td&gt;Longitude: 128.622300 &lt;/td&gt;&lt;/tr&gt;
&lt;tr&gt;&lt;td&gt;Latitude: 38.122145 &lt;/td&gt;&lt;/tr&gt;
&lt;tr&gt;&lt;td&gt;Altitude: 87.948 ft &lt;/td&gt;&lt;/tr&gt;
&lt;tr&gt;&lt;td&gt;Heading: 330.0 &lt;/td&gt;&lt;/tr&gt;
&lt;/table&gt;</desc>
        <sym>https://earth.google.com/images/kml-icons/track-directional/track-none.png</sym>
    </wpt>
    <wpt lat="38.142157" lon="128.61308">
        <ele>3.1</ele>
        <name>GPX-321</name>
        <desc>&lt;table&gt;
&lt;tr&gt;&lt;td&gt;Longitude: 128.613080 &lt;/td&gt;&lt;/tr&gt;
&lt;tr&gt;&lt;td&gt;Latitude: 38.142157 &lt;/td&gt;&lt;/tr&gt;
&lt;tr&gt;&lt;td&gt;Altitude: 11.106 ft &lt;/td&gt;&lt;/tr&gt;
&lt;tr&gt;&lt;td&gt;Heading: 329.1 &lt;/td&gt;&lt;/tr&gt;
&lt;/table&gt;</desc>
        <sym>https://earth.google.com/images/kml-icons/track-directional/track-none.png</sym>
    </wpt>
    <wpt lat="38.13956" lon="128.61504">
        <ele>2.9</ele>
        <name>GPX-307</name>
        <desc>&lt;table&gt;
&lt;tr&gt;&lt;td&gt;Longitude: 128.615040 &lt;/td&gt;&lt;/tr&gt;
&lt;tr&gt;&lt;td&gt;Latitude: 38.139560 &lt;/td&gt;&lt;/tr&gt;
&lt;tr&gt;&lt;td&gt;Altitude: 9.449 ft &lt;/td&gt;&lt;/tr&gt;
&lt;tr&gt;&lt;td&gt;Heading: 328.7 &lt;/td&gt;&lt;/tr&gt;
&lt;/table&gt;</desc>
        <sym>https://earth.google.com/images/kml-icons/track-directional/track-none.png</sym>
    </wpt>
    <wpt lat="38.109521651" lon="128.641770541">
        <ele>0.5</ele>
        <name>GPX-147</name>
        <desc>&lt;table&gt;
&lt;tr&gt;&lt;td&gt;Longitude: 128.640570 &lt;/td&gt;&lt;/tr&gt;
&lt;tr&gt;&lt;td&gt;Latitude: 38.110250 &lt;/td&gt;&lt;/tr&gt;
&lt;tr&gt;&lt;td&gt;Altitude: 3.593 ft &lt;/td&gt;&lt;/tr&gt;
&lt;tr&gt;&lt;td&gt;Heading: 326.5 &lt;/td&gt;&lt;/tr&gt;
&lt;/table&gt;</desc>
        <sym>https://earth.google.com/images/kml-icons/track-directional/track-none.png</sym>
    </wpt>
    <wpt lat="38.094251749" lon="128.658624662">
        <ele>0.0</ele>
        <name>GPX-71</name>
        <desc>&lt;table&gt;
&lt;tr&gt;&lt;td&gt;Longitude: 128.657000 &lt;/td&gt;&lt;/tr&gt;
&lt;tr&gt;&lt;td&gt;Latitude: 38.093880 &lt;/td&gt;&lt;/tr&gt;
&lt;tr&gt;&lt;td&gt;Heading: 320.9 &lt;/td&gt;&lt;/tr&gt;
&lt;/table&gt;</desc>
        <sym>https://earth.google.com/images/kml-icons/track-directional/track-none.png</sym>
    </wpt>
    <wpt lat="38.14453" lon="128.61177">
        <ele>5.1</ele>
        <name>GPX-329</name>
        <desc>&lt;table&gt;
&lt;tr&gt;&lt;td&gt;Longitude: 128.611770 &lt;/td&gt;&lt;/tr&gt;
&lt;tr&gt;&lt;td&gt;Latitude: 38.144530 &lt;/td&gt;&lt;/tr&gt;
&lt;tr&gt;&lt;td&gt;Altitude: 16.867 ft &lt;/td&gt;&lt;/tr&gt;
&lt;tr&gt;&lt;td&gt;Heading: 337.9 &lt;/td&gt;&lt;/tr&gt;
&lt;/table&gt;</desc>
        <sym>https://earth.google.com/images/kml-icons/track-directional/track-none.png</sym>
    </wpt>
    <wpt lat="38.10254" lon="128.64167">
        <ele>0.0</ele>
        <name>GPX-117</name>
        <desc>&lt;table&gt;
&lt;tr&gt;&lt;td&gt;Longitude: 128.641670 &lt;/td&gt;&lt;/tr&gt;
&lt;tr&gt;&lt;td&gt;Latitude: 38.102540 &lt;/td&gt;&lt;/tr&gt;
&lt;tr&gt;&lt;td&gt;Heading: 286.0 &lt;/td&gt;&lt;/tr&gt;
&lt;/table&gt;</desc>
        <sym>https://earth.google.com/images/kml-icons/track-directional/track-none.png</sym>
    </wpt>
    <wpt lat="38.098723" lon="128.6527">
        <ele>1.1</ele>
        <name>GPX-87</name>
        <desc>&lt;table&gt;
&lt;tr&gt;&lt;td&gt;Longitude: 128.652700 &lt;/td&gt;&lt;/tr&gt;
&lt;tr&gt;&lt;td&gt;Latitude: 38.098723 &lt;/td&gt;&lt;/tr&gt;
&lt;tr&gt;&lt;td&gt;Altitude: 4.263 ft &lt;/td&gt;&lt;/tr&gt;
&lt;tr&gt;&lt;td&gt;Heading: 323.4 &lt;/td&gt;&lt;/tr&gt;
&lt;/table&gt;</desc>
        <sym>https://earth.google.com/images/kml-icons/track-directional/track-none.png</sym>
    </wpt>
    <wpt lat="38.08553" lon="128.66473">
        <ele>4.8</ele>
        <name>GPX-37</name>
        <desc>&lt;table&gt;
&lt;tr&gt;&lt;td&gt;Longitude: 128.664730 &lt;/td&gt;&lt;/tr&gt;
&lt;tr&gt;&lt;td&gt;Latitude: 38.085530 &lt;/td&gt;&lt;/tr&gt;
&lt;tr&gt;&lt;td&gt;Altitude: 15.673 ft &lt;/td&gt;&lt;/tr&gt;
&lt;tr&gt;&lt;td&gt;Heading: 341.1 &lt;/td&gt;&lt;/tr&gt;
&lt;/table&gt;</desc>
        <sym>https://earth.google.com/images/kml-icons/track-directional/track-none.png</sym>
    </wpt>
    <wpt lat="38.13528" lon="128.61954">
        <ele>5.9</ele>
        <name>GPX-289</name>
        <desc>&lt;table&gt;
&lt;tr&gt;&lt;td&gt;Longitude: 128.619540 &lt;/td&gt;&lt;/tr&gt;
&lt;tr&gt;&lt;td&gt;Latitude: 38.135280 &lt;/td&gt;&lt;/tr&gt;
&lt;tr&gt;&lt;td&gt;Altitude: 19.216 ft &lt;/td&gt;&lt;/tr&gt;
&lt;tr&gt;&lt;td&gt;Heading: 318.0 &lt;/td&gt;&lt;/tr&gt;
&lt;/table&gt;</desc>
        <sym>https://earth.google.com/images/kml-icons/track-directional/track-none.png</sym>
    </wpt>
    <wpt lat="38.082088" lon="128.666827">
        <ele>5.1</ele>
        <name>GPX-25</name>
        <desc>&lt;table&gt;
&lt;tr&gt;&lt;td&gt;Longitude: 128.666827 &lt;/td&gt;&lt;/tr&gt;
&lt;tr&gt;&lt;td&gt;Latitude: 38.082088 &lt;/td&gt;&lt;/tr&gt;
&lt;tr&gt;&lt;td&gt;Altitude: 16.650 ft &lt;/td&gt;&lt;/tr&gt;
&lt;tr&gt;&lt;td&gt;Heading: 320.4 &lt;/td&gt;&lt;/tr&gt;
&lt;/table&gt;</desc>
        <sym>https://earth.google.com/images/kml-icons/track-directional/track-none.png</sym>
    </wpt>
    <wpt lat="38.132046" lon="128.621557">
        <ele>0.0</ele>
        <name>GPX-274</name>
        <desc>&lt;table&gt;
&lt;tr&gt;&lt;td&gt;Longitude: 128.621557 &lt;/td&gt;&lt;/tr&gt;
&lt;tr&gt;&lt;td&gt;Latitude: 38.132046 &lt;/td&gt;&lt;/tr&gt;
&lt;tr&gt;&lt;td&gt;Heading: 336.0 &lt;/td&gt;&lt;/tr&gt;
&lt;/table&gt;</desc>
        <sym>https://earth.google.com/images/kml-icons/track-directional/track-none.png</sym>
    </wpt>
    <wpt lat="38.09134" lon="128.65996">
        <ele>2.6</ele>
        <name>GPX-60</name>
        <desc>&lt;table&gt;
&lt;tr&gt;&lt;td&gt;Longitude: 128.659960 &lt;/td&gt;&lt;/tr&gt;
&lt;tr&gt;&lt;td&gt;Latitude: 38.091340 &lt;/td&gt;&lt;/tr&gt;
&lt;tr&gt;&lt;td&gt;Altitude: 8.488 ft &lt;/td&gt;&lt;/tr&gt;
&lt;tr&gt;&lt;td&gt;Heading: 328.1 &lt;/td&gt;&lt;/tr&gt;
&lt;/table&gt;</desc>
        <sym>https://earth.google.com/images/kml-icons/track-directional/track-none.png</sym>
    </wpt>
    <wpt lat="38.10768" lon="128.64078">
        <ele>2.0</ele>
        <name>GPX-137</name>
        <desc>&lt;table&gt;
&lt;tr&gt;&lt;td&gt;Longitude: 128.640780 &lt;/td&gt;&lt;/tr&gt;
&lt;tr&gt;&lt;td&gt;Latitude: 38.107680 &lt;/td&gt;&lt;/tr&gt;
&lt;tr&gt;&lt;td&gt;Altitude: 6.562 ft &lt;/td&gt;&lt;/tr&gt;
&lt;tr&gt;&lt;td&gt;Heading: 21.5 &lt;/td&gt;&lt;/tr&gt;
&lt;/table&gt;</desc>
        <sym>https://earth.google.com/images/kml-icons/track-directional/track-none.png</sym>
    </wpt>
    <wpt lat="38.120006582" lon="128.631674948">
        <ele>1.9</ele>
        <name>GPX-190</name>
        <desc>&lt;table&gt;
&lt;tr&gt;&lt;td&gt;Longitude: 128.631498 &lt;/td&gt;&lt;/tr&gt;
&lt;tr&gt;&lt;td&gt;Latitude: 38.120095 &lt;/td&gt;&lt;/tr&gt;
&lt;tr&gt;&lt;td&gt;Altitude: 8.799 ft &lt;/td&gt;&lt;/tr&gt;
&lt;tr&gt;&lt;td&gt;Heading: 321.5 &lt;/td&gt;&lt;/tr&gt;
&lt;/table&gt;</desc>
        <sym>https://earth.google.com/images/kml-icons/track-directional/track-none.png</sym>
    </wpt>
    <wpt lat="38.123662" lon="128.621431">
        <ele>35.6</ele>
        <name>GPX-234</name>
        <desc>&lt;table&gt;
&lt;tr&gt;&lt;td&gt;Longitude: 128.621431 &lt;/td&gt;&lt;/tr&gt;
&lt;tr&gt;&lt;td&gt;Latitude: 38.123662 &lt;/td&gt;&lt;/tr&gt;
&lt;tr&gt;&lt;td&gt;Altitude: 114.738 ft &lt;/td&gt;&lt;/tr&gt;
&lt;tr&gt;&lt;td&gt;Heading: 348.7 &lt;/td&gt;&lt;/tr&gt;
&lt;/table&gt;</desc>
        <sym>https://earth.google.com/images/kml-icons/track-directional/track-none.png</sym>
    </wpt>
    <wpt lat="38.13829" lon="128.61619">
        <ele>2.8</ele>
        <name>GPX-302</name>
        <desc>&lt;table&gt;
&lt;tr&gt;&lt;td&gt;Longitude: 128.616190 &lt;/td&gt;&lt;/tr&gt;
&lt;tr&gt;&lt;td&gt;Latitude: 38.138290 &lt;/td&gt;&lt;/tr&gt;
&lt;tr&gt;&lt;td&gt;Altitude: 9.055 ft &lt;/td&gt;&lt;/tr&gt;
&lt;tr&gt;&lt;td&gt;Heading: 305.3 &lt;/td&gt;&lt;/tr&gt;
&lt;/table&gt;</desc>
        <sym>https://earth.google.com/images/kml-icons/track-directional/track-none.png</sym>
    </wpt>
    <wpt lat="38.16273" lon="128.60831">
        <ele>4.8</ele>
        <name>GPX-404</name>
        <desc>&lt;table&gt;
&lt;tr&gt;&lt;td&gt;Longitude: 128.608310 &lt;/td&gt;&lt;/tr&gt;
&lt;tr&gt;&lt;td&gt;Latitude: 38.162730 &lt;/td&gt;&lt;/tr&gt;
&lt;tr&gt;&lt;td&gt;Altitude: 15.886 ft &lt;/td&gt;&lt;/tr&gt;
&lt;tr&gt;&lt;td&gt;Heading: 321.8 &lt;/td&gt;&lt;/tr&gt;
&lt;/table&gt;</desc>
        <sym>https://earth.google.com/images/kml-icons/track-directional/track-none.png</sym>
    </wpt>
    <wpt lat="38.14105" lon="128.6139">
        <ele>4.0</ele>
        <name>GPX-317</name>
        <desc>&lt;table&gt;
&lt;tr&gt;&lt;td&gt;Longitude: 128.613900 &lt;/td&gt;&lt;/tr&gt;
&lt;tr&gt;&lt;td&gt;Latitude: 38.141050 &lt;/td&gt;&lt;/tr&gt;
&lt;tr&gt;&lt;td&gt;Altitude: 12.047 ft &lt;/td&gt;&lt;/tr&gt;
&lt;tr&gt;&lt;td&gt;Heading: 330.3 &lt;/td&gt;&lt;/tr&gt;
&lt;/table&gt;</desc>
        <sym>https://earth.google.com/images/kml-icons/track-directional/track-none.png</sym>
    </wpt>
    <wpt lat="38.120496343" lon="128.631483319">
        <ele>2.7</ele>
        <name>GPX-192</name>
        <desc>&lt;table&gt;
&lt;tr&gt;&lt;td&gt;Longitude: 128.631173 &lt;/td&gt;&lt;/tr&gt;
&lt;tr&gt;&lt;td&gt;Latitude: 38.120502 &lt;/td&gt;&lt;/tr&gt;
&lt;tr&gt;&lt;td&gt;Altitude: 15.003 ft &lt;/td&gt;&lt;/tr&gt;
&lt;tr&gt;&lt;td&gt;Heading: 318.7 &lt;/td&gt;&lt;/tr&gt;
&lt;/table&gt;</desc>
        <sym>https://earth.google.com/images/kml-icons/track-directional/track-none.png</sym>
    </wpt>
    <wpt lat="38.1019" lon="128.64494">
        <ele>0.0</ele>
        <name>GPX-109</name>
        <desc>&lt;table&gt;
&lt;tr&gt;&lt;td&gt;Longitude: 128.644940 &lt;/td&gt;&lt;/tr&gt;
&lt;tr&gt;&lt;td&gt;Latitude: 38.101900 &lt;/td&gt;&lt;/tr&gt;
&lt;tr&gt;&lt;td&gt;Heading: 281.7 &lt;/td&gt;&lt;/tr&gt;
&lt;/table&gt;</desc>
        <sym>https://earth.google.com/images/kml-icons/track-directional/track-none.png</sym>
    </wpt>
    <trk>
        <name>Path</name>
        <trkseg>
            <trkpt lat="38.077406" lon="128.674342">
                <ele>1.125</ele>
            </trkpt>
            <trkpt lat="38.07755721" lon="128.674244469">
                <ele>0.794</ele>
            </trkpt>
            <trkpt lat="38.077816258" lon="128.674069019">
                <ele>0.0</ele>
            </trkpt>
            <trkpt lat="38.07798921" lon="128.673814302">
                <ele>0.064</ele>
            </trkpt>
            <trkpt lat="38.078083909" lon="128.673676137">
                <ele>0.0</ele>
            </trkpt>
            <trkpt lat="38.078152078" lon="128.673457955">
                <ele>0.36</ele>
            </trkpt>
            <trkpt lat="38.078162069" lon="128.673451325">
                <ele>0.355</ele>
            </trkpt>
            <trkpt lat="38.078204679" lon="128.673218318">
                <ele>0.908</ele>
            </trkpt>
            <trkpt lat="38.078084905" lon="128.673011746">
                <ele>1.23</ele>
            </trkpt>
            <trkpt lat="38.078075571" lon="128.673023806">
                <ele>1.17</ele>
            </trkpt>
            <trkpt lat="38.077966097" lon="128.672862566">
                <ele>2.017</ele>
            </trkpt>
            <trkpt lat="38.078036" lon="128.672749">
                <ele>2.174</ele>
            </trkpt>
            <trkpt lat="38.078237" lon="128.672359">
                <ele>3.362</ele>
            </trkpt>
            <trkpt lat="38.078438" lon="128.671968">
                <ele>4.915</ele>
            </trkpt>
            <trkpt lat="38.078709" lon="128.671661">
                <ele>6.373</ele>
            </trkpt>
            <trkpt lat="38.078756" lon="128.671476">
                <ele>7.208</ele>
            </trkpt>
            <trkpt lat="38.078756" lon="128.671191">
                <ele>8.977</ele>
            </trkpt>
            <trkpt lat="38.078699" lon="128.670781">
                <ele>10.692</ele>
            </trkpt>
            <trkpt lat="38.078643" lon="128.67037">
                <ele>10.268</ele>
            </trkpt>
            <trkpt lat="38.078743" lon="128.669967">
                <ele>9.418</ele>
            </trkpt>
            <trkpt lat="38.079026" lon="128.669767">
                <ele>9.4</ele>
            </trkpt>
            <trkpt lat="38.07931" lon="128.669567">
                <ele>8.11</ele>
            </trkpt>
            <trkpt lat="38.079534" lon="128.669363">
                <ele>6.707</ele>
            </trkpt>
            <trkpt lat="38.079758" lon="128.669158">
                <ele>6.129</ele>
            </trkpt>
            <trkpt lat="38.080065" lon="128.668854">
                <ele>6.874</ele>
            </trkpt>
            <trkpt lat="38.080372" lon="128.668551">
                <ele>6.339</ele>
            </trkpt>
            <trkpt lat="38.080678" lon="128.668247">
                <ele>7.615</ele>
            </trkpt>
            <trkpt lat="38.080938" lon="128.667992">
                <ele>7.481</ele>
            </trkpt>
            <trkpt lat="38.081198" lon="128.667737">
                <ele>6.853</ele>
            </trkpt>
            <trkpt lat="38.081498" lon="128.667447">
                <ele>6.711</ele>
            </trkpt>
            <trkpt lat="38.081793" lon="128.667137">
                <ele>6.841</ele>
            </trkpt>
            <trkpt lat="38.082088" lon="128.666827">
                <ele>5.075</ele>
            </trkpt>
            <trkpt lat="38.082398" lon="128.666557">
                <ele>5.5</ele>
            </trkpt>
            <trkpt lat="38.082708" lon="128.666287">
                <ele>9.246</ele>
            </trkpt>
            <trkpt lat="38.082938" lon="128.666142">
                <ele>12.307</ele>
            </trkpt>
            <trkpt lat="38.083168" lon="128.665997">
                <ele>13.583</ele>
            </trkpt>
            <trkpt lat="38.083448" lon="128.66581">
                <ele>12.37</ele>
            </trkpt>
            <trkpt lat="38.083728" lon="128.665624">
                <ele>9.127</ele>
            </trkpt>
            <trkpt lat="38.084008" lon="128.665437">
                <ele>5.043</ele>
            </trkpt>
            <trkpt lat="38.08423" lon="128.66534">
                <ele>3.224</ele>
            </trkpt>
            <trkpt lat="38.08457" lon="128.66517">
                <ele>2.612</ele>
            </trkpt>
            <trkpt lat="38.08491" lon="128.665">
                <ele>2.0</ele>
            </trkpt>
            <trkpt lat="38.08522" lon="128.664865">
                <ele>2.306</ele>
            </trkpt>
            <trkpt lat="38.08553" lon="128.66473">
                <ele>4.777</ele>
            </trkpt>
            <trkpt lat="38.08576" lon="128.664645">
                <ele>7.11</ele>
            </trkpt>
            <trkpt lat="38.08599" lon="128.66456">
                <ele>9.175</ele>
            </trkpt>
            <trkpt lat="38.08633" lon="128.66439">
                <ele>10.426</ele>
            </trkpt>
            <trkpt lat="38.08667" lon="128.66422">
                <ele>10.97</ele>
            </trkpt>
            <trkpt lat="38.08699" lon="128.66405">
                <ele>9.55</ele>
            </trkpt>
            <trkpt lat="38.0873" lon="128.66383">
                <ele>7.839</ele>
            </trkpt>
            <trkpt lat="38.08752" lon="128.663635">
                <ele>8.828</ele>
            </trkpt>
            <trkpt lat="38.08774" lon="128.66344">
                <ele>9.616</ele>
            </trkpt>
            <trkpt lat="38.088035" lon="128.663115">
                <ele>9.272</ele>
            </trkpt>
            <trkpt lat="38.08833" lon="128.66279">
                <ele>6.111</ele>
            </trkpt>
            <trkpt lat="38.08846" lon="128.66255">
                <ele>3.448</ele>
            </trkpt>
            <trkpt lat="38.08847" lon="128.66255">
                <ele>3.376</ele>
            </trkpt>
            <trkpt lat="38.08875" lon="128.66218">
                <ele>1.076</ele>
            </trkpt>
            <trkpt lat="38.08908" lon="128.66181">
                <ele>2.151</ele>
            </trkpt>
            <trkpt lat="38.089275" lon="128.661635">
                <ele>2.07</ele>
            </trkpt>
            <trkpt lat="38.08947" lon="128.66146">
                <ele>2.0</ele>
            </trkpt>
            <trkpt lat="38.08976" lon="128.66123">
                <ele>2.194</ele>
            </trkpt>
            <trkpt lat="38.09003" lon="128.66102">
                <ele>2.888</ele>
            </trkpt>
            <trkpt lat="38.0903" lon="128.66081">
                <ele>3.923</ele>
            </trkpt>
            <trkpt lat="38.090605" lon="128.660555">
                <ele>4.176</ele>
            </trkpt>
            <trkpt lat="38.09091" lon="128.6603">
                <ele>4.08</ele>
            </trkpt>
            <trkpt lat="38.091125" lon="128.66013">
                <ele>2.986</ele>
            </trkpt>
            <trkpt lat="38.09134" lon="128.65996">
                <ele>2.587</ele>
            </trkpt>
            <trkpt lat="38.091655" lon="128.659645">
                <ele>0.734</ele>
            </trkpt>
            <trkpt lat="38.09197" lon="128.65933">
                <ele>0.504</ele>
            </trkpt>
            <trkpt lat="38.092155" lon="128.6591">
                <ele>1.998</ele>
            </trkpt>
            <trkpt lat="38.09234" lon="128.65887">
                <ele>2.576</ele>
            </trkpt>
            <trkpt lat="38.092525" lon="128.658625">
                <ele>1.91</ele>
            </trkpt>
            <trkpt lat="38.09271" lon="128.65838">
                <ele>2.076</ele>
            </trkpt>
            <trkpt lat="38.092935" lon="128.658075">
                <ele>1.474</ele>
            </trkpt>
            <trkpt lat="38.093238161" lon="128.657686286">
                <ele>2.0</ele>
            </trkpt>
            <trkpt lat="38.09338409" lon="128.657814854">
                <ele>1.867</ele>
            </trkpt>
            <trkpt lat="38.093555695" lon="128.658312647">
                <ele>0.444</ele>
            </trkpt>
            <trkpt lat="38.093653812" lon="128.658601089">
                <ele>0.0</ele>
            </trkpt>
            <trkpt lat="38.093660609" lon="128.658600949">
                <ele>0.0</ele>
            </trkpt>
            <trkpt lat="38.093833976" lon="128.658869115">
                <ele>0.0</ele>
            </trkpt>
            <trkpt lat="38.094063603" lon="128.65881926">
                <ele>0.0</ele>
            </trkpt>
            <trkpt lat="38.094286477" lon="128.658620689">
                <ele>0.0</ele>
            </trkpt>
            <trkpt lat="38.094442725" lon="128.658386521">
                <ele>0.0</ele>
            </trkpt>
            <trkpt lat="38.094628424" lon="128.658030913">
                <ele>0.0</ele>
            </trkpt>
            <trkpt lat="38.094812055" lon="128.657570194">
                <ele>2.0</ele>
            </trkpt>
            <trkpt lat="38.095047618" lon="128.657088003">
                <ele>2.966</ele>
            </trkpt>
            <trkpt lat="38.095108754" lon="128.656785367">
                <ele>4.573</ele>
            </trkpt>
            <trkpt lat="38.095441931" lon="128.656463386">
                <ele>4.859</ele>
            </trkpt>
            <trkpt lat="38.095738304" lon="128.656189616">
                <ele>4.755</ele>
            </trkpt>
            <trkpt lat="38.095979191" lon="128.655773428">
                <ele>5.196</ele>
            </trkpt>
            <trkpt lat="38.096041013" lon="128.655461264">
                <ele>3.661</ele>
            </trkpt>
            <trkpt lat="38.09604" lon="128.65508">
                <ele>2.288</ele>
            </trkpt>
            <trkpt lat="38.096398452" lon="128.654740298">
                <ele>3.266</ele>
            </trkpt>
            <trkpt lat="38.096644252" lon="128.654680498">
                <ele>5.352</ele>
            </trkpt>
            <trkpt lat="38.096890102" lon="128.654620569">
                <ele>7.438</ele>
            </trkpt>
            <trkpt lat="38.097172654" lon="128.654534167">
                <ele>6.501</ele>
            </trkpt>
            <trkpt lat="38.097521356" lon="128.654696121">
                <ele>5.853</ele>
            </trkpt>
            <trkpt lat="38.097781453" lon="128.654651609">
                <ele>4.241</ele>
            </trkpt>
            <trkpt lat="38.09806109" lon="128.654487403">
                <ele>3.802</ele>
            </trkpt>
            <trkpt lat="38.098238968" lon="128.654322354">
                <ele>3.558</ele>
            </trkpt>
            <trkpt lat="38.098344653" lon="128.654054057">
                <ele>3.505</ele>
            </trkpt>
            <trkpt lat="38.098271969" lon="128.653644271">
                <ele>1.901</ele>
            </trkpt>
            <trkpt lat="38.098026" lon="128.653333517">
                <ele>2.427</ele>
            </trkpt>
            <trkpt lat="38.098213" lon="128.65317">
                <ele>1.454</ele>
            </trkpt>
            <trkpt lat="38.09848" lon="128.65293">
                <ele>1.213</ele>
            </trkpt>
            <trkpt lat="38.098723" lon="128.6527">
                <ele>1.123</ele>
            </trkpt>
            <trkpt lat="38.098967" lon="128.65247">
                <ele>1.173</ele>
            </trkpt>
            <trkpt lat="38.09921" lon="128.65224">
                <ele>1.386</ele>
            </trkpt>
            <trkpt lat="38.099463" lon="128.651997">
                <ele>2.323</ele>
            </trkpt>
            <trkpt lat="38.099717" lon="128.651753">
                <ele>3.962</ele>
            </trkpt>
            <trkpt lat="38.09997" lon="128.65151">
                <ele>5.845</ele>
            </trkpt>
            <trkpt lat="38.100135" lon="128.65126">
                <ele>6.724</ele>
            </trkpt>
            <trkpt lat="38.1003" lon="128.65101">
                <ele>6.556</ele>
            </trkpt>
            <trkpt lat="38.10051" lon="128.65057">
                <ele>3.113</ele>
            </trkpt>
            <trkpt lat="38.10068" lon="128.65017">
                <ele>1.508</ele>
            </trkpt>
            <trkpt lat="38.10085" lon="128.64977">
                <ele>2.12</ele>
            </trkpt>
            <trkpt lat="38.10098" lon="128.64934">
                <ele>2.528</ele>
            </trkpt>
            <trkpt lat="38.10111" lon="128.64891">
                <ele>3.92</ele>
            </trkpt>
            <trkpt lat="38.10124" lon="128.64848">
                <ele>3.974</ele>
            </trkpt>
            <trkpt lat="38.101317" lon="128.6481">
                <ele>3.901</ele>
            </trkpt>
            <trkpt lat="38.101393" lon="128.64772">
                <ele>2.777</ele>
            </trkpt>
            <trkpt lat="38.10147" lon="128.64734">
                <ele>1.3</ele>
            </trkpt>
            <trkpt lat="38.101547" lon="128.64695">
                <ele>0.442</ele>
            </trkpt>
            <trkpt lat="38.101623" lon="128.64656">
                <ele>1.157</ele>
            </trkpt>
            <trkpt lat="38.1017" lon="128.64617">
                <ele>1.693</ele>
            </trkpt>
            <trkpt lat="38.101767" lon="128.64576">
                <ele>1.639</ele>
            </trkpt>
            <trkpt lat="38.101833" lon="128.64535">
                <ele>1.104</ele>
            </trkpt>
            <trkpt lat="38.1019" lon="128.64494">
                <ele>0.0</ele>
            </trkpt>
            <trkpt lat="38.10198" lon="128.644517">
                <ele>0.0</ele>
            </trkpt>
            <trkpt lat="38.10206" lon="128.644093">
                <ele>0.0</ele>
            </trkpt>
            <trkpt lat="38.10214" lon="128.64367">
                <ele>0.0</ele>
            </trkpt>
            <trkpt lat="38.102213" lon="128.64327">
                <ele>0.0</ele>
            </trkpt>
            <trkpt lat="38.102287" lon="128.64287">
                <ele>0.0</ele>
            </trkpt>
            <trkpt lat="38.10236" lon="128.64247">
                <ele>0.0</ele>
            </trkpt>
            <trkpt lat="38.10245" lon="128.64207">
                <ele>0.0</ele>
            </trkpt>
            <trkpt lat="38.10254" lon="128.64167">
                <ele>0.0</ele>
            </trkpt>
            <trkpt lat="38.10263" lon="128.64127">
                <ele>0.0</ele>
            </trkpt>
            <trkpt lat="38.10271" lon="128.640805">
                <ele>0.781</ele>
            </trkpt>
            <trkpt lat="38.10279" lon="128.64034">
                <ele>1.786</ele>
            </trkpt>
            <trkpt lat="38.10287" lon="128.64022">
                <ele>2.139</ele>
            </trkpt>
            <trkpt lat="38.10303" lon="128.64014">
                <ele>2.046</ele>
            </trkpt>
            <trkpt lat="38.10339" lon="128.64021">
                <ele>2.96</ele>
            </trkpt>
            <trkpt lat="38.103655" lon="128.640295">
                <ele>4.158</ele>
            </trkpt>
            <trkpt lat="38.10392" lon="128.64038">
                <ele>5.0</ele>
            </trkpt>
            <trkpt lat="38.104247" lon="128.64048">
                <ele>4.422</ele>
            </trkpt>
            <trkpt lat="38.104573" lon="128.64058">
                <ele>2.027</ele>
            </trkpt>
            <trkpt lat="38.1049" lon="128.64068">
                <ele>1.287</ele>
            </trkpt>
            <trkpt lat="38.105237" lon="128.640777">
                <ele>2.823</ele>
            </trkpt>
            <trkpt lat="38.105573" lon="128.640873">
                <ele>2.803</ele>
            </trkpt>
            <trkpt lat="38.10591" lon="128.64097">
                <ele>1.86</ele>
            </trkpt>
            <trkpt lat="38.10629" lon="128.641025">
                <ele>1.89</ele>
            </trkpt>
            <trkpt lat="38.10667" lon="128.64108">
                <ele>2.0</ele>
            </trkpt>
            <trkpt lat="38.10697" lon="128.641">
                <ele>2.055</ele>
            </trkpt>
            <trkpt lat="38.10727" lon="128.64092">
                <ele>2.258</ele>
            </trkpt>
            <trkpt lat="38.10758" lon="128.64073">
                <ele>2.0</ele>
            </trkpt>
            <trkpt lat="38.10768" lon="128.64078">
                <ele>2.0</ele>
            </trkpt>
            <trkpt lat="38.1078" lon="128.64101">
                <ele>2.08</ele>
            </trkpt>
            <trkpt lat="38.10806" lon="128.64124">
                <ele>2.545</ele>
            </trkpt>
            <trkpt lat="38.108305" lon="128.641395">
                <ele>1.956</ele>
            </trkpt>
            <trkpt lat="38.10855" lon="128.64155">
                <ele>0.84</ele>
            </trkpt>
            <trkpt lat="38.10877" lon="128.64157">
                <ele>0.696</ele>
            </trkpt>
            <trkpt lat="38.108893364" lon="128.641637774">
                <ele>0.224</ele>
            </trkpt>
            <trkpt lat="38.108882256" lon="128.641970742">
                <ele>0.935</ele>
            </trkpt>
            <trkpt lat="38.108861397" lon="128.642335594">
                <ele>0.592</ele>
            </trkpt>
            <trkpt lat="38.109057597" lon="128.642186094">
                <ele>0.5255</ele>
            </trkpt>
            <trkpt lat="38.109253821" lon="128.642036434">
                <ele>0.459</ele>
            </trkpt>
            <trkpt lat="38.109265119" lon="128.642035253">
                <ele>0.435</ele>
            </trkpt>
            <trkpt lat="38.109550348" lon="128.641760746">
                <ele>0.409</ele>
            </trkpt>
            <trkpt lat="38.109889087" lon="128.641463159">
                <ele>0.293</ele>
            </trkpt>
            <trkpt lat="38.109901684" lon="128.641467979">
                <ele>0.253</ele>
            </trkpt>
            <trkpt lat="38.11012779" lon="128.641190395">
                <ele>0.386</ele>
            </trkpt>
            <trkpt lat="38.110338793" lon="128.640975447">
                <ele>0.381</ele>
            </trkpt>
            <trkpt lat="38.110664236" lon="128.640658077">
                <ele>0.384</ele>
            </trkpt>
            <trkpt lat="38.110988066" lon="128.640359268">
                <ele>0.626</ele>
            </trkpt>
            <trkpt lat="38.11133581" lon="128.640054744">
                <ele>2.409</ele>
            </trkpt>
            <trkpt lat="38.11154121" lon="128.639854244">
                <ele>1.9155</ele>
            </trkpt>
            <trkpt lat="38.111746872" lon="128.63965372">
                <ele>1.422</ele>
            </trkpt>
            <trkpt lat="38.11208641" lon="128.639348345">
                <ele>2.177</ele>
            </trkpt>
            <trkpt lat="38.11233" lon="128.63913">
                <ele>2.919</ele>
            </trkpt>
            <trkpt lat="38.11252" lon="128.63897">
                <ele>3.051</ele>
            </trkpt>
            <trkpt lat="38.11284" lon="128.63868">
                <ele>3.194</ele>
            </trkpt>
            <trkpt lat="38.11316" lon="128.63839">
                <ele>2.496</ele>
            </trkpt>
            <trkpt lat="38.11349" lon="128.63808">
                <ele>1.193</ele>
            </trkpt>
            <trkpt lat="38.11382" lon="128.63777">
                <ele>0.255</ele>
            </trkpt>
            <trkpt lat="38.11397" lon="128.63759">
                <ele>0.0</ele>
            </trkpt>
            <trkpt lat="38.11397" lon="128.6375">
                <ele>0.0</ele>
            </trkpt>
            <trkpt lat="38.113835" lon="128.63729">
                <ele>2.363</ele>
            </trkpt>
            <trkpt lat="38.113995" lon="128.63715">
                <ele>2.511</ele>
            </trkpt>
            <trkpt lat="38.114155" lon="128.63702">
                <ele>3.644</ele>
            </trkpt>
            <trkpt lat="38.114425" lon="128.63673">
                <ele>4.712</ele>
            </trkpt>
            <trkpt lat="38.114655" lon="128.63648">
                <ele>3.999</ele>
            </trkpt>
            <trkpt lat="38.114975" lon="128.63614">
                <ele>4.607</ele>
            </trkpt>
            <trkpt lat="38.115275" lon="128.63581">
                <ele>0.569</ele>
            </trkpt>
            <trkpt lat="38.115535" lon="128.63554">
                <ele>0.703</ele>
            </trkpt>
            <trkpt lat="38.115795" lon="128.63527">
                <ele>0.694</ele>
            </trkpt>
            <trkpt lat="38.116055" lon="128.635">
                <ele>0.0</ele>
            </trkpt>
            <trkpt lat="38.116255" lon="128.63479">
                <ele>0.0</ele>
            </trkpt>
            <trkpt lat="38.11643" lon="128.63461">
                <ele>0.0</ele>
            </trkpt>
            <trkpt lat="38.116605" lon="128.63443">
                <ele>0.0</ele>
            </trkpt>
            <trkpt lat="38.116885" lon="128.63414">
                <ele>0.0</ele>
            </trkpt>
            <trkpt lat="38.1171" lon="128.63392">
                <ele>0.0</ele>
            </trkpt>
            <trkpt lat="38.117315" lon="128.6337">
                <ele>0.0</ele>
            </trkpt>
            <trkpt lat="38.117655" lon="128.63336">
                <ele>0.0</ele>
            </trkpt>
            <trkpt lat="38.118025" lon="128.63306">
                <ele>0.649</ele>
            </trkpt>
            <trkpt lat="38.118305" lon="128.63286">
                <ele>2.184</ele>
            </trkpt>
            <trkpt lat="38.11855" lon="128.63267">
                <ele>2.647</ele>
            </trkpt>
            <trkpt lat="38.118795" lon="128.63248">
                <ele>5.458</ele>
            </trkpt>
            <trkpt lat="38.119115" lon="128.63227">
                <ele>4.608</ele>
            </trkpt>
            <trkpt lat="38.119315" lon="128.63215">
                <ele>4.726</ele>
            </trkpt>
            <trkpt lat="38.119425" lon="128.63207">
                <ele>4.618</ele>
            </trkpt>
            <trkpt lat="38.119694" lon="128.631823">
                <ele>3.203</ele>
            </trkpt>
            <trkpt lat="38.119956" lon="128.631639">
                <ele>2.258</ele>
            </trkpt>
            <trkpt lat="38.120018341" lon="128.631674019">
                <ele>1.908</ele>
            </trkpt>
            <trkpt lat="38.120137766" lon="128.631661097">
                <ele>1.544</ele>
            </trkpt>
            <trkpt lat="38.120506072" lon="128.631478743">
                <ele>2.764</ele>
            </trkpt>
            <trkpt lat="38.12079608" lon="128.631326914">
                <ele>1.339</ele>
            </trkpt>
            <trkpt lat="38.121034195" lon="128.631197214">
                <ele>3.259</ele>
            </trkpt>
            <trkpt lat="38.121255915" lon="128.6311158">
                <ele>3.891</ele>
            </trkpt>
            <trkpt lat="38.121423231" lon="128.631023988">
                <ele>3.039</ele>
            </trkpt>
            <trkpt lat="38.1215914" lon="128.630925856">
                <ele>3.486</ele>
            </trkpt>
            <trkpt lat="38.121810404" lon="128.630867504">
                <ele>4.912</ele>
            </trkpt>
            <trkpt lat="38.12178706" lon="128.63058031">
                <ele>4.472</ele>
            </trkpt>
            <trkpt lat="38.121652301" lon="128.630396405">
                <ele>4.03</ele>
            </trkpt>
            <trkpt lat="38.121445614" lon="128.630287109">
                <ele>4.769</ele>
            </trkpt>
            <trkpt lat="38.121166291" lon="128.630155896">
                <ele>5.363</ele>
            </trkpt>
            <trkpt lat="38.120876" lon="128.630015">
                <ele>5.946</ele>
            </trkpt>
            <trkpt lat="38.120618" lon="128.629864">
                <ele>5.51</ele>
            </trkpt>
            <trkpt lat="38.120401" lon="128.629764">
                <ele>5.15</ele>
            </trkpt>
            <trkpt lat="38.120258" lon="128.629677">
                <ele>4.849</ele>
            </trkpt>
            <trkpt lat="38.11989" lon="128.62945">
                <ele>4.992</ele>
            </trkpt>
            <trkpt lat="38.11965" lon="128.62935">
                <ele>4.74</ele>
            </trkpt>
            <trkpt lat="38.11948" lon="128.62925">
                <ele>4.128</ele>
            </trkpt>
            <trkpt lat="38.11935" lon="128.6291">
                <ele>4.0</ele>
            </trkpt>
            <trkpt lat="38.11922" lon="128.62877">
                <ele>4.0</ele>
            </trkpt>
            <trkpt lat="38.11907" lon="128.628427">
                <ele>3.22</ele>
            </trkpt>
            <trkpt lat="38.11892" lon="128.628083">
                <ele>2.099</ele>
            </trkpt>
            <trkpt lat="38.11877" lon="128.62774">
                <ele>2.428</ele>
            </trkpt>
            <trkpt lat="38.11876" lon="128.62739">
                <ele>2.86</ele>
            </trkpt>
            <trkpt lat="38.11877" lon="128.62711">
                <ele>3.89</ele>
            </trkpt>
            <trkpt lat="38.11884" lon="128.626785">
                <ele>5.871</ele>
            </trkpt>
            <trkpt lat="38.11891" lon="128.62646">
                <ele>8.124</ele>
            </trkpt>
            <trkpt lat="38.11911" lon="128.625975">
                <ele>10.49</ele>
            </trkpt>
            <trkpt lat="38.11931" lon="128.62549">
                <ele>12.108</ele>
            </trkpt>
            <trkpt lat="38.119444" lon="128.625198">
                <ele>12.419</ele>
            </trkpt>
            <trkpt lat="38.119578" lon="128.624905">
                <ele>11.088</ele>
            </trkpt>
            <trkpt lat="38.119806" lon="128.624533">
                <ele>7.354</ele>
            </trkpt>
            <trkpt lat="38.120035" lon="128.624161">
                <ele>7.02</ele>
            </trkpt>
            <trkpt lat="38.120337" lon="128.623871">
                <ele>7.916</ele>
            </trkpt>
            <trkpt lat="38.12064" lon="128.62358">
                <ele>9.414</ele>
            </trkpt>
            <trkpt lat="38.120935" lon="128.6233">
                <ele>12.392</ele>
            </trkpt>
            <trkpt lat="38.12123" lon="128.62302">
                <ele>14.629</ele>
            </trkpt>
            <trkpt lat="38.121565" lon="128.62275">
                <ele>18.139</ele>
            </trkpt>
            <trkpt lat="38.1219" lon="128.62248">
                <ele>24.406</ele>
            </trkpt>
            <trkpt lat="38.122145" lon="128.6223">
                <ele>27.05</ele>
            </trkpt>
            <trkpt lat="38.12239" lon="128.62212">
                <ele>29.207</ele>
            </trkpt>
            <trkpt lat="38.122708" lon="128.621917">
                <ele>32.67</ele>
            </trkpt>
            <trkpt lat="38.123026" lon="128.621715">
                <ele>36.904</ele>
            </trkpt>
            <trkpt lat="38.123345" lon="128.621512">
                <ele>36.348</ele>
            </trkpt>
            <trkpt lat="38.123662" lon="128.621431">
                <ele>35.606</ele>
            </trkpt>
            <trkpt lat="38.12398" lon="128.62135">
                <ele>33.596</ele>
            </trkpt>
            <trkpt lat="38.124245" lon="128.621285">
                <ele>30.032</ele>
            </trkpt>
            <trkpt lat="38.12451" lon="128.62122">
                <ele>26.704</ele>
            </trkpt>
            <trkpt lat="38.12481" lon="128.621235">
                <ele>24.283</ele>
            </trkpt>
            <trkpt lat="38.12511" lon="128.62125">
                <ele>20.218</ele>
            </trkpt>
            <trkpt lat="38.125345" lon="128.621295">
                <ele>16.534</ele>
            </trkpt>
            <trkpt lat="38.12558" lon="128.62134">
                <ele>12.663</ele>
            </trkpt>
            <trkpt lat="38.12582" lon="128.62142">
                <ele>8.973</ele>
            </trkpt>
            <trkpt lat="38.126195" lon="128.621645">
                <ele>7.862</ele>
            </trkpt>
            <trkpt lat="38.12657" lon="128.62187">
                <ele>6.899</ele>
            </trkpt>
            <trkpt lat="38.126845" lon="128.622005">
                <ele>7.21</ele>
            </trkpt>
            <trkpt lat="38.12712" lon="128.62214">
                <ele>7.003</ele>
            </trkpt>
            <trkpt lat="38.12745" lon="128.622225">
                <ele>5.17</ele>
            </trkpt>
            <trkpt lat="38.12778" lon="128.62231">
                <ele>4.695</ele>
            </trkpt>
            <trkpt lat="38.12775" lon="128.62263">
                <ele>4.421</ele>
            </trkpt>
            <trkpt lat="38.12769" lon="128.62301">
                <ele>4.948</ele>
            </trkpt>
            <trkpt lat="38.12764" lon="128.62331">
                <ele>7.286</ele>
            </trkpt>
            <trkpt lat="38.12761" lon="128.62343">
                <ele>8.372</ele>
            </trkpt>
            <trkpt lat="38.12768" lon="128.62359">
                <ele>8.926</ele>
            </trkpt>
            <trkpt lat="38.12772" lon="128.62364">
                <ele>8.81</ele>
            </trkpt>
            <trkpt lat="38.12775" lon="128.62367">
                <ele>8.703</ele>
            </trkpt>
            <trkpt lat="38.128006" lon="128.623573">
                <ele>6.332</ele>
            </trkpt>
            <trkpt lat="38.12838" lon="128.62343">
                <ele>5.0</ele>
            </trkpt>
            <trkpt lat="38.128491" lon="128.623442">
                <ele>5.0</ele>
            </trkpt>
            <trkpt lat="38.12869" lon="128.623218">
                <ele>4.834</ele>
            </trkpt>
            <trkpt lat="38.12883" lon="128.62293">
                <ele>5.0</ele>
            </trkpt>
            <trkpt lat="38.12908" lon="128.62298">
                <ele>4.312</ele>
            </trkpt>
            <trkpt lat="38.12936" lon="128.62311">
                <ele>2.895</ele>
            </trkpt>
            <trkpt lat="38.12946" lon="128.62301">
                <ele>2.841</ele>
            </trkpt>
            <trkpt lat="38.12976" lon="128.62271">
                <ele>0.897</ele>
            </trkpt>
            <trkpt lat="38.12991" lon="128.62289">
                <ele>0.193</ele>
            </trkpt>
            <trkpt lat="38.12996" lon="128.62286">
                <ele>0.101</ele>
            </trkpt>
            <trkpt lat="38.13037" lon="128.62265">
                <ele>0.615</ele>
            </trkpt>
            <trkpt lat="38.13074" lon="128.62241">
                <ele>0.757</ele>
            </trkpt>
            <trkpt lat="38.130958" lon="128.622239">
                <ele>1.036</ele>
            </trkpt>
            <trkpt lat="38.131176" lon="128.622067">
                <ele>1.676</ele>
            </trkpt>
            <trkpt lat="38.131381" lon="128.621942">
                <ele>3.018</ele>
            </trkpt>
            <trkpt lat="38.131586" lon="128.621817">
                <ele>1.138</ele>
            </trkpt>
            <trkpt lat="38.131816" lon="128.621687">
                <ele>0.0</ele>
            </trkpt>
            <trkpt lat="38.132046" lon="128.621557">
                <ele>0.0</ele>
            </trkpt>
            <trkpt lat="38.132333" lon="128.621466">
                <ele>0.0</ele>
            </trkpt>
            <trkpt lat="38.13268" lon="128.6214">
                <ele>3.11</ele>
            </trkpt>
            <trkpt lat="38.13303" lon="128.62131">
                <ele>6.76</ele>
            </trkpt>
            <trkpt lat="38.13308" lon="128.62124">
                <ele>7.363</ele>
            </trkpt>
            <trkpt lat="38.13328" lon="128.62119">
                <ele>6.771</ele>
            </trkpt>
            <trkpt lat="38.13359" lon="128.62124">
                <ele>4.824</ele>
            </trkpt>
            <trkpt lat="38.133877" lon="128.621203">
                <ele>0.258</ele>
            </trkpt>
            <trkpt lat="38.134297" lon="128.621033">
                <ele>2.09</ele>
            </trkpt>
            <trkpt lat="38.134447" lon="128.620933">
                <ele>0.0</ele>
            </trkpt>
            <trkpt lat="38.134658" lon="128.620722">
                <ele>1.019</ele>
            </trkpt>
            <trkpt lat="38.134761" lon="128.620471">
                <ele>0.0</ele>
            </trkpt>
            <trkpt lat="38.134981" lon="128.620011">
                <ele>0.723</ele>
            </trkpt>
            <trkpt lat="38.13502" lon="128.6199">
                <ele>4.009</ele>
            </trkpt>
            <trkpt lat="38.13514" lon="128.6197">
                <ele>6.513</ele>
            </trkpt>
            <trkpt lat="38.13528" lon="128.61954">
                <ele>5.857</ele>
            </trkpt>
            <trkpt lat="38.13536" lon="128.61941">
                <ele>6.768</ele>
            </trkpt>
            <trkpt lat="38.13553" lon="128.61909">
                <ele>8.247</ele>
            </trkpt>
            <trkpt lat="38.135835" lon="128.618725">
                <ele>7.155</ele>
            </trkpt>
            <trkpt lat="38.13614" lon="128.61836">
                <ele>5.666</ele>
            </trkpt>
            <trkpt lat="38.136375" lon="128.61807">
                <ele>5.095</ele>
            </trkpt>
            <trkpt lat="38.13661" lon="128.61778">
                <ele>5.196</ele>
            </trkpt>
            <trkpt lat="38.136845" lon="128.617515">
                <ele>4.323</ele>
            </trkpt>
            <trkpt lat="38.13708" lon="128.61725">
                <ele>3.973</ele>
            </trkpt>
            <trkpt lat="38.137365" lon="128.616975">
                <ele>4.185</ele>
            </trkpt>
            <trkpt lat="38.13765" lon="128.6167">
                <ele>5.03</ele>
            </trkpt>
            <trkpt lat="38.137945" lon="128.61649">
                <ele>3.398</ele>
            </trkpt>
            <trkpt lat="38.13824" lon="128.61628">
                <ele>2.596</ele>
            </trkpt>
            <trkpt lat="38.13829" lon="128.61619">
                <ele>2.76</ele>
            </trkpt>
            <trkpt lat="38.138555" lon="128.61594">
                <ele>2.818</ele>
            </trkpt>
            <trkpt lat="38.13882" lon="128.61569">
                <ele>2.508</ele>
            </trkpt>
            <trkpt lat="38.139035" lon="128.615485">
                <ele>3.406</ele>
            </trkpt>
            <trkpt lat="38.13925" lon="128.61528">
                <ele>3.693</ele>
            </trkpt>
            <trkpt lat="38.13956" lon="128.61504">
                <ele>2.88</ele>
            </trkpt>
            <trkpt lat="38.13968" lon="128.61497">
                <ele>3.183</ele>
            </trkpt>
            <trkpt lat="38.13971" lon="128.61482">
                <ele>4.239</ele>
            </trkpt>
            <trkpt lat="38.13972" lon="128.61475">
                <ele>4.786</ele>
            </trkpt>
            <trkpt lat="38.13988" lon="128.61463">
                <ele>5.425</ele>
            </trkpt>
            <trkpt lat="38.140085" lon="128.614465">
                <ele>5.694</ele>
            </trkpt>
            <trkpt lat="38.14029" lon="128.6143">
                <ele>4.956</ele>
            </trkpt>
            <trkpt lat="38.14055" lon="128.61412">
                <ele>4.02</ele>
            </trkpt>
            <trkpt lat="38.14071" lon="128.61401">
                <ele>3.758</ele>
            </trkpt>
            <trkpt lat="38.14076" lon="128.61411">
                <ele>3.414</ele>
            </trkpt>
            <trkpt lat="38.14105" lon="128.6139">
                <ele>3.96</ele>
            </trkpt>
            <trkpt lat="38.14134" lon="128.61369">
                <ele>5.558</ele>
            </trkpt>
            <trkpt lat="38.14163" lon="128.61348">
                <ele>3.93</ele>
            </trkpt>
            <trkpt lat="38.141893" lon="128.61328">
                <ele>2.754</ele>
            </trkpt>
            <trkpt lat="38.142157" lon="128.61308">
                <ele>3.059</ele>
            </trkpt>
            <trkpt lat="38.14242" lon="128.61288">
                <ele>2.84</ele>
            </trkpt>
            <trkpt lat="38.14274" lon="128.61264">
                <ele>2.197</ele>
            </trkpt>
            <trkpt lat="38.142975" lon="128.612515">
                <ele>2.22</ele>
            </trkpt>
            <trkpt lat="38.14321" lon="128.61239">
                <ele>2.792</ele>
            </trkpt>
            <trkpt lat="38.143553" lon="128.612233">
                <ele>3.162</ele>
            </trkpt>
            <trkpt lat="38.143897" lon="128.612077">
                <ele>2.523</ele>
            </trkpt>
            <trkpt lat="38.14424" lon="128.61192">
                <ele>3.57</ele>
            </trkpt>
            <trkpt lat="38.14453" lon="128.61177">
                <ele>5.141</ele>
            </trkpt>
            <trkpt lat="38.14465" lon="128.61176">
                <ele>5.079</ele>
            </trkpt>
            <trkpt lat="38.14491" lon="128.611595">
                <ele>5.248</ele>
            </trkpt>
            <trkpt lat="38.14517" lon="128.61143">
                <ele>4.571</ele>
            </trkpt>
            <trkpt lat="38.145375" lon="128.611265">
                <ele>3.94</ele>
            </trkpt>
            <trkpt lat="38.14558" lon="128.6111">
                <ele>2.988</ele>
            </trkpt>
            <trkpt lat="38.145825" lon="128.610925">
                <ele>2.72</ele>
            </trkpt>
            <trkpt lat="38.14607" lon="128.61075">
                <ele>1.596</ele>
            </trkpt>
            <trkpt lat="38.146343" lon="128.610553">
                <ele>1.184</ele>
            </trkpt>
            <trkpt lat="38.146617" lon="128.610357">
                <ele>2.077</ele>
            </trkpt>
            <trkpt lat="38.14689" lon="128.61016">
                <ele>3.311</ele>
            </trkpt>
            <trkpt lat="38.14711" lon="128.610005">
                <ele>3.386</ele>
            </trkpt>
            <trkpt lat="38.14733" lon="128.60985">
                <ele>2.612</ele>
            </trkpt>
            <trkpt lat="38.14758" lon="128.60971">
                <ele>1.8</ele>
            </trkpt>
            <trkpt lat="38.14786" lon="128.60956">
                <ele>2.168</ele>
            </trkpt>
            <trkpt lat="38.14814" lon="128.60941">
                <ele>3.124</ele>
            </trkpt>
            <trkpt lat="38.14842" lon="128.60926">
                <ele>3.457</ele>
            </trkpt>
            <trkpt lat="38.14877" lon="128.60907">
                <ele>2.975</ele>
            </trkpt>
            <trkpt lat="38.14912" lon="128.60888">
                <ele>3.195</ele>
            </trkpt>
            <trkpt lat="38.14946" lon="128.60873">
                <ele>2.516</ele>
            </trkpt>
            <trkpt lat="38.149767" lon="128.608633">
                <ele>1.773</ele>
            </trkpt>
            <trkpt lat="38.150073" lon="128.608537">
                <ele>1.534</ele>
            </trkpt>
            <trkpt lat="38.15038" lon="128.60844">
                <ele>2.147</ele>
            </trkpt>
            <trkpt lat="38.15075" lon="128.60832">
                <ele>2.014</ele>
            </trkpt>
            <trkpt lat="38.15088" lon="128.60819">
                <ele>1.837</ele>
            </trkpt>
            <trkpt lat="38.15094" lon="128.60806">
                <ele>1.988</ele>
            </trkpt>
            <trkpt lat="38.151" lon="128.60794">
                <ele>2.0</ele>
            </trkpt>
            <trkpt lat="38.151" lon="128.60786">
                <ele>2.0</ele>
            </trkpt>
            <trkpt lat="38.15127" lon="128.60778">
                <ele>2.0</ele>
            </trkpt>
            <trkpt lat="38.15144" lon="128.60776">
                <ele>2.184</ele>
            </trkpt>
            <trkpt lat="38.15161" lon="128.60773">
                <ele>2.796</ele>
            </trkpt>
            <trkpt lat="38.15187" lon="128.60772">
                <ele>2.268</ele>
            </trkpt>
            <trkpt lat="38.1522" lon="128.60772">
                <ele>1.08</ele>
            </trkpt>
            <trkpt lat="38.15253" lon="128.60772">
                <ele>1.022</ele>
            </trkpt>
            <trkpt lat="38.152522051" lon="128.608140461">
                <ele>0.0</ele>
            </trkpt>
            <trkpt lat="38.152946431" lon="128.608141201">
                <ele>0.0</ele>
            </trkpt>
            <trkpt lat="38.15324042" lon="128.608154335">
                <ele>0.858</ele>
            </trkpt>
            <trkpt lat="38.153596606" lon="128.608280112">
                <ele>0.565</ele>
            </trkpt>
            <trkpt lat="38.153913242" lon="128.608429445">
                <ele>2.171</ele>
            </trkpt>
            <trkpt lat="38.154148485" lon="128.608580989">
                <ele>4.593</ele>
            </trkpt>
            <trkpt lat="38.154335053" lon="128.608657418">
                <ele>6.187</ele>
            </trkpt>
            <trkpt lat="38.154350452" lon="128.608656468">
                <ele>6.371</ele>
            </trkpt>
            <trkpt lat="38.154381603" lon="128.608537313">
                <ele>6.076</ele>
            </trkpt>
            <trkpt lat="38.154380808" lon="128.608515036">
                <ele>5.929</ele>
            </trkpt>
            <trkpt lat="38.154261572" lon="128.608379726">
                <ele>4.566</ele>
            </trkpt>
            <trkpt lat="38.154269767" lon="128.608224458">
                <ele>3.979</ele>
            </trkpt>
            <trkpt lat="38.154285206" lon="128.608223036">
                <ele>4.03</ele>
            </trkpt>
            <trkpt lat="38.15442" lon="128.60831">
                <ele>4.828</ele>
            </trkpt>
            <trkpt lat="38.154715" lon="128.608575">
                <ele>6.74</ele>
            </trkpt>
            <trkpt lat="38.15501" lon="128.60884">
                <ele>7.794</ele>
            </trkpt>
            <trkpt lat="38.15528" lon="128.6091">
                <ele>6.23</ele>
            </trkpt>
            <trkpt lat="38.15553" lon="128.609265">
                <ele>4.705</ele>
            </trkpt>
            <trkpt lat="38.15578" lon="128.60943">
                <ele>4.01</ele>
            </trkpt>
            <trkpt lat="38.15615" lon="128.60956">
                <ele>4.164</ele>
            </trkpt>
            <trkpt lat="38.15639" lon="128.60958">
                <ele>5.03</ele>
            </trkpt>
            <trkpt lat="38.15663" lon="128.6096">
                <ele>6.234</ele>
            </trkpt>
            <trkpt lat="38.156925" lon="128.609525">
                <ele>7.64</ele>
            </trkpt>
            <trkpt lat="38.15722" lon="128.60945">
                <ele>7.98</ele>
            </trkpt>
            <trkpt lat="38.15752" lon="128.609375">
                <ele>8.232</ele>
            </trkpt>
            <trkpt lat="38.15782" lon="128.6093">
                <ele>7.848</ele>
            </trkpt>
            <trkpt lat="38.15809" lon="128.6092">
                <ele>7.124</ele>
            </trkpt>
            <trkpt lat="38.15837" lon="128.60912">
                <ele>7.59</ele>
            </trkpt>
            <trkpt lat="38.1587" lon="128.608975">
                <ele>5.261</ele>
            </trkpt>
            <trkpt lat="38.15903" lon="128.60883">
                <ele>3.196</ele>
            </trkpt>
            <trkpt lat="38.159395" lon="128.608715">
                <ele>1.289</ele>
            </trkpt>
            <trkpt lat="38.15976" lon="128.6086">
                <ele>0.04</ele>
            </trkpt>
            <trkpt lat="38.160125" lon="128.608485">
                <ele>0.004</ele>
            </trkpt>
            <trkpt lat="38.16049" lon="128.60837">
                <ele>-1.559</ele>
            </trkpt>
            <trkpt lat="38.160755" lon="128.608295">
                <ele>-1.922</ele>
            </trkpt>
            <trkpt lat="38.16102" lon="128.60822">
                <ele>-0.382</ele>
            </trkpt>
            <trkpt lat="38.16107" lon="128.6083">
                <ele>-0.194</ele>
            </trkpt>
            <trkpt lat="38.16127" lon="128.60831">
                <ele>1.848</ele>
            </trkpt>
            <trkpt lat="38.16146" lon="128.6083">
                <ele>3.721</ele>
            </trkpt>
            <trkpt lat="38.16155" lon="128.60828">
                <ele>4.433</ele>
            </trkpt>
            <trkpt lat="38.16158" lon="128.60829">
                <ele>4.581</ele>
            </trkpt>
            <trkpt lat="38.16175" lon="128.60837">
                <ele>4.344</ele>
            </trkpt>
            <trkpt lat="38.16185" lon="128.60841">
                <ele>3.694</ele>
            </trkpt>
            <trkpt lat="38.16197" lon="128.6084">
                <ele>3.498</ele>
            </trkpt>
            <trkpt lat="38.16207" lon="128.60841">
                <ele>3.323</ele>
            </trkpt>
            <trkpt lat="38.16217" lon="128.60841">
                <ele>3.224</ele>
            </trkpt>
            <trkpt lat="38.162405" lon="128.608405">
                <ele>3.396</ele>
            </trkpt>
            <trkpt lat="38.16264" lon="128.6084">
                <ele>4.024</ele>
            </trkpt>
            <trkpt lat="38.16273" lon="128.60831">
                <ele>4.842</ele>
            </trkpt>
            <trkpt lat="38.16279" lon="128.60819">
                <ele>5.0</ele>
            </trkpt>
            <trkpt lat="38.16284" lon="128.60806">
                <ele>5.0</ele>
            </trkpt>
            <trkpt lat="38.16289" lon="128.60802">
                <ele>5.128</ele>
            </trkpt>
            <trkpt lat="38.16314" lon="128.60804">
                <ele>5.039</ele>
            </trkpt>
            <trkpt lat="38.16327" lon="128.60808">
                <ele>5.0</ele>
            </trkpt>
            <trkpt lat="38.16336" lon="128.60818">
                <ele>4.904</ele>
            </trkpt>
            <trkpt lat="38.16352" lon="128.6082">
                <ele>4.328</ele>
            </trkpt>
            <trkpt lat="38.163584806" lon="128.608441283">
                <ele>4.058</ele>
            </trkpt>
        </trkseg>
    </trk>
</gpx>
